code,type,title,lyrics,pinyin
R7-1,PnW,若有人在基督里,"我来到主座前，生命交出你掌权。
你心意向我彰显，我愿成为你荣耀的器皿。
旧事已过去是新的，恩主的爱使我重生。
现在活着不再是我，乃是基督在我里面活着。
若有人在基督里，若有人在基督里，
他是全新的人，全新的人。
现在的事全都变新了，
你是全新的人，他是全新的人。
因你为我舍己，因你为我舍己。
旧事已过，旧事已过，
全是新的，全是新的，
全是新的，全是新的。",wo lai dao zhu zuo qian sheng ming jiao chu ni zhang quan ni xin yi xiang wo zhang xian wo yuan cheng wei ni rong yao de qi min jiu shi yi guo qu shi xin de en zhu de ai shi wo chong sheng xian zai huo zhe bu zai shi wo nai shi ji du zai wo li mian huo zhe ruo you ren zai ji du li ruo you ren zai ji du li ta shi quan xin de ren quan xin de ren xian zai de shi quan dou bian xin le ni shi quan xin de ren ta shi quan xin de ren yin ni wei wo she ji yin ni wei wo she ji jiu shi yi guo jiu shi yi guo quan shi xin de quan shi xin de quan shi xin de quan shi xin de
A2-1,PnW,安静,"藏我在翅膀荫下
遮盖我在你大能手中
当大海翻腾波涛汹涌
我随你展翅暴风上空
父你仍作王在洪水中
我要安静知你是神
我灵安息在基督里
你大能使我安然信靠
当大海翻腾波涛汹涌
我随你展翅暴风上空
父你仍作王在洪水中
我要安静知你是神",cang wo zai chi bang yin xia zhe gai wo zai ni da neng shou zhong dang da hai fan teng bo tao xiong yong wo sui ni zhan chi bao feng shang kong fu ni reng zuo wang zai hong shui zhong wo yao an jing zhi ni shi shen wo ling an xi zai ji du li ni da neng shi wo an ran xin kao dang da hai fan teng bo tao xiong yong wo sui ni zhan chi bao feng shang kong fu ni reng zuo wang zai hong shui zhong wo yao an jing zhi ni shi shen
A4-1,PnW,爱的真谛,"爱是恒久忍耐，又有恩慈，爱是不嫉妒。
爱是不自夸，不张狂，不做害羞的事。
不求自己的益处，不轻易发怒。
不计算人家的恶，不喜欢不义，只喜欢真理。
凡事包容，凡事相信，凡事盼望。
凡事忍耐，凡事要忍耐，爱是永不止息。",ai shi heng jiu ren nai you you en ci ai shi bu ji du ai shi bu zi kua bu zhang kuang bu zuo hai xiu de shi bu qiu zi ji de yi chu bu qing yi fa nu bu ji suan ren jia de e bu xi huan bu yi zhi xi huan zhen li fan shi bao rong fan shi xiang xin fan shi pan wang fan shi ren nai fan shi yao ren nai ai shi yong bu zhi xi
A4-2,PnW,爱中相遇,"每一天，渴望与祢在爱中相遇。再一次，将自己完全地献给祢。唯有祢，是我的喜乐和力量，我甘愿舍弃一切跟随祢。将我全人献上当作活祭，以清洁的心，单单事奉祢；愿祢旨意成全在我的生命里，求圣灵更新，掌管我一生。
每一天，渴望与祢在爱中相遇。再一次，降服在祢大能荣耀里。唯有祢，是我的良人和恩友，我愿意一生敬拜荣耀祢。
洁净我，吸引我，快跑跟随祢，在爱中遇见祢。
洁净我，吸引我，快跑跟随祢，荣耀中敬拜祢。",mei yi tian ke wang yu mi zai ai zhong xiang yu zai yi ci jiang zi ji wan quan di xian gei mi wei you mi shi wo de xi le he li liang wo gan yuan she qi yi qie gen sui mi jiang wo quan ren xian shang dang zuo huo ji yi qing jie de xin dan dan shi feng mi yuan mi zhi yi cheng quan zai wo de sheng ming li qiu sheng ling geng xin zhang guan wo yi sheng mei yi tian ke wang yu mi zai ai zhong xiang yu zai yi ci xiang fu zai mi da neng rong yao li wei you mi shi wo de liang ren he en you wo yuan yi yi sheng jing bai rong yao mi jie jing wo xi yin wo kuai pao gen sui mi zai ai zhong yu jian mi jie jing wo xi yin wo kuai pao gen sui mi rong yao zhong jing bai mi
A4-3,PnW,爱我愿意,"十字架上的光芒，温柔又慈祥，
带着主爱的力量，向着我照亮。
我的心不再隐藏，完全的摆上，
愿主爱来浇灌我，在爱中得自由释放。

我愿意降服，我愿意降服，
在祢爱的怀抱中，我愿意降服，
祢是我的主，祢是我的主，
永远在祢怀抱中，祢是我，祢是我的主。",shi zi jia shang de guang mang wen rou you ci xiang dai zhe zhu ai de li liang xiang zhe wo zhao liang wo de xin bu zai yin cang wan quan de bai shang yuan zhu ai lai jiao guan wo zai ai zhong de zi you shi fang wo yuan yi xiang fu wo yuan yi xiang fu zai mi ai de huai bao zhong wo yuan yi xiang fu mi shi wo de zhu mi shi wo de zhu yong yuan zai mi huai bao zhong mi shi wo mi shi wo de zhu
A5-1,PnW,爱我们的家,"每个人爱它，家就有光彩，
每个人付出，家就不孤独，
每个人珍惜，家就有甜蜜，
每个人宽恕，家就有幸福。
让爱天天住你家，
让爱天天住我家，
不分日夜秋冬春夏，
全心全意爱我们的家。",mei ge ren ai ta jia jiu you guang cai mei ge ren fu chu jia jiu bu gu du mei ge ren zhen xi jia jiu you tian mi mei ge ren kuan shu jia jiu you xing fu rang ai tian tian zhu ni jia rang ai tian tian zhu wo jia bu fen ri ye qiu dong chun xia quan xin quan yi ai wo men de jia
A5-2,PnW,爱喜乐生命,"时空不能隔绝祂的爱，因祂爱我直到万代，
世界不能阻挡祂的爱，因祂爱我永不更改。
祂的爱胜过死亡阴霾，祂的爱驱走忧愁悲哀。
让主爱浇灌我们的心，喜乐泉源涌自心底，忧愁不再，我们有喜乐的生命。
让主爱充满我们的心，生命火花扬自心底，泪水不再，我们有永恒的生命。",shi kong bu neng ge jue ta de ai yin ta ai wo zhi dao wan dai shi jie bu neng zu dang ta de ai yin ta ai wo yong bu geng gai ta de ai sheng guo si wang yin mai ta de ai qu zou you chou bei ai rang zhu ai jiao guan wo men de xin xi le quan yuan yong zi xin di you chou bu zai wo men you xi le de sheng ming rang zhu ai chong man wo men de xin sheng ming huo hua yang zi xin di lei shui bu zai wo men you yong heng de sheng ming
A6-1,PnW,爱是从神而来,"上帝疼你啦
都是我爱你
不论在何时
不论在何处
不论你来自何方
爱能使你满足
爱是从神而来
爱是恒久忍耐
爱里没有惧怕
只要信靠
爱就与你同在
爱是从神而来
信了就能明白
爱是生命盼望
永不止息
因神就是爱",shang di teng ni la dou shi wo ai ni bu lun zai he shi bu lun zai he chu bu lun ni lai zi he fang ai neng shi ni man zu ai shi cong shen er lai ai shi heng jiu ren nai ai li mei you ju pa zhi yao xin kao ai jiu yu ni tong zai ai shi cong shen er lai xin le jiu neng ming bai ai shi sheng ming pan wang yong bu zhi xi yin shen jiu shi ai
A6-2,PnW,爱使我们勇敢,"勇敢去爱，不计较代价。
温暖冰冷心，像耀眼的阳光。
爱使我们得痊愈，放下固执的模样，
向前踏一步，更多靠近，更多接纳。
爱让我们原谅，我们和好。
爱让生命成长。
爱让我们靠近，学习勇敢。
被爱感动。
爱让我们拥抱；我们微笑。
爱让生命绽放。
爱让我们勇敢。
爱让我们牵起手来。",yong gan qu ai bu ji jiao dai jia wen nuan bing leng xin xiang yao yan de yang guang ai shi wo men de quan yu fang xia gu zhi de mu yang xiang qian ta yi bu geng duo kao jin geng duo jie na ai rang wo men yuan liang wo men he hao ai rang sheng ming cheng zhang ai rang wo men kao jin xue xi yong gan bei ai gan dong ai rang wo men yong bao wo men wei xiao ai rang sheng ming zhan fang ai rang wo men yong gan ai rang wo men qian qi shou lai
A8-1,PnW,爱使我们相聚一起,"爱使我们相聚一起，爱使我们相聚一起，上帝圣灵使我们心灵合一，爱使我们相聚一起。
让我们一齐高声唱，让主爱从我们开始，我们手拉手，让世界知道，爱使我们相聚一起。",ai shi wo men xiang ju yi qi ai shi wo men xiang ju yi qi shang di sheng ling shi wo men xin ling he yi ai shi wo men xiang ju yi qi rang wo men yi qi gao sheng chang rang zhu ai cong wo men kai shi wo men shou la shou rang shi jie zhi dao ai shi wo men xiang ju yi qi
B4-1,PnW,宝贵十架,"主耶稣，我感谢祢，祢的身体，为我而舍。
带我出黑暗，进入光明国度，使我再次能看见。
主耶稣，我感谢祢，祢的宝血，为我而流。
宝贵十架上，医治恩典涌流，使我完全得自由。
宝贵十架的大能赐我生命，主耶稣我俯伏敬拜祢。
宝贵十架的救恩，是祢所立的约，祢的爱永远不会改变。",zhu ye su wo gan xie mi mi de shen ti wei wo er she dai wo chu hei an jin ru guang ming guo du shi wo zai ci neng kan jian zhu ye su wo gan xie mi mi de bao xue wei wo er liu bao gui shi jia shang yi zhi en dian yong liu shi wo wan quan de zi you bao gui shi jia de da neng ci wo sheng ming zhu ye su wo fu fu jing bai mi bao gui shi jia de jiu en shi mi suo li de yue mi de ai yong yuan bu hui gai bian
B4-2,PnW,不再一样,"我们向耶和华唱新歌，全地都向祢歌唱，称颂祢的名。
天天传扬祢救恩。我们在主里合而为一，把荣耀和赞美都归于祢。
我们回转向祢，不再一样，仰望祢展翅飞翔。
不再一样，不去效法这个世界；不再一样，我们要结出圣灵的果子。
不再一样，求圣灵进入我们心中，我们要活出合神心意的生活。",wo men xiang ye he hua chang xin ge quan di dou xiang mi ge chang cheng song mi de ming tian tian chuan yang mi jiu en wo men zai zhu li he er wei yi ba rong yao he zan mei dou gui yu mi wo men hui zhuan xiang mi bu zai yi yang yang wang mi zhan chi fei xiang bu zai yi yang bu qu xiao fa zhe ge shi jie bu zai yi yang wo men yao jie chu sheng ling de guo zi bu zai yi yang qiu sheng ling jin ru wo men xin zhong wo men yao huo chu he shen xin yi de sheng huo
B5-1,PnW,爸妈谢谢你,"爸爸谢谢你，我的依靠就是你，让我无忧地成长，哪怕路上多崎岖。
妈妈谢谢你，我的希望来自你。教我追求真理，照顾我寸步不离。
天伦幸福的日子里，无怨无悔尽心力。只要我快乐健康，你就欢喜！
爸妈谢谢你，我心中充满感激。这世界变美丽，只因为有了你！
这世界变美丽，只因为有了你！",ba ba xie xie ni wo de yi kao jiu shi ni rang wo wu you di cheng zhang na pa lu shang duo qi qu ma ma xie xie ni wo de xi wang lai zi ni jiao wo zhui qiu zhen li zhao gu wo cun bu bu li tian lun xing fu de ri zi li wu yuan wu hui jin xin li zhi yao wo kuai le jian kang ni jiu huan xi ba ma xie xie ni wo xin zhong chong man gan ji zhe shi jie bian mei li zhi yin wei you le ni zhe shi jie bian mei li zhi yin wei you le ni
B5-2,PnW,奔跑不放弃,"每个狂风暴雨里，你同在在那里。每个难处低谷里，你恩典在那里。
每个伤心失望里，你爱我爱到底。在你爱的光中，我得着能力。
我爱你，用尽我全心全意全力，荣耀高举你的名，我跟随不怀疑。
我爱你，用尽我全心全意全力，在这爱的路程里，我奔跑不放弃。
四面受敌，却不被困住。心里作难，却不至失望。
至暂至轻的苦楚要成就，极重无比永远的荣耀。",mei ge kuang feng bao yu li ni tong zai zai na li mei ge nan chu di gu li ni en dian zai na li mei ge shang xin shi wang li ni ai wo ai dao di zai ni ai de guang zhong wo de zhe neng li wo ai ni yong jin wo quan xin quan yi quan li rong yao gao ju ni de ming wo gen sui bu huai yi wo ai ni yong jin wo quan xin quan yi quan li zai zhe ai de lu cheng li wo ben pao bu fang qi si mian shou di que bu bei kun zhu xin li zuo nan que bu zhi shi wang zhi zan zhi qing de ku chu yao cheng jiu ji zhong wu bi yong yuan de rong yao
B5-3,PnW,不变的应许,"耶稣！恳求你以大能覆盖我，你的话语再一次坚定我；绝望和孤单不断地追赶着我，你却是风雨中的避难所。
耶稣！唯有你了解我忧伤难过，你钉痕手安慰我，拥抱我；擦干我眼泪，医治了我的伤痛，用信心重新开启我的眼光。
耶稣！感谢你一路上牵引着我，十架的路你与我一起走过；你走在我前头，鼓励我不要退缩，因你在创世以前拣选了我。
原来哭有时，欢笑有时，过去所经历的困难，更让我看到你的信实；终于学会保留有时，放手有时，我选择相信你美好不变的应许。
你的旨意超乎我所想所求，在这时候纵使我看不透。你必引领我走进丰盛广阔之地，你恩典总够我用。
原来哭有时，欢笑有时，过去所经历的困难，更让我看到你的信实；终于学会保留有时，放手有时，我选择相信你美好不变的应许。
我生命所有都交托在你的手里。",ye su ken qiu ni yi da neng fu gai wo ni de hua yu zai yi ci jian ding wo jue wang he gu dan bu duan di zhui gan zhe wo ni que shi feng yu zhong de bi nan suo ye su wei you ni liao jie wo you shang nan guo ni ding hen shou an wei wo yong bao wo ca gan wo yan lei yi zhi le wo de shang tong yong xin xin chong xin kai qi wo de yan guang ye su gan xie ni yi lu shang qian yin zhe wo shi jia de lu ni yu wo yi qi zou guo ni zou zai wo qian tou gu li wo bu yao tui suo yin ni zai chuang shi yi qian jian xuan le wo yuan lai ku you shi huan xiao you shi guo qu suo jing li de kun nan geng rang wo kan dao ni de xin shi zhong yu xue hui bao liu you shi fang shou you shi wo xuan ze xiang xin ni mei hao bu bian de ying xu ni de zhi yi chao hu wo suo xiang suo qiu zai zhe shi hou zong shi wo kan bu tou ni bi yin ling wo zou jin feng sheng guang kuo zhi di ni en dian zong gou wo yong yuan lai ku you shi huan xiao you shi guo qu suo jing li de kun nan geng rang wo kan dao ni de xin shi zhong yu xue hui bao liu you shi fang shou you shi wo xuan ze xiang xin ni mei hao bu bian de ying xu wo sheng ming suo you dou jiao tuo zai ni de shou li
B6-1,PnW,把冷漠变成爱,"你的眼是否被太多美丽的事物迷惑
你的心是否被太多纷杂的世俗绑锁
分些关怀给角落中受伤的灵魂
分些爱给那些不起眼的面孔
以基督的心为心，以他的眼看世界
你身边的人需要你我把冷漠变成爱
以基督的心为心，以他的眼看世界
这世界需要你我把冷漠变成爱",ni de yan shi fou bei tai duo mei li de shi wu mi huo ni de xin shi fou bei tai duo fen za de shi su bang suo fen xie guan huai gei jiao luo zhong shou shang de ling hun fen xie ai gei na xie bu qi yan de mian kong yi ji du de xin wei xin yi ta de yan kan shi jie ni shen bian de ren xu yao ni wo ba leng mo bian cheng ai yi ji du de xin wei xin yi ta de yan kan shi jie zhe shi jie xu yao ni wo ba leng mo bian cheng ai
B7-1,PnW,把最好献给祢,"主耶稣我爱你 把你话语藏心底
主耶稣我爱你 从没人能和你比
用我口赞扬你 用我手服侍你
献我心敬拜你 献我身荣耀你
主耶稣我爱你 把你话语藏心底
主耶稣我爱你 把最好的献给你",zhu ye su wo ai ni ba ni hua yu cang xin di zhu ye su wo ai ni cong mei ren neng he ni bi yong wo kou zan yang ni yong wo shou fu shi ni xian wo xin jing bai ni xian wo shen rong yao ni zhu ye su wo ai ni ba ni hua yu cang xin di zhu ye su wo ai ni ba zui hao de xian gei ni
C4-1,PnW,常常喜乐,"常常喜乐，向主高歌，不论环境如何。高山或低谷，主都看顾，相信就能蒙福。常常祷告，耐心等候，主做事有定时。流泪撒种必欢呼收割，相信就有喜乐。
下垂的手再一次举起来，封闭的心再一次敞开，抛开一切忧虑，放下一切重担，来到主的面前，我喜乐满怀。冰冷的心被主爱来温暖，干渴的灵被主爱充满。主是我的力量，主是我的高台，死荫幽谷一路有耶稣陪伴，他永不离开！",chang chang xi le xiang zhu gao ge bu lun huan jing ru he gao shan huo di gu zhu dou kan gu xiang xin jiu neng meng fu chang chang dao gao nai xin deng hou zhu zuo shi you ding shi liu lei sa zhong bi huan hu shou ge xiang xin jiu you xi le xia chui de shou zai yi ci ju qi lai feng bi de xin zai yi ci chang kai pao kai yi qie you lv fang xia yi qie zhong dan lai dao zhu de mian qian wo xi le man huai bing leng de xin bei zhu ai lai wen nuan gan ke de ling bei zhu ai chong man zhu shi wo de li liang zhu shi wo de gao tai si yin you gu yi lu you ye su pei ban ta yong bu li kai
C4-2,PnW,超越一切,"超越众权能
超越众王
超越天地
和一切被造的
超越众人的智慧和道路
是祢创造宇宙和万物
超越众王国
超越权势
超越世人理解的奇妙知识
超越世上的珍宝和财富
祢的宝贵无人能测度
钉十架
被埋在石洞里
牺牲自己
孤独地被唾弃
像玫瑰
被践踏在地
为我受害
祢顾念我
超越一切",chao yue zhong quan neng chao yue zhong wang chao yue tian di he yi qie bei zao de chao yue zhong ren de zhi hui he dao lu shi mi chuang zao yu zhou he wan wu chao yue zhong wang guo chao yue quan shi chao yue shi ren li jie de qi miao zhi shi chao yue shi shang de zhen bao he cai fu mi de bao gui wu ren neng ce duo ding shi jia bei mai zai shi dong li xi sheng zi ji gu du di bei tuo qi xiang mei gui bei jian ta zai di wei wo shou hai mi gu nian wo chao yue yi qie
C4-3,PnW,除祢以外,"除你以外，在天上我还能有谁？
除你以外，在地上我别无眷恋；
除你以外，有谁能擦干我眼泪？
除你以外，有谁能带给我安慰？
虽然我的肉体和我的心肠，渐渐地衰退，
但是神是我心里的力量，是我的福份直到永远！",chu ni yi wai zai tian shang wo hai neng you shui chu ni yi wai zai di shang wo bie wu juan lian chu ni yi wai you shui neng ca gan wo yan lei chu ni yi wai you shui neng dai gei wo an wei sui ran wo de rou ti he wo de xin chang jian jian di shuai tui dan shi shen shi wo xin li de li liang shi wo de fu fen zhi dao yong yuan
C4-4,PnW,赐福与你,"愿主的恩惠慈爱与你同在，愿主的灵时时围绕；
恩典降下，赐福与你，平安喜乐天天充满你。
愿主的喜乐天天充满你。
赐福与你，赐福与你，平安喜乐天天充满你。
赐福与你，赐福与你，平安喜乐天天充满你。",yuan zhu de en hui ci ai yu ni tong zai yuan zhu de ling shi shi wei rao en dian jiang xia ci fu yu ni ping an xi le tian tian chong man ni yuan zhu de xi le tian tian chong man ni ci fu yu ni ci fu yu ni ping an xi le tian tian chong man ni ci fu yu ni ci fu yu ni ping an xi le tian tian chong man ni
C4-5,PnW,赐我自由,"赐自由的灵啊
求你来 来到我的里面
来到我的生活
赶走生活中的愁烦
驱走我心中的不安
你的灵啊在哪里
哪里就有自由
世界虽有劳苦重担
求你灵来赐我自由",ci zi you de ling a qiu ni lai lai dao wo de li mian lai dao wo de sheng huo gan zou sheng huo zhong de chou fan qu zou wo xin zhong de bu an ni de ling a zai na li na li jiu you zi you shi jie sui you lao ku zhong dan qiu ni ling lai ci wo zi you
C6-1,PnW,彩虹下的约定,"我空虚的心灵，终于不再流泪
期待这雨后，缤纷的彩虹
诉说你我的约定
我不安的脚步，终于可以停歇
主你已为我，摆设了生命的盛宴
与你有约，是永恒的约
彩虹为证，千古不变
我要高歌，为生命喜悦
万物歌颂你的慈爱，大地诉说你的恩典",wo kong xu de xin ling zhong yu bu zai liu lei qi dai zhe yu hou bin fen de cai hong su shuo ni wo de yue ding wo bu an de jiao bu zhong yu ke yi ting xie zhu ni yi wei wo bai she le sheng ming de sheng yan yu ni you yue shi yong heng de yue cai hong wei zheng qian gu bu bian wo yao gao ge wei sheng ming xi yue wan wu ge song ni de ci ai da di su shuo ni de en dian
C6-2,PnW,从早晨到夜晚,"早晨我睁开眼睛，渴望聆听祢声音；
心中思想祢的好，更多与祢来亲近。
我的主仍要歌唱，向祢唱明我心意；
敬拜化成一首歌，单单要献给祢。
从早晨到夜晚，从旷野到高山，
我要赞美祢圣名。
从早晨到夜晚，祢爱永不止息；
亲爱主，一生紧紧跟随祢。
我的主，我爱祢；
我要颂祢的爱无止息。
我的主，我爱祢；
我要颂祢的爱无止息。",zao chen wo zheng kai yan jing ke wang ling ting mi sheng yin xin zhong si xiang mi de hao geng duo yu mi lai qin jin wo de zhu reng yao ge chang xiang mi chang ming wo xin yi jing bai hua cheng yi shou ge dan dan yao xian gei mi cong zao chen dao ye wan cong kuang ye dao gao shan wo yao zan mei mi sheng ming cong zao chen dao ye wan mi ai yong bu zhi xi qin ai zhu yi sheng jin jin gen sui mi wo de zhu wo ai mi wo yao song mi de ai wu zhi xi wo de zhu wo ai mi wo yao song mi de ai wu zhi xi
C6-3,PnW,从这代到那代,"要将荣耀能力，归给耶和华祂名所当得的，荣耀归给祂，不分种族国家，齐声来颂扬，在宝座前，高举双手。
从这代到那代，万民不停赞美，从地极到地极，万民欢然献祭，从列国到列邦，荣耀崇拜祂为王，高唱哈利路亚，齐敬拜弥赛亚。
众城门，抬起头，荣耀君王将要进来，末后的荣耀大过先前的。众城门，抬起头，荣耀君王将要进来，万国敬拜如众水的声音。",yao jiang rong yao neng li gui gei ye he hua ta ming suo dang de de rong yao gui gei ta bu fen zhong zu guo jia qi sheng lai song yang zai bao zuo qian gao ju shuang shou cong zhe dai dao na dai wan min bu ting zan mei cong di ji dao di ji wan min huan ran xian ji cong lie guo dao lie bang rong yao chong bai ta wei wang gao chang ha li lu ya qi jing bai mi sai ya zhong cheng men tai qi tou rong yao jun wang jiang yao jin lai mo hou de rong yao da guo xian qian de zhong cheng men tai qi tou rong yao jun wang jiang yao jin lai wan guo jing bai ru zhong shui de sheng yin
D1-1,PnW,祷,"使我作你和平之子，
在憎恨之处播下你的爱，
在伤痕之处播下你宽恕，
在怀疑之处播下信心。

主啊，使我少为自己求，
少求受安慰，但求安慰人；
少求被了解，但求了解人；
少求被爱，但求全心付出爱。

使我作你和平之子，
在绝望之处播下你盼望，
在黑暗之处播下你光明，
在忧愁之处播下你喜乐。

主啊，使我少为自己求，
少求受安慰，但求安慰人；
少求被了解，但求了解人；
少求被爱，但求全心付出爱。

使我作你和平之子，
因宽恕我们便得赦免，
因付出我们便有所得，
因死亡我们便进入永生。

主啊，使我少为自己求，
少求受安慰，但求安慰人；
少求被了解，但求了解人；
少求被爱，但求全心付出爱。",shi wo zuo ni he ping zhi zi zai zeng hen zhi chu bo xia ni de ai zai shang hen zhi chu bo xia ni kuan shu zai huai yi zhi chu bo xia xin xin zhu a shi wo shao wei zi ji qiu shao qiu shou an wei dan qiu an wei ren shao qiu bei liao jie dan qiu liao jie ren shao qiu bei ai dan qiu quan xin fu chu ai shi wo zuo ni he ping zhi zi zai jue wang zhi chu bo xia ni pan wang zai hei an zhi chu bo xia ni guang ming zai you chou zhi chu bo xia ni xi le zhu a shi wo shao wei zi ji qiu shao qiu shou an wei dan qiu an wei ren shao qiu bei liao jie dan qiu liao jie ren shao qiu bei ai dan qiu quan xin fu chu ai shi wo zuo ni he ping zhi zi yin kuan shu wo men bian de she mian yin fu chu wo men bian you suo de yin si wang wo men bian jin ru yong sheng zhu a shi wo shao wei zi ji qiu shao qiu shou an wei dan qiu an wei ren shao qiu bei liao jie dan qiu liao jie ren shao qiu bei ai dan qiu quan xin fu chu ai
D2-1,PnW,祷告,"祷告 因为我渺小
祷告 因为我知道我需要
明了 你心意对我重要
祷告 已假装不了
祷告 因为你的爱我需要
你关怀 我走过的你都明白
有些事我只想要对你说
因你比任何人都爱我
痛苦从眼中流下
我知道你为我擦
在早晨我也要来对你说
主耶稣今天我为你活
所需要的力量你天天赐给我
你恩典够我用",dao gao yin wei wo miao xiao dao gao yin wei wo zhi dao wo xu yao ming liao ni xin yi dui wo zhong yao dao gao yi jia zhuang bu liao dao gao yin wei ni de ai wo xu yao ni guan huai wo zou guo de ni dou ming bai you xie shi wo zhi xiang yao dui ni shuo yin ni bi ren he ren dou ai wo tong ku cong yan zhong liu xia wo zhi dao ni wei wo ca zai zao chen wo ye yao lai dui ni shuo zhu ye su jin tian wo wei ni huo suo xu yao de li liang ni tian tian ci gei wo ni en dian gou wo yong
D2-2,PnW,点燃,"即使旷野道路，无力淹没我的心，我要向你屈膝，更多寻求你的心意，求牵引我贴近你。
论高处低处，渴望能重新得力，倾倒你的火焰，让灰烬能再次燃起，成为焚烧的生命。
求你点燃，点燃我们起初为你火热的心，主，你打开天门，焚烧炼净我们，向我们显明你心意。
求你点燃，兴起我的生命，成为馨香的活祭，主，你彰显大能，医治释放我们，求你再次降临，点燃我的心。
圣灵如风，吹起挑旺信心，呼召因你烈火再次燃起，奔向祭坛，全然献上自己，圣灵火降临。",ji shi kuang ye dao lu wu li yan mo wo de xin wo yao xiang ni qu xi geng duo xun qiu ni de xin yi qiu qian yin wo tie jin ni lun gao chu di chu ke wang neng chong xin de li qing dao ni de huo yan rang hui jin neng zai ci ran qi cheng wei fen shao de sheng ming qiu ni dian ran dian ran wo men qi chu wei ni huo re de xin zhu ni da kai tian men fen shao lian jing wo men xiang wo men xian ming ni xin yi qiu ni dian ran xing qi wo de sheng ming cheng wei xin xiang de huo ji zhu ni zhang xian da neng yi zhi shi fang wo men qiu ni zai ci jiang lin dian ran wo de xin sheng ling ru feng chui qi tiao wang xin xin hu zhao yin ni lie huo zai ci ran qi ben xiang ji tan quan ran xian shang zi ji sheng ling huo jiang lin
D3-1,PnW,等候神,"我的心哪，你当默默无声，要专心等候神
我的救恩是从神而来，祂是我的磐石，我的得胜
我的心哪，你当默默无声，要专心等候神
我的盼望是从神而来，祂是我的帮助，我的荣耀，救主
我的高台，我必不至动摇，主是我的力量和避难所
我要时时依靠祂，我要安静等候祂，我的荣耀能力全都在乎神
安静等候祂，我的荣耀能力全都在乎神",wo de xin na ni dang mo mo wu sheng yao zhuan xin deng hou shen wo de jiu en shi cong shen er lai ta shi wo de pan shi wo de de sheng wo de xin na ni dang mo mo wu sheng yao zhuan xin deng hou shen wo de pan wang shi cong shen er lai ta shi wo de bang zhu wo de rong yao jiu zhu wo de gao tai wo bi bu zhi dong yao zhu shi wo de li liang he bi nan suo wo yao shi shi yi kao ta wo yao an jing deng hou ta wo de rong yao neng li quan dou zai hu shen an jing deng hou ta wo de rong yao neng li quan dou zai hu shen
D5-1,PnW,当你找到我,当你找到我，在生命十字路口；你靠近我，你拥抱我，从此你不放手。过去的种种全然交在你手中；你医治我，你恢复我，从此我不放手。夜再黑，心再疲惫，我仰望你至圣荣面，我已决定永不后退！你大能在我心间，我愿一生紧紧跟随！我跟随你，从高山到低谷，我跟随你，即使荆棘满布；纵然面对挑战，也有眼泪，感到疲惫，我要挣脱缠累永远不后悔！在你翅膀荫下我得保护，你话语使我生命得坚固；你应许不摇动，自始至终，永不落空，未来在你的手中我不忘初衷！当你找到我。,dang ni zhao dao wo zai sheng ming shi zi lu kou ni kao jin wo ni yong bao wo cong ci ni bu fang shou guo qu de zhong zhong quan ran jiao zai ni shou zhong ni yi zhi wo ni hui fu wo cong ci wo bu fang shou ye zai hei xin zai pi bei wo yang wang ni zhi sheng rong mian wo yi jue ding yong bu hou tui ni da neng zai wo xin jian wo yuan yi sheng jin jin gen sui wo gen sui ni cong gao shan dao di gu wo gen sui ni ji shi jing ji man bu zong ran mian dui tiao zhan ye you yan lei gan dao pi bei wo yao zheng tuo chan lei yong yuan bu hou hui zai ni chi bang yin xia wo de bao hu ni hua yu shi wo sheng ming de jian gu ni ying xu bu yao dong zi shi zhi zhong yong bu luo kong wei lai zai ni de shou zhong wo bu wang chu zhong dang ni zhao dao wo
D5-2,PnW,得胜的宣告,"信心，看见流奶与蜜之地。
信心，跟随云柱火柱带领。
甩开不信，只宣告你的话语，
在巨人面前，得胜又得胜。

盼望能力，都是耶稣的名！
平安！喜乐！无人能够夺去！
在敌人的面前，你为我摆设筵席。
这是我得胜的宣告！

得胜得胜宣告，宣告我相信将临到！
我要得胜得胜宣告，荣耀归耶稣，哈利路亚，我要唱！
得胜得胜呼喊，耶稣你为我争战！
我要得胜得胜呼喊，欢呼赞美拍手跳舞！
高唱哈利路亚，天天赞美天天唱。
我要高唱哈利路亚，我要唱！",xin xin kan jian liu nai yu mi zhi di xin xin gen sui yun zhu huo zhu dai ling shuai kai bu xin zhi xuan gao ni de hua yu zai ju ren mian qian de sheng you de sheng pan wang neng li dou shi ye su de ming ping an xi le wu ren neng gou duo qu zai di ren de mian qian ni wei wo bai she yan xi zhe shi wo de sheng de xuan gao de sheng de sheng xuan gao xuan gao wo xiang xin jiang lin dao wo yao de sheng de sheng xuan gao rong yao gui ye su ha li lu ya wo yao chang de sheng de sheng hu han ye su ni wei wo zheng zhan wo yao de sheng de sheng hu han huan hu zan mei pai shou tiao wu gao chang ha li lu ya tian tian zan mei tian tian chang wo yao gao chang ha li lu ya wo yao chang
D6-1,PnW,大山为我挪开,"虽然道路崎岖，困难险阻，但我心中知道
祢一直都在，不能明白为何，但我始终相信
祢一直都在

大山为我挪开，大海有路出来
我要大声宣告，耶稣，祢一直都在
祢手上的钉痕，彰显十架大爱
我要大声宣告，耶稣，祢一直都在
天地都会灭没，唯有祢永远不改变
哈利路亚，圣洁全能神
无人能与祢相比，所有荣耀都归于祢

宣告祢国度降临
祢旨意成全这地
兴起祢所选子民
高举祢荣耀的名",sui ran dao lu qi qu kun nan xian zu dan wo xin zhong zhi dao mi yi zhi dou zai bu neng ming bai wei he dan wo shi zhong xiang xin mi yi zhi dou zai da shan wei wo nuo kai da hai you lu chu lai wo yao da sheng xuan gao ye su mi yi zhi dou zai mi shou shang de ding hen zhang xian shi jia da ai wo yao da sheng xuan gao ye su mi yi zhi dou zai tian di du hui mie mei wei you mi yong yuan bu gai bian ha li lu ya sheng jie quan neng shen wu ren neng yu mi xiang bi suo you rong yao dou gui yu mi xuan gao mi guo du jiang lin mi zhi yi cheng quan zhe di xing qi mi suo xuan zi min gao ju mi rong yao de ming
D8-1,PnW,带我进入祢的同在,"万军耶和华，祢的居所何等可爱！我羡慕渴想祢的院宇，我心肠肉体向祢呼吁。
带我进入祢的同在，我不满足只停留现在；
带我进入祢的同在，我心渴慕祢永恒的爱。
愿祢的荣耀从天降下来，燃烧每颗爱慕祢的心；
愿祢的荣耀从天降下来，充满这地与我们相遇。",wan jun ye he hua mi de ju suo he deng ke ai wo xian mu ke xiang mi de yuan yu wo xin chang rou ti xiang mi hu yu dai wo jin ru mi de tong zai wo bu man zu zhi ting liu xian zai dai wo jin ru mi de tong zai wo xin ke mu mi yong heng de ai yuan mi de rong yao cong tian jiang xia lai ran shao mei ke ai mu mi de xin yuan mi de rong yao cong tian jiang xia lai chong man zhe di yu wo men xiang yu
D9-1,PnW,当我看见主祢的圣洁,"当我看见主祢的圣洁，
当我凝视祢的慈爱，
当四周的一切，
在祢光中成为虚空。
当我经历祢的爱之喜乐，
当我意愿在祢爱中实现，
当四周的一切，
在祢光中成为虚空。
我敬拜祢，
我敬拜祢。
我活着就是为了敬拜祢。
我敬拜祢，
我敬拜祢。
我活着就是为了敬拜祢。",dang wo kan jian zhu mi de sheng jie dang wo ning shi mi de ci ai dang si zhou de yi qie zai mi guang zhong cheng wei xu kong dang wo jing li mi de ai zhi xi le dang wo yi yuan zai mi ai zhong shi xian dang si zhou de yi qie zai mi guang zhong cheng wei xu kong wo jing bai mi wo jing bai mi wo huo zhe jiu shi wei le jing bai mi wo jing bai mi wo jing bai mi wo huo zhe jiu shi wei le jing bai mi
E4-1,PnW,恩典之路,"你是我的主，引我走正义路。
高山或低谷，都是你在保护。
万人中唯独，你爱我认识我，
永远不变的应许，这一生都是祝福。
一步又一步，这是恩典之路，
你爱、你手，将我紧紧抓住。
一步又一步，这是盼望之路，
你爱、你手，牵引我走这人生路。",ni shi wo de zhu yin wo zou zheng yi lu gao shan huo di gu dou shi ni zai bao hu wan ren zhong wei du ni ai wo ren shi wo yong yuan bu bian de ying xu zhe yi sheng dou shi zhu fu yi bu you yi bu zhe shi en dian zhi lu ni ai ni shou jiang wo jin jin zhua zhu yi bu you yi bu zhe shi pan wang zhi lu ni ai ni shou qian yin wo zou zhe ren sheng lu
E5-1,PnW,恩典的记号,"站在大海边，才发现自己是多渺小。
登上最高山，才发现天有多高。
浩瀚的宇宙中，我真的微不足道。
像灰尘，消失也没人知道。
夜空的星星，仿佛在对着我微微笑。
轻声告诉我，一切祂都看见了。
我所有挣扎，软弱和跌倒，
将成为主恩典的记号。
当我呼求，耶稣听见我的祷告。
千万人中，祂竟关心我的需要。
走过的路，有欢笑有泪水，
都留下主恩典的记号。
在风雨中，耶稣将我紧紧拥抱。
我深知道，祂是我永远的依靠。
走过的路，有欢笑有泪水，
将成为主恩典的记号。",zhan zai da hai bian cai fa xian zi ji shi duo miao xiao deng shang zui gao shan cai fa xian tian you duo gao hao han de yu zhou zhong wo zhen de wei bu zu dao xiang hui chen xiao shi ye mei ren zhi dao ye kong de xing xing fang fu zai dui zhe wo wei wei xiao qing sheng gao su wo yi qie ta dou kan jian le wo suo you zheng zha ruan ruo he die dao jiang cheng wei zhu en dian de ji hao dang wo hu qiu ye su ting jian wo de dao gao qian wan ren zhong ta jing guan xin wo de xu yao zou guo de lu you huan xiao you lei shui dou liu xia zhu en dian de ji hao zai feng yu zhong ye su jiang wo jin jin yong bao wo shen zhi dao ta shi wo yong yuan de yi kao zou guo de lu you huan xiao you lei shui jiang cheng wei zhu en dian de ji hao
F4-1,PnW,翻转地球,"阳光放射更远，走向神给的路，
我渴望祂的世界，一天比一天更好。
回应神的呼召，看见世界的需要，
感受耶稣的爱，我勇敢跳起来。

同心合一祷告，圣灵的火来焚烧，
渴望复兴来到，要见证神的荣耀。
同心合一祷告，圣灵的火来燃烧，
焚烧渴望复兴来到，要见证神的荣耀。

我要靠着圣灵翻转地球，
背起十架走入人群中。
向黑暗权势宣告：我不害怕，
因为耶稣祂已经得胜。
耶稣的恩典是够我用，
耶稣的恩典是够我用，
耶稣的恩典是够我用，
耶稣的恩典是够我用！",yang guang fang she geng yuan zou xiang shen gei de lu wo ke wang ta de shi jie yi tian bi yi tian geng hao hui ying shen de hu zhao kan jian shi jie de xu yao gan shou ye su de ai wo yong gan tiao qi lai tong xin he yi dao gao sheng ling de huo lai fen shao ke wang fu xing lai dao yao jian zheng shen de rong yao tong xin he yi dao gao sheng ling de huo lai ran shao fen shao ke wang fu xing lai dao yao jian zheng shen de rong yao wo yao kao zhe sheng ling fan zhuan di qiu bei qi shi jia zou ru ren qun zhong xiang hei an quan shi xuan gao wo bu hai pa yin wei ye su ta yi jing de sheng ye su de en dian shi gou wo yong ye su de en dian shi gou wo yong ye su de en dian shi gou wo yong ye su de en dian shi gou wo yong
F4-2,PnW,复兴圣洁,"主求祢复兴我，心中的圣洁，
为我造清洁的心，使我重新有正直的灵。
主求祢复兴我，心中的圣洁，
将我分别为圣，作祢尊贵荣耀器皿。
我将身体献上当作活祭，
一生作祢圣洁的器皿。
我将生命献上为祢而活，为祢呼吸。
我将身体献上当作活祭，
一生作祢圣洁的器皿，
一生传扬基督的圣名。",zhu qiu mi fu xing wo xin zhong de sheng jie wei wo zao qing jie de xin shi wo chong xin you zheng zhi de ling zhu qiu mi fu xing wo xin zhong de sheng jie jiang wo fen bie wei sheng zuo mi zun gui rong yao qi min wo jiang shen ti xian shang dang zuo huo ji yi sheng zuo mi sheng jie de qi min wo jiang sheng ming xian shang wei mi er huo wei mi hu xi wo jiang shen ti xian shang dang zuo huo ji yi sheng zuo mi sheng jie de qi min yi sheng chuan yang ji du de sheng ming
F5-1,PnW,凡事都能做,"信是未曾看见
依然仰望十架
信是完全交托
深知主已掌权
我靠着那加给我力量的
凡事都能做
或风浪或低谷
主平安在我心
我靠着那加给我力量的
凡事都能做
行在主的旨意
我凡事都能做",xin shi wei ceng kan jian yi ran yang wang shi jia xin shi wan quan jiao tuo shen zhi zhu yi zhang quan wo kao zhe na jia gei wo li liang de fan shi dou neng zuo huo feng lang huo di gu zhu ping an zai wo xin wo kao zhe na jia gei wo li liang de fan shi dou neng zuo xing zai zhu de zhi yi wo fan shi dou neng zuo
G3-1,PnW,感谢神,"感谢神 我今天依然有一气息
感谢神 我依然能够赞美你
感谢神 若不是你的带领
今天我会迷失在哪里
感谢神 你教我不必有一挂虑
感谢神 你为我预备所需
我先寻求你的国和义
其余的你自己为我处理
感谢神 你甚至给我你的爱子
又岂会留下什么不赐给我
倘若你不应允我所祈求
那是因你有更美的旨意
感谢神 若我身处在安稳地
感谢神 若我置身在暴风里
感谢神 因万事都互相效力
为要叫爱你的人能得益
感谢神 我一生要如此赞美
感谢神 我一生要高声颂扬
感谢神 只要我还存有气息
我要把我的感谢都归于你",gan xie shen wo jin tian yi ran you yi qi xi gan xie shen wo yi ran neng gou zan mei ni gan xie shen ruo bu shi ni de dai ling jin tian wo hui mi shi zai na li gan xie shen ni jiao wo bu bi you yi gua lv gan xie shen ni wei wo yu bei suo xu wo xian xun qiu ni de guo he yi qi yu de ni zi ji wei wo chu li gan xie shen ni shen zhi gei wo ni de ai zi you qi hui liu xia shen me bu ci gei wo tang ruo ni bu ying yun wo suo qi qiu na shi yin ni you geng mei de zhi yi gan xie shen ruo wo shen chu zai an wen di gan xie shen ruo wo zhi shen zai bao feng li gan xie shen yin wan shi dou hu xiang xiao li wei yao jiao ai ni de ren neng de yi gan xie shen wo yi sheng yao ru ci zan mei gan xie shen wo yi sheng yao gao sheng song yang gan xie shen zhi yao wo hai cun you qi xi wo yao ba wo de gan xie dou gui yu ni
G4-1,PnW,更深之处,"高举我的双手，圣灵来充满我，更深地渴求主，认识你更多。
进入你的同在，我心炙热燃烧，只为爱你，倾倒一切敬拜你。
带我进入，更深之处，带我进入，你心意深处。
带我走向，更高之处，完全献上，聆听你声音，来爱你。
从前耳闻有你，现在亲眼见你，渴望在你同在里，更多亲近。
从前耳闻有你，现在亲眼见你，渴望在你同在里，更多与你亲近。
带我",gao ju wo de shuang shou sheng ling lai chong man wo geng shen di ke qiu zhu ren shi ni geng duo jin ru ni de tong zai wo xin zhi re ran shao zhi wei ai ni qing dao yi qie jing bai ni dai wo jin ru geng shen zhi chu dai wo jin ru ni xin yi shen chu dai wo zou xiang geng gao zhi chu wan quan xian shang ling ting ni sheng yin lai ai ni cong qian er wen you ni xian zai qin yan jian ni ke wang zai ni tong zai li geng duo qin jin cong qian er wen you ni xian zai qin yan jian ni ke wang zai ni tong zai li geng duo yu ni qin jin dai wo
G5-1,PnW,感谢你耶稣,"亲爱耶稣我生命的救主 在祢面前我不住感谢
因祢先爱了我 心中有说不尽的感动
如今活着生命不属于我 将我所有交在祢手中
因祢先爱了我 我要再一次对祢说
感谢祢耶稣我的救主 祢为了我付出了所有
在十架上祢破碎的身体 给我新造的生命
感谢祢耶稣我的救主 是祢赐我生命的气息
祢给了我每一天 所需要的恩典 为祢而活
感谢祢 感谢祢 感谢祢 耶稣",qin ai ye su wo sheng ming de jiu zhu zai mi mian qian wo bu zhu gan xie yin mi xian ai le wo xin zhong you shuo bu jin de gan dong ru jin huo zhe sheng ming bu shu yu wo jiang wo suo you jiao zai mi shou zhong yin mi xian ai le wo wo yao zai yi ci dui mi shuo gan xie mi ye su wo de jiu zhu mi wei le wo fu chu le suo you zai shi jia shang mi po sui de shen ti gei wo xin zao de sheng ming gan xie mi ye su wo de jiu zhu shi mi ci wo sheng ming de qi xi mi gei le wo mei yi tian suo xu yao de en dian wei mi er huo gan xie mi gan xie mi gan xie mi ye su
G5-2,PnW,更新我心意,"更新我心意
使我能像你
更新我心意
使我能像你
主你是陶匠
我是泥土
陶我，塑造我
是我的恳求",geng xin wo xin yi shi wo neng xiang ni geng xin wo xin yi shi wo neng xiang ni zhu ni shi tao jiang wo shi ni tu tao wo su zao wo shi wo de ken qiu
G5-3,PnW,工人的祷告,"献上一生为你而活，我在此请差遣我！
虽是软弱瞎眼贫穷，你的恩典够我用。
恳求圣灵光照引领，赐下天上能力；
用神迹奇事随着我们，证实所传的道！
离了你我们不能做什么，你是葡萄树，
我们是枝子，使我们常在你里面，让活水涌流！
使我们在你的里面合一，如同你与父原为一；
在这地同心合意，奉主名兴旺福音！",xian shang yi sheng wei ni er huo wo zai ci qing chai qian wo sui shi ruan ruo xia yan pin qiong ni de en dian gou wo yong ken qiu sheng ling guang zhao yin ling ci xia tian shang neng li yong shen ji qi shi sui zhe wo men zheng shi suo chuan de dao li le ni wo men bu neng zuo shen me ni shi pu tao shu wo men shi zhi zi shi wo men chang zai ni li mian rang huo shui yong liu shi wo men zai ni de li mian he yi ru tong ni yu fu yuan wei yi zai zhe di tong xin he yi feng zhu ming xing wang fu yin
G6-1,PnW,给我清洁的心,"求你按你的慈爱怜恤我，按你的慈悲涂抹我的过犯
我知道我的罪恶在我面前，我的罪恶也常在你的眼前
神啊求你不要离我而去，再次对我显现你的荣面
不要不要掩面不顾我，求你听我的祷告
神啊求你为我造清洁的心，使我里面重新有正直的灵
不要丢弃我使我离开你的面，不要收回你的圣灵",qiu ni an ni de ci ai lian xu wo an ni de ci bei tu mo wo de guo fan wo zhi dao wo de zui e zai wo mian qian wo de zui e ye chang zai ni de yan qian shen a qiu ni bu yao li wo er qu zai ci dui wo xian xian ni de rong mian bu yao bu yao yan mian bu gu wo qiu ni ting wo de dao gao shen a qiu ni wei wo zao qing jie de xin shi wo li mian chong xin you zheng zhi de ling bu yao diu qi wo shi wo li kai ni de mian bu yao shou hui ni de sheng ling
G7-1,PnW,改变我改变世界,许多次我就像是那浮云，不知道要往哪里去。而如今我可以停止追寻，是你的爱填满我心，引领我与你同行。耶稣我想求你，来改变我的生命；使我在患难之中喜乐与刚强。耶稣我想求你，使用我来改变这个世界。赐我信心与勇气，迈向这新的世纪，愿你荣耀的国度早日降临。,xu duo ci wo jiu xiang shi na fu yun bu zhi dao yao wang na li qu er ru jin wo ke yi ting zhi zhui xun shi ni de ai tian man wo xin yin ling wo yu ni tong hang ye su wo xiang qiu ni lai gai bian wo de sheng ming shi wo zai huan nan zhi zhong xi le yu gang qiang ye su wo xiang qiu ni shi yong wo lai gai bian zhe ge shi jie ci wo xin xin yu yong qi mai xiang zhe xin de shi ji yuan ni rong yao de guo du zao ri jiang lin
G7-2,PnW,感谢祢全能十架,"主我感谢你全能十架，你亲自为我们舍命十架。
在每一天你更新我们，能够更像你，靠主十架，我们生命被改变。
何等奇妙恩，我们赞美你，你救赎我们不惜代价。
何等奇妙恩，我们赞美你，因为十架的大能。",zhu wo gan xie ni quan neng shi jia ni qin zi wei wo men she ming shi jia zai mei yi tian ni geng xin wo men neng gou geng xiang ni kao zhu shi jia wo men sheng ming bei gai bian he deng qi miao en wo men zan mei ni ni jiu shu wo men bu xi dai jia he deng qi miao en wo men zan mei ni yin wei shi jia de da neng
H2-1,PnW,回家,"亲爱耶稣，我感谢祢来到这世界。
给我盼望，给我一个永恒的家。
亲爱天父，轻声唤我回到祢面前，
不再流浪，我看到家的光。
回家，回家，回到永恒爱的家。
喜乐充满我的心，我不住赞美。
回家，回家，回到永恒爱的家。
天父张开爱的双臂，我一生属于祂。",qin ai ye su wo gan xie mi lai dao zhe shi jie gei wo pan wang gei wo yi ge yong heng de jia qin ai tian fu qing sheng huan wo hui dao mi mian qian bu zai liu lang wo kan dao jia de guang hui jia hui jia hui dao yong heng ai de jia xi le chong man wo de xin wo bu zhu zan mei hui jia hui jia hui dao yong heng ai de jia tian fu zhang kai ai de shuang bi wo yi sheng shu yu ta
H3-1,PnW,和散那,"和散那，和散那，和散那归于至高神！
和散那，和散那，和散那归于至高神！
我们齐声赞美，你至圣尊名，
权柄尊荣归主我神，
和散那归于至高神！

荣耀，荣耀，愿荣耀归万王之王！
荣耀，荣耀，愿荣耀归万王之王！
我们齐声赞美，你至圣尊名，
权柄尊荣归主我神，
愿荣耀归万王之王！",he san na he san na he san na gui yu zhi gao shen he san na he san na he san na gui yu zhi gao shen wo men qi sheng zan mei ni zhi sheng zun ming quan bing zun rong gui zhu wo shen he san na gui yu zhi gao shen rong yao rong yao yuan rong yao gui wan wang zhi wang rong yao rong yao yuan rong yao gui wan wang zhi wang wo men qi sheng zan mei ni zhi sheng zun ming quan bing zun rong gui zhu wo shen yuan rong yao gui wan wang zhi wang
H3-2,PnW,贺新年,"贺新年，祝新年
新年来，主恩添
愿大家都快乐过新年。
贺新年，祝新年
新年来，主恩添
同欢欣，同颂扬主恩典。
多少往事主都亲带领
期望从今事奉殷勤。
贺新年，祝新年
新年来，主恩添
愿大家信靠主蒙恩典。",he xin nian zhu xin nian xin nian lai zhu en tian yuan da jia dou kuai le guo xin nian he xin nian zhu xin nian xin nian lai zhu en tian tong huan xin tong song yang zhu en dian duo shao wang shi zhu dou qin dai ling qi wang cong jin shi feng yin qin he xin nian zhu xin nian xin nian lai zhu en tian yuan da jia xin kao zhu meng en dian
H4-1,PnW,何等恩典,"以真诚的心，降服在祢面前，开我心眼使我看见。
以感恩的心，领受生命活水，从祢而来的温柔谦卑。
何等恩典，祢竟然在乎我？何等恩典，祢宝血为我流？
何等恩典，祢以尊贵荣耀为我冠冕；我的嘴必充满赞美。
祢已挪去，我所有枷锁，祢已挪去，我所有重担。
祢已挪去，我所有伤悲，祢的名配得所有颂赞。",yi zhen cheng de xin xiang fu zai mi mian qian kai wo xin yan shi wo kan jian yi gan en de xin ling shou sheng ming huo shui cong mi er lai de wen rou qian bei he deng en dian mi jing ran zai hu wo he deng en dian mi bao xue wei wo liu he deng en dian mi yi zun gui rong yao wei wo guan mian wo de zui bi chong man zan mei mi yi nuo qu wo suo you jia suo mi yi nuo qu wo suo you zhong dan mi yi nuo qu wo suo you shang bei mi de ming pei de suo you song zan
H4-2,PnW,合而为一,凡事谦虚温柔忍耐，用爱心互相宽容。凡事谦虚温柔忍耐，用和平彼此联络，竭力保守圣灵所赐，合而为一的心。竭力保守圣灵所赐，合而为一的心。,fan shi qian xu wen rou ren nai yong ai xin hu xiang kuan rong fan shi qian xu wen rou ren nai yong he ping bi ci lian luo jie li bao shou sheng ling suo ci he er wei yi de xin jie li bao shou sheng ling suo ci he er wei yi de xin
H4-3,PnW,主祢真偉大,"伟大奇妙神，宇宙创造主，在你眼里，万国只像小水滴。无人与你相比。
主你真伟大，主你真伟大，深深爱我，捧我在你手心中。主你真伟大，唯一的主。
伟大奇妙神，宇宙创造主，创世之前，为我定完美计划，我一生敬拜你。",wei da qi miao shen yu zhou chuang zao zhu zai ni yan li wan guo zhi xiang xiao shui di wu ren yu ni xiang bi zhu ni zhen wei da zhu ni zhen wei da shen shen ai wo peng wo zai ni shou xin zhong zhu ni zhen wei da wei yi de zhu wei da qi miao shen yu zhou chuang zao zhu chuang shi zhi qian wei wo ding wan mei ji hua wo yi sheng jing bai ni
H7-1,PnW,哈里路亚归羔羊,"主我站立在万民之中
来自各方各族的民
属你的子民藉宝血赎回
因你爱脱离死亡
无一言语能表达我感谢
无一言语能诉尽我赞美
但是我还要扬声
尽全心全意来向你歌唱
哈利路亚，哈利路亚
哈利路亚归羔羊
哈利路亚，哈利路亚
靠主宝血我们站立
万口万族，万民和万邦
献上荣耀，献上尊贵
献上赞美归羔羊，神羔羊
主我们靠你恩典站立
靠羔羊宝血得洁净
是你的儿女领受呼召
谦卑跪下呼求
释放你能力
运行在我们中间
直到我们被改变像你
叫万国得以看见
你荣耀彰显
来敬拜你
万膝要跪拜
万口要承认
你是万有之主",zhu wo zhan li zai wan min zhi zhong lai zi ge fang ge zu de min shu ni de zi min ji bao xue shu hui yin ni ai tuo li si wang wu yi yan yu neng biao da wo gan xie wu yi yan yu neng su jin wo zan mei dan shi wo hai yao yang sheng jin quan xin quan yi lai xiang ni ge chang ha li lu ya ha li lu ya ha li lu ya gui gao yang ha li lu ya ha li lu ya kao zhu bao xue wo men zhan li wan kou wan zu wan min he wan bang xian shang rong yao xian shang zun gui xian shang zan mei gui gao yang shen gao yang zhu wo men kao ni en dian zhan li kao gao yang bao xue de jie jing shi ni de er nv ling shou hu zhao qian bei gui xia hu qiu shi fang ni neng li yun xing zai wo men zhong jian zhi dao wo men bei gai bian xiang ni jiao wan guo de yi kan jian ni rong yao zhang xian lai jing bai ni wan xi yao gui bai wan kou yao cheng ren ni shi wan you zhi zhu
H7-2,PnW,活着为要敬拜祢,"开我的眼睛，让我看见你，你荣美彰显吸引我心。
开我的耳朵，让我听见你，每句话都让我更爱你。
活着为要敬拜你，活着为要全心来爱你，俯伏在你荣耀中，你的荣美无人能及。
活着为要敬拜你，活着为要全心来爱你，永远住在你殿中，昔在今在永在的主，我爱你。
喔，我爱你，喔，全心敬拜你。
日夜不停歌唱，哈利路亚，我爱你。
喔，我爱你，喔，全心敬拜你。
日夜不停歌唱，哈利路亚，我爱你，我爱你。",kai wo de yan jing rang wo kan jian ni ni rong mei zhang xian xi yin wo xin kai wo de er duo rang wo ting jian ni mei ju hua dou rang wo geng ai ni huo zhe wei yao jing bai ni huo zhe wei yao quan xin lai ai ni fu fu zai ni rong yao zhong ni de rong mei wu ren neng ji huo zhe wei yao jing bai ni huo zhe wei yao quan xin lai ai ni yong yuan zhu zai ni dian zhong xi zai jin zai yong zai de zhu wo ai ni o wo ai ni o quan xin jing bai ni ri ye bu ting ge chang ha li lu ya wo ai ni o wo ai ni o quan xin jing bai ni ri ye bu ting ge chang ha li lu ya wo ai ni wo ai ni
J4-1,PnW,将天敞开,"将天敞开，祢的荣耀降下来
将天敞开，祢的同在降下来
将天敞开，祢的荣耀降下来
万国赞叹祢，祢是荣耀君王

天上地下，合一敬拜
欢呼耶稣基督，圣洁羔羊
荣耀归于祢
天上地下，在永恒里敬拜
哈利路亚，哈利路亚

神就在这里，我们欢迎祢
让一切焦点转向祢
神就在这里，我们欢迎祢
宝座前敬拜不停息",jiang tian chang kai mi de rong yao jiang xia lai jiang tian chang kai mi de tong zai jiang xia lai jiang tian chang kai mi de rong yao jiang xia lai wan guo zan tan mi mi shi rong yao jun wang tian shang di xia he yi jing bai huan hu ye su ji du sheng jie gao yang rong yao gui yu mi tian shang di xia zai yong heng li jing bai ha li lu ya ha li lu ya shen jiu zai zhe li wo men huan ying mi rang yi qie jiao dian zhuan xiang mi shen jiu zai zhe li wo men huan ying mi bao zuo qian jing bai bu ting xi
J5-1,PnW,尽情的微笑,"黑夜虽漫长，携手过低谷，生命的坚强如美丽音符，让永恒的爱再次包围你，让我陪伴你擦干昨日的泪水。
尽情地微笑，别害怕忧伤，勇敢地相信明天有阳光，擦干所有眼泪，你不再孤单，神必赐下重生的力量。
尽情地微笑，别失望沮丧，勇敢地打破冰冷的围墙，再次昂首踏出信心的脚步，神必陪伴你走每一步路。",hei ye sui man chang xie shou guo di gu sheng ming de jian qiang ru mei li yin fu rang yong heng de ai zai ci bao wei ni rang wo pei ban ni ca gan zuo ri de lei shui jin qing di wei xiao bie hai pa you shang yong gan di xiang xin ming tian you yang guang ca gan suo you yan lei ni bu zai gu dan shen bi ci xia chong sheng de li liang jin qing di wei xiao bie shi wang ju sang yong gan di da po bing leng de wei qiang zai ci ang shou ta chu xin xin de jiao bu shen bi pei ban ni zou mei yi bu lu
J5-2,PnW,进入祢爱里,"我们都在梦想中失去方向
我们也会为寻找爱而受伤
直到看见你爱的曙光照进我心房
不再害怕 因你已为我付上代价

你是道路 永恒的坚固磐石
你是真理 复活大能的盼望
赐我生命 愿我一生能成就你旨意
我的主 我的天父

求你充满我心 得着我的生命
唯有你能恢复我的灵 点燃我的热情
求你充满我心 得着我全部生命
使我成为你宝贵器皿 一生跟随你 进入你爱里

你是道路 永恒的坚固磐石
你是真理 复活大能的盼望
赐我生命 愿我一生能成就你旨意
我的主 我的天父",wo men dou zai meng xiang zhong shi qu fang xiang wo men ye hui wei xun zhao ai er shou shang zhi dao kan jian ni ai de shu guang zhao jin wo xin fang bu zai hai pa yin ni yi wei wo fu shang dai jia ni shi dao lu yong heng de jian gu pan shi ni shi zhen li fu huo da neng de pan wang ci wo sheng ming yuan wo yi sheng neng cheng jiu ni zhi yi wo de zhu wo de tian fu qiu ni chong man wo xin de zhe wo de sheng ming wei you ni neng hui fu wo de ling dian ran wo de re qing qiu ni chong man wo xin de zhe wo quan bu sheng ming shi wo cheng wei ni bao gui qi min yi sheng gen sui ni jin ru ni ai li ni shi dao lu yong heng de jian gu pan shi ni shi zhen li fu huo da neng de pan wang ci wo sheng ming yuan wo yi sheng neng cheng jiu ni zhi yi wo de zhu wo de tian fu
J5-3,PnW,救赎的恩典,每当我拿起这饼，我记念祢，亲爱耶稣。十架上，祢换回我生命，使我回到天父面前；每当我拿起这杯，我感谢祢，我的耶稣。祢宝血洗净我的罪，使我永远与罪隔离。谢谢祢为我死在十架上，破碎的生命得以完全。我感恩，我敬拜，得医治，得自由，都因祢那救赎的恩典。,mei dang wo na qi zhe bing wo ji nian mi qin ai ye su shi jia shang mi huan hui wo sheng ming shi wo hui dao tian fu mian qian mei dang wo na qi zhe bei wo gan xie mi wo de ye su mi bao xue xi jing wo de zui shi wo yong yuan yu zui ge li xie xie mi wei wo si zai shi jia shang po sui de sheng ming de yi wan quan wo gan en wo jing bai de yi zhi de zi you dou yin mi na jiu shu de en dian
J6-1,PnW,就是这个时刻,"神已拣选我们，神已预备我们，带着神的爱，宣告盼望在这世代。
领受这大使命，侧耳谦卑聆听，跟随祂脚步，将福音传到世界地极。
就是这个时刻，带着主爱走遍世界各地，我们所踏之地，万民都要归向祢。
就是这个时刻，带着主光照亮黑暗之地，大声宣告耶稣是主，万国都敬拜祢。
就是这个时刻，不再迟疑；就是这个时刻，勇敢前去。
就是这个时刻，不再迟疑；就是这个时刻，勇敢前去。
以生命见证耶稣祂活着！",shen yi jian xuan wo men shen yi yu bei wo men dai zhe shen de ai xuan gao pan wang zai zhe shi dai ling shou zhe da shi ming ce er qian bei ling ting gen sui ta jiao bu jiang fu yin chuan dao shi jie di ji jiu shi zhe ge shi ke dai zhe zhu ai zou bian shi jie ge di wo men suo ta zhi di wan min dou yao gui xiang mi jiu shi zhe ge shi ke dai zhe zhu guang zhao liang hei an zhi di da sheng xuan gao ye su shi zhu wan guo dou jing bai mi jiu shi zhe ge shi ke bu zai chi yi jiu shi zhe ge shi ke yong gan qian qu jiu shi zhe ge shi ke bu zai chi yi jiu shi zhe ge shi ke yong gan qian qu yi sheng ming jian zheng ye su ta huo zhe
J6-2,PnW,君王就在这里,"圣洁耶稣，祢宝座在这里，
哈利路亚，祢荣耀在这里。
君王就在这里，我们欢然献祭，
拥戴祢为王，荣耀都归于祢，
君王就在这里，大能彰显这地，
和散那归于至高神主耶稣。
更多更多来高举祢的名，
更多更多来呼喊祢的名，
更多更多来承认祢是主，
直到那日，我再见祢的面。",sheng jie ye su mi bao zuo zai zhe li ha li lu ya mi rong yao zai zhe li jun wang jiu zai zhe li wo men huan ran xian ji yong dai mi wei wang rong yao dou gui yu mi jun wang jiu zai zhe li da neng zhang xian zhe di he san na gui yu zhi gao shen zhu ye su geng duo geng duo lai gao ju mi de ming geng duo geng duo lai hu han mi de ming geng duo geng duo lai cheng ren mi shi zhu zhi dao na ri wo zai jian mi de mian
J7-1,PnW,建立基督的身体,"他所赐的有使徒有先知，有传福音的有牧师和教师，为要成全圣徒，各尽其职，建立基督的身体。
他所赐的有使徒有先知，有传福音的有牧师和教师，为要成全圣徒，各尽其职，建立基督的身体。
直到我们众人，在真道上同归于一，认识神的儿子，得以长大成人，直到我们众人，在真道上同归于一，认识神的儿子，得以长大成人，满有基督长成的身量。",ta suo ci de you shi tu you xian zhi you chuan fu yin de you mu shi he jiao shi wei yao cheng quan sheng tu ge jin qi zhi jian li ji du de shen ti ta suo ci de you shi tu you xian zhi you chuan fu yin de you mu shi he jiao shi wei yao cheng quan sheng tu ge jin qi zhi jian li ji du de shen ti zhi dao wo men zhong ren zai zhen dao shang tong gui yu yi ren shi shen de er zi de yi zhang da cheng ren zhi dao wo men zhong ren zai zhen dao shang tong gui yu yi ren shi shen de er zi de yi zhang da cheng ren man you ji du zhang cheng de shen liang
J7-2,PnW,叫我抬起头的神,"耶和华是我的主，必不致动摇
有耶和华的帮助，还要惧谁呢
耶和华是我牧者，必不致缺乏
有耶和华作我旌旗，必全然得胜
耶和华是我四围的盾牌，是我的荣耀
又是叫我抬起头的神
一宿虽然有哭泣，早晨我们必欢呼
你是我的磐石，我的帮助",ye he hua shi wo de zhu bi bu zhi dong yao you ye he hua de bang zhu hai yao ju shui ne ye he hua shi wo mu zhe bi bu zhi que fa you ye he hua zuo wo jing qi bi quan ran de sheng ye he hua shi wo si wei de dun pai shi wo de rong yao you shi jiao wo tai qi tou de shen yi xiu sui ran you ku qi zao chen wo men bi huan hu ni shi wo de pan shi wo de bang zhu
L3-1,PnW,来庆贺,"让我们来庆贺
无比大爱 我们来庆贺
神儿子因爱我们舍了生命
让我们来欢呼
主赐喜乐 无人能相比
我们欢然向祢献祭
高声欢呼赞美
让我们来欢呼 来庆贺
欢呼来庆贺
欢呼来庆贺 大君王
让我们来欢呼 来庆贺
欢呼来庆贺
欢呼来庆贺 大君王",rang wo men lai qing he wu bi da ai wo men lai qing he shen er zi yin ai wo men she le sheng ming rang wo men lai huan hu zhu ci xi le wu ren neng xiang bi wo men huan ran xiang mi xian ji gao sheng huan hu zan mei rang wo men lai huan hu lai qing he huan hu lai qing he huan hu lai qing he da jun wang rang wo men lai huan hu lai qing he huan hu lai qing he huan hu lai qing he da jun wang
L3-2,PnW,炼净我,"炼净我，使我更像祢；
吸引我，使我更爱祢。
所有梦想和骄傲都放在祢脚前，我要完全顺服。
献上生命完全为祢用，
放下自己愿祢得荣耀。
全心跟随活出祢呼召，
父神我只愿为祢活。",lian jing wo shi wo geng xiang mi xi yin wo shi wo geng ai mi suo you meng xiang he jiao ao dou fang zai mi jiao qian wo yao wan quan shun fu xian shang sheng ming wan quan wei mi yong fang xia zi ji yuan mi de rong yao quan xin gen sui huo chu mi hu zhao fu shen wo zhi yuan wei mi huo
L4-1,PnW,来高声唱,"来高声唱，来高声唱，让我们来赞美尊崇大君王。
来高声唱，来高声唱，让我们来赞美尊崇大君王。
惟有祂配得赞美，因祂是主。
昔在今在快来君王。
万膝要跪拜，万口都要承认，祂是主耶稣，祂是主耶稣，祂是主耶稣基督。",lai gao sheng chang lai gao sheng chang rang wo men lai zan mei zun chong da jun wang lai gao sheng chang lai gao sheng chang rang wo men lai zan mei zun chong da jun wang wei you ta pei de zan mei yin ta shi zhu xi zai jin zai kuai lai jun wang wan xi yao gui bai wan kou dou yao cheng ren ta shi zhu ye su ta shi zhu ye su ta shi zhu ye su ji du
L7-1,PnW,炼净过我的生命,"当我发现自己的不足，将心头的重担交给主。
有你陪伴，就算荆棘路，每滴泪水终会化成祝福。
当我再次降服于我主，不再依靠自己的力气。
生命主权交给主耶稣，相信顺服，带来更美祝福。
在困境中，你赐我力量，在黑暗时刻，你给我亮光。
虽然黑夜漫长，充满盼望，仍把双手举起，让你得荣耀。
在困境处，你赐下盼望，在失落时刻，你与我同在。
纵然试炼不断，靠主刚强，炼净过的生命，更让你得荣耀。",dang wo fa xian zi ji de bu zu jiang xin tou de zhong dan jiao gei zhu you ni pei ban jiu suan jing ji lu mei di lei shui zhong hui hua cheng zhu fu dang wo zai ci xiang fu yu wo zhu bu zai yi kao zi ji de li qi sheng ming zhu quan jiao gei zhu ye su xiang xin shun fu dai lai geng mei zhu fu zai kun jing zhong ni ci wo li liang zai hei an shi ke ni gei wo liang guang sui ran hei ye man chang chong man pan wang reng ba shuang shou ju qi rang ni de rong yao zai kun jing chu ni ci xia pan wang zai shi luo shi ke ni yu wo tong zai zong ran shi lian bu duan kao zhu gang qiang lian jing guo de sheng ming geng rang ni de rong yao
L8-1,PnW,令我到你宝血里面,"耶稣求你进入我的心，用你大能的宝血遮盖我，开启我心灵，得着我生命，在你宝血里我就得洁净；
求你进入我的心，用你大能的宝血释放我，进入你同在，领受你大爱，在你宝血里我献上敬拜。
领我到你宝血里面，所有罪恶你都赦免，更新我生命在你爱的宝血里面；
领我到你宝血里面，领受丰盛奇妙恩典，更新我生命在你爱的宝血里面。",ye su qiu ni jin ru wo de xin yong ni da neng de bao xue zhe gai wo kai qi wo xin ling de zhe wo sheng ming zai ni bao xue li wo jiu de jie jing qiu ni jin ru wo de xin yong ni da neng de bao xue shi fang wo jin ru ni tong zai ling shou ni da ai zai ni bao xue li wo xian shang jing bai ling wo dao ni bao xue li mian suo you zui e ni dou she mian geng xin wo sheng ming zai ni ai de bao xue li mian ling wo dao ni bao xue li mian ling shou feng sheng qi miao en dian geng xin wo sheng ming zai ni ai de bao xue li mian
M4-1,PnW,满有能力,"我的盼望就在耶稣基督里
在祢里面满有平安
生命泉源就在耶稣基督里
有主在我里面活着
我宣告在我里面的
比世上一切更有能力
我不属这世界
我高举耶稣的名
我宣告在我里面有活水涌流满有能力
有耶稣在我里面活着
我勇敢站立
有主在我里面
没有惧怕能战胜仇敌
有主在我里面
没有惧怕还得胜有余",wo de pan wang jiu zai ye su ji du li zai mi li mian man you ping an sheng ming quan yuan jiu zai ye su ji du li you zhu zai wo li mian huo zhe wo xuan gao zai wo li mian de bi shi shang yi qie geng you neng li wo bu shu zhe shi jie wo gao ju ye su de ming wo xuan gao zai wo li mian you huo shui yong liu man you neng li you ye su zai wo li mian huo zhe wo yong gan zhan li you zhu zai wo li mian mei you ju pa neng zhan sheng chou di you zhu zai wo li mian mei you ju pa hai de sheng you yu
M5-1,PnW,每天的祷告,"主！我心爱你
我渴望活在你的怀里
每天与你同在
享受你的大爱
医治我受伤的心灵
改变我原有的生命
引导我当走的路
今天的服事求你托住
哦主啊求你改变我
心思意念愿你来雕琢
使我能更加像你
带着耶稣的香气
哦主啊求你吸引我
带我进入你圣洁居所
让我今天为你活
完全献上为活祭
奉献一生跟随你",zhu wo xin ai ni wo ke wang huo zai ni de huai li mei tian yu ni tong zai xiang shou ni de da ai yi zhi wo shou shang de xin ling gai bian wo yuan you de sheng ming yin dao wo dang zou de lu jin tian de fu shi qiu ni tuo zhu o zhu a qiu ni gai bian wo xin si yi nian yuan ni lai diao zhuo shi wo neng geng jia xiang ni dai zhe ye su de xiang qi o zhu a qiu ni xi yin wo dai wo jin ru ni sheng jie ju suo rang wo jin tian wei ni huo wan quan xian shang wei huo ji feng xian yi sheng gen sui ni
M5-2,PnW,MM的童年,"池塘边的新圣殿 每个星期都有熟悉的脸
你是否能够告诉我 是在哪里传出音乐
圣殿前的十架带领我们靠着恩典进入主里面
一天又一天 一年又一年 看见主荣耀彰显
第二堂崇拜的MM十年历史事奉的岗位
现在邀请你告诉我谁在表达心中的赞美
领诗，鼓，钢琴，电子琴，吉他和助唱别忘 Acapella
一首又一首 一遍又一遍 各尽其职献上赞美
我们要愿意回应主把音乐恩赐献上好好训练
不要等到最后一刻才知道该练的都还没有练
一寸光阴一寸金让我们学习事奉彼此建立
星期六的练习星期天的事奉我们一起赞美主
喔 就这么简单 就这么容易 我们MM真欢喜！",chi tang bian de xin sheng dian mei ge xing qi dou you shu xi de lian ni shi fou neng gou gao su wo shi zai na li chuan chu yin yue sheng dian qian de shi jia dai ling wo men kao zhe en dian jin ru zhu li mian yi tian you yi tian yi nian you yi nian kan jian zhu rong yao zhang xian di er tang chong bai de MM shi nian li shi shi feng de gang wei xian zai yao qing ni gao su wo shui zai biao da xin zhong de zan mei ling shi gu gang qin dian zi qin ji ta he zhu chang bie wang Acapella yi shou you yi shou yi bian you yi bian ge jin qi zhi xian shang zan mei wo men yao yuan yi hui ying zhu ba yin yue en ci xian shang hao hao xun lian bu yao deng dao zui hou yi ke cai zhi dao gai lian de dou hai mei you lian yi cun guang yin yi cun jin rang wo men xue xi shi feng bi ci jian li xing qi liu de lian xi xing qi tian de shi feng wo men yi qi zan mei zhu o jiu zhe me jian dan jiu zhe me rong yi wo men MM zhen huan xi
M7-1,PnW,每一天我需要你,"让我坦然无惧来到施恩座前
用心灵诚实寻求你
亲爱的天父
我何等地需要你
需要更多你的同在在我生命
每一天我需要你
你话语如甘霖
每时刻我需要你
圣灵如雨降临
这是我的祷告
愿我生命单单归荣耀给耶稣
这是我的呼求
每天都要爱你
永不失去起初爱你的心",rang wo tan ran wu ju lai dao shi en zuo qian yong xin ling cheng shi xun qiu ni qin ai de tian fu wo he deng di xu yao ni xu yao geng duo ni de tong zai zai wo sheng ming mei yi tian wo xu yao ni ni hua yu ru gan lin mei shi ke wo xu yao ni sheng ling ru yu jiang lin zhe shi wo de dao gao yuan wo sheng ming dan dan gui rong yao gei ye su zhe shi wo de hu qiu mei tian dou yao ai ni yong bu shi qu qi chu ai ni de xin
N11-1,PnW,祢是配得,"圣哉圣哉全地唱，昔在今在以后永在。
圣哉圣哉全能神，永远在宝座上。
祢是配得，配得，配得尊崇和赞美。
祢是配得，配得，万物敬拜祢。
祢是圣洁，圣洁，圣洁荣光在全地。
祢是圣洁，圣洁，以圣洁妆饰敬拜祢。
愿尊贵、荣耀、权柄和能力，都归全能神；
愿各族、各方、万国和万邦，敬拜神羔羊。",sheng zai sheng zai quan di chang xi zai jin zai yi hou yong zai sheng zai sheng zai quan neng shen yong yuan zai bao zuo shang mi shi pei de pei de pei de zun chong he zan mei mi shi pei de pei de wan wu jing bai mi mi shi sheng jie sheng jie sheng jie rong guang zai quan di mi shi sheng jie sheng jie yi sheng jie zhuang shi jing bai mi yuan zun gui rong yao quan bing he neng li dou gui quan neng shen yuan ge zu ge fang wan guo he wan bang jing bai shen gao yang
N3-1,PnW,能不能,我属于你，你是我永远的福分，只想日夜在你殿中献上敬拜。定睛在你的荣美，世上一切变暗淡，除你以外，我还能有谁？能不能，就让我留在你的同在里，能不能，赐我力量让我更多爱你。我哪都不想去，只想日夜在你殿中献上敬拜，全心全意来爱你。,wo shu yu ni ni shi wo yong yuan de fu fen zhi xiang ri ye zai ni dian zhong xian shang jing bai ding jing zai ni de rong mei shi shang yi qie bian an dan chu ni yi wai wo hai neng you shui neng bu neng jiu rang wo liu zai ni de tong zai li neng bu neng ci wo li liang rang wo geng duo ai ni wo na dou bu xiang qu zhi xiang ri ye zai ni dian zhong xian shang jing bai quan xin quan yi lai ai ni
N3-2,PnW,你的爱,"你创造宇宙万物，统管一切所有，但你却关心我的感受
了解我的需要，你的爱无止境，打造全新的国度
但这双手却甘心为我，忍受鞭打和伤害
将父神对万民显露光辉盼望
但你却一再施恩，一再怜悯给我机会回转向你
你的爱如此温柔，超乎我心所想
这样大有能力的主，竟将我名字刻上你的手掌心上
如此真切，到如此深，以致我愿接受
塑造我的生命，学习你谦卑的样式，背着自己的十字架",ni chuang zao yu zhou wan wu tong guan yi qie suo you dan ni que guan xin wo de gan shou liao jie wo de xu yao ni de ai wu zhi jing da zao quan xin de guo du dan zhe shuang shou que gan xin wei wo ren shou bian da he shang hai jiang fu shen dui wan min xian lu guang hui pan wang dan ni que yi zai shi en yi zai lian min gei wo ji hui hui zhuan xiang ni ni de ai ru ci wen rou chao hu wo xin suo xiang zhe yang da you neng li de zhu jing jiang wo ming zi ke shang ni de shou zhang xin shang ru ci zhen qie dao ru ci shen yi zhi wo yuan jie shou su zao wo de sheng ming xue xi ni qian bei de yang shi bei zhe zi ji de shi zi jia
N3-3,PnW,祢的话,"我将你的话语，深藏在我心。
免得我得罪你，免得我远离。
哦，主啊，与我亲近，我爱你声音。
作我脚前的灯，作我路上的光。
天地将要过去，你的话却长存。
天地将毁坏，你的话却长新。",wo jiang ni de hua yu shen cang zai wo xin mian de wo de zui ni mian de wo yuan li o zhu a yu wo qin jin wo ai ni sheng yin zuo wo jiao qian de deng zuo wo lu shang de guang tian di jiang yao guo qu ni de hua que chang cun tian di jiang hui huai ni de hua que zhang xin
N3-4,PnW,宁静谷,在我心灵深处，有一座宁静谷；我和我亲爱的主，在其中安然漫步。生活中的仓促，生命里的难处；只愿向祂来倾诉，平安祝福在这谷。我与我主，相约之处，徜徉这份宁静安详，就像是在天堂。我与我主，相约之处，主领我过死荫幽谷，使我喜乐走人生路。,zai wo xin ling shen chu you yi zuo ning jing gu wo he wo qin ai de zhu zai qi zhong an ran man bu sheng huo zhong de cang cu sheng ming li de nan chu zhi yuan xiang ta lai qing su ping an zhu fu zai zhe gu wo yu wo zhu xiang yue zhi chu chang yang zhe fen ning jing an xiang jiu xiang shi zai tian tang wo yu wo zhu xiang yue zhi chu zhu ling wo guo si yin you gu shi wo xi le zou ren sheng lu
N4-1,PnW,祢的慈爱,"因祢的慈爱比生命更好
我要奉祢名举起我双手
因祢的慈爱比生命更好
我要奉祢名举起我双手
我们的嘴唇要称颂我主
因祢的慈爱比生命更好",yin mi de ci ai bi sheng ming geng hao wo yao feng mi ming ju qi wo shuang shou yin mi de ci ai bi sheng ming geng hao wo yao feng mi ming ju qi wo shuang shou wo men de zui chun yao cheng song wo zhu yin mi de ci ai bi sheng ming geng hao
N4-2,PnW,祢是配得,"耶稣，你是配得，配得一切尊崇赞美。
从昨日、今日到永远，你永不改变，独一真神。
耶稣，你是配得，配得一切尊崇赞美。
愿万国、万民和万邦，围绕你宝座前敬拜你。
何等美丽，和平君王；我敬拜你，降服于你。
主你荣耀充满在全地直到永远。",ye su ni shi pei de pei de yi qie zun chong zan mei cong zuo ri jin ri dao yong yuan ni yong bu gai bian du yi zhen shen ye su ni shi pei de pei de yi qie zun chong zan mei yuan wan guo wan min he wan bang wei rao ni bao zuo qian jing bai ni he deng mei li he ping jun wang wo jing bai ni xiang fu yu ni zhu ni rong yao chong man zai quan di zhi dao yong yuan
N5-1,PnW,祢爱永不变,祢流出宝血，洗净我污秽，将我的生命赎回。祢为了我的罪，牺牲永不悔，显明祢极大恩惠。我深深体会，祢爱的宝贵，献上自己永追随。或伤心或气馁，或生离或死别，愿刚强壮胆永远不后退。哦，祢爱永不变，从今直到永远，深深浇灌我心田。或天旋或地转，经沧海历桑田，都不能叫我与祢爱隔绝。,mi liu chu bao xue xi jing wo wu hui jiang wo de sheng ming shu hui mi wei le wo de zui xi sheng yong bu hui xian ming mi ji da en hui wo shen shen ti hui mi ai de bao gui xian shang zi ji yong zhui sui huo shang xin huo qi nei huo sheng li huo si bie yuan gang qiang zhuang dan yong yuan bu hou tui o mi ai yong bu bian cong jin zhi dao yong yuan shen shen jiao guan wo xin tian huo tian xuan huo di zhuan jing cang hai li sang tian dou bu neng jiao wo yu mi ai ge jue
N7-1,PnW,你的恩典够我用,"星移几十载，唯有祢爱不更改，每个季节恩典满满。虽然经过水和火，靠着主我就刚强；每时每刻祢与我同在。
祢的恩典够我用，能力显在我软弱；靠着耶稣得胜又得胜。我要唱着祢的爱，永恒无尽头的爱，永不离弃，一生常相伴。",xing yi ji shi zai wei you mi ai bu geng gai mei ge ji jie en dian man man sui ran jing guo shui he huo kao zhe zhu wo jiu gang qiang mei shi mei ke mi yu wo tong zai mi de en dian gou wo yong neng li xian zai wo ruan ruo kao zhe ye su de sheng you de sheng wo yao chang zhe mi de ai yong heng wu jin tou de ai yong bu li qi yi sheng chang xiang ban
N7-2,PnW,祢配得至圣尊荣,"耶稣 祢配得至圣尊荣
耶稣 当受最高赞美
愿全地响应 诸天唱和
来尊崇主圣名超乎万名

让我们屈膝俯伏敬拜祂
因祂圣名 万膝要跪拜
让万口承认 祂是主耶稣
全能神 今我荣耀祢

但愿尊贵 颂赞和权能
都归于祢 都归于祢
但愿尊贵 颂赞和权能
都归于祢 都归于祢
主耶稣 永活真神儿子",ye su mi pei de zhi sheng zun rong ye su dang shou zui gao zan mei yuan quan di xiang ying zhu tian chang he lai zun chong zhu sheng ming chao hu wan ming rang wo men qu xi fu fu jing bai ta yin ta sheng ming wan xi yao gui bai rang wan kou cheng ren ta shi zhu ye su quan neng shen jin wo rong yao mi dan yuan zun gui song zan he quan neng dou gui yu mi dou gui yu mi dan yuan zun gui song zan he quan neng dou gui yu mi dou gui yu mi zhu ye su yong huo zhen shen er zi
N7-3,PnW,祢使我双脚跳舞,"全地都向耶和华发出大声欢呼，用琴歌颂祢，用诗歌齐声赞美祢。
愿海和其中所充满的澎湃欢呼，愿大水拍手，愿诸山一同欢呼。
祢使我双脚跳舞，祢使我灵欢唱，我要全心全意全人全力赞美祢。
祢使我双脚跳舞，祢使我灵欢唱，我要全心全意全人全力赞美祢。",quan di dou xiang ye he hua fa chu da sheng huan hu yong qin ge song mi yong shi ge qi sheng zan mei mi yuan hai he qi zhong suo chong man de peng pai huan hu yuan da shui pai shou yuan zhu shan yi tong huan hu mi shi wo shuang jiao tiao wu mi shi wo ling huan chang wo yao quan xin quan yi quan ren quan li zan mei mi mi shi wo shuang jiao tiao wu mi shi wo ling huan chang wo yao quan xin quan yi quan ren quan li zan mei mi
N7-4,PnW,祢是我一切所有,"当我软弱你赐力量 当我迷失你给方向
你是我一切所有
你是我寻觅的宝藏 你是我生命的盼望
你是我一切所有
耶稣 神的羔羊 你名配得颂赞
耶稣 神的羔羊 你名配得颂赞
你为我罪被钉十架 你使我生命得盼望
你是我一切所有
死里复活征服死亡 你是我的主我的王
你是我一切所有",dang wo ruan ruo ni ci li liang dang wo mi shi ni gei fang xiang ni shi wo yi qie suo you ni shi wo xun mi de bao zang ni shi wo sheng ming de pan wang ni shi wo yi qie suo you ye su shen de gao yang ni ming pei de song zan ye su shen de gao yang ni ming pei de song zan ni wei wo zui bei ding shi jia ni shi wo sheng ming de pan wang ni shi wo yi qie suo you si li fu huo zheng fu si wang ni shi wo de zhu wo de wang ni shi wo yi qie suo you
N7-5,PnW,你要称颂耶和华,"我的心你要称颂耶和华，不可忘记他的恩惠
他赦免你一切过犯罪孽，医治你疾病复原
我的心你要称颂耶和华，不可忘记他的恩惠
他以仁爱慈悲为你冠冕，为受屈的人伸冤
天离地有何等的高，他的慈爱也何等的深
东离西有多么的远，他使我的过犯也离我多远
耶和华有怜悯的爱，且有丰盛无尽的恩典
从亘古直到永远，耶和华他是我的神",wo de xin ni yao cheng song ye he hua bu ke wang ji ta de en hui ta she mian ni yi qie guo fan zui nie yi zhi ni ji bing fu yuan wo de xin ni yao cheng song ye he hua bu ke wang ji ta de en hui ta yi ren ai ci bei wei ni guan mian wei shou qu de ren shen yuan tian li di you he deng de gao ta de ci ai ye he deng de shen dong li xi you duo me de yuan ta shi wo de guo fan ye li wo duo yuan ye he hua you lian min de ai qie you feng sheng wu jin de en dian cong gen gu zhi dao yong yuan ye he hua ta shi wo de shen
N8-1,PnW,你们要赞美耶和华,"你们要赞美耶和华，在他的圣所赞美他。你们要赞美耶和华，在他的穹苍赞美他。要因着他的大能赞美他，要因着他的荣耀赞美他，要因着他的慈爱赞美他，凡有气息都要来赞美他。
我们要赞美耶和华，来敞开胸怀赞美他。我们要赞美耶和华，来高声欢呼赞美他。我们要鼓瑟弹琴赞美他，我们来击鼓跳舞赞美他，我们用丝弦乐器赞美他，凡有气息都要来赞美他。",ni men yao zan mei ye he hua zai ta de sheng suo zan mei ta ni men yao zan mei ye he hua zai ta de qiong cang zan mei ta yao yin zhe ta de da neng zan mei ta yao yin zhe ta de rong yao zan mei ta yao yin zhe ta de ci ai zan mei ta fan you qi xi dou yao lai zan mei ta wo men yao zan mei ye he hua lai chang kai xiong huai zan mei ta wo men yao zan mei ye he hua lai gao sheng huan hu zan mei ta wo men yao gu se tan qin zan mei ta wo men lai ji gu tiao wu zan mei ta wo men yong si xian yue qi zan mei ta fan you qi xi dou yao lai zan mei ta
N9-1,PnW,你永远如此深爱着我,"每滴宝血为我而流，每个刑罚为我承受。
恩典如海，四面环绕，失望绝境的时候仍拥抱着我。
主耶稣，你永远如此深爱着我，十架上钉痕的手告诉我，你永不放弃我。
主耶稣，你永远如此深爱着我，不论是生命或死亡，困苦患难逼迫，都不能叫我与你爱隔绝。
何等长阔，何等高深，天离地多高，你爱多浩大。
无法测透，永超越感知；我要张开双手来领受。",mei di bao xue wei wo er liu mei ge xing fa wei wo cheng shou en dian ru hai si mian huan rao shi wang jue jing de shi hou reng yong bao zhe wo zhu ye su ni yong yuan ru ci shen ai zhe wo shi jia shang ding hen de shou gao su wo ni yong bu fang qi wo zhu ye su ni yong yuan ru ci shen ai zhe wo bu lun shi sheng ming huo si wang kun ku huan nan bi po dou bu neng jiao wo yu ni ai ge jue he deng zhang kuo he deng gao shen tian li di duo gao ni ai duo hao da wu fa ce tou yong chao yue gan zhi wo yao zhang kai shuang shou lai ling shou
Q3-1,PnW,轻轻听,"轻轻听，我要轻轻听，我要侧耳听主声音
轻轻听，他在轻轻听，我的牧人认得我声音
他是大牧者，生命的主宰，我一生只听随主声音
他是大牧者，生命的主宰，他的羊认得他声音",qing qing ting wo yao qing qing ting wo yao ce er ting zhu sheng yin qing qing ting ta zai qing qing ting wo de mu ren ren de wo sheng yin ta shi da mu zhe sheng ming de zhu zai wo yi sheng zhi ting sui zhu sheng yin ta shi da mu zhe sheng ming de zhu zai ta de yang ren de ta sheng yin
Q4-1,PnW,前来敬拜,"哈利路亚，哈利路亚，前来敬拜永远的君王。
哈利路亚，哈利路亚，大声宣告主荣耀降临！
荣耀尊贵，能力权柄归于你，你是我的救主，我的救赎。
荣耀尊贵，能力权柄归于你，你是配得，你是配得，你是配得我的敬拜。
荣耀尊贵，美丽无比，神的儿子，耶稣我的主。
荣耀尊贵，美丽无比，神的儿子，耶稣我的主。",ha li lu ya ha li lu ya qian lai jing bai yong yuan de jun wang ha li lu ya ha li lu ya da sheng xuan gao zhu rong yao jiang lin rong yao zun gui neng li quan bing gui yu ni ni shi wo de jiu zhu wo de jiu shu rong yao zun gui neng li quan bing gui yu ni ni shi pei de ni shi pei de ni shi pei de wo de jing bai rong yao zun gui mei li wu bi shen de er zi ye su wo de zhu rong yao zun gui mei li wu bi shen de er zi ye su wo de zhu
Q4-2,PnW,全然为祢,"我将生命交在你手中，献上一切
给你主，我的世界全在你手里
我属于你到永远
与你同行到天涯海角，不论悲喜
我信靠你，主我愿意活出你旨意
活出你应许到永远
耶稣我心相信你
耶稣我心属于你
活着全都为了你
歌唱也为了你
全然为你
主我敬拜
主我敬拜你
主我敬拜
主我敬拜你
主我敬拜
主我敬拜你",wo jiang sheng ming jiao zai ni shou zhong xian shang yi qie gei ni zhu wo de shi jie quan zai ni shou li wo shu yu ni dao yong yuan yu ni tong hang dao tian ya hai jiao bu lun bei xi wo xin kao ni zhu wo yuan yi huo chu ni zhi yi huo chu ni ying xu dao yong yuan ye su wo xin xiang xin ni ye su wo xin shu yu ni huo zhe quan dou wei le ni ge chang ye wei le ni quan ran wei ni zhu wo jing bai zhu wo jing bai ni zhu wo jing bai zhu wo jing bai ni zhu wo jing bai zhu wo jing bai ni
Q4-3,PnW,全然向祢,"当赞美的旋律响起 我的心全然向你
当圣灵的恩膏满溢 我的灵不再封闭
赞美的清泉如春雨沐浴
我心中的喜乐川流不息
赞美的音符如雪花飘逸
心中的暖流冉冉升起
我要开口向你赞美称谢
永永远远赞美不停 永永远远称谢不已
我要欣然向你献上自己
一生一世献上自己 一生一世脚步不离",dang zan mei de xuan lv xiang qi wo de xin quan ran xiang ni dang sheng ling de en gao man yi wo de ling bu zai feng bi zan mei de qing quan ru chun yu mu yu wo xin zhong de xi le chuan liu bu xi zan mei de yin fu ru xue hua piao yi xin zhong de nuan liu ran ran sheng qi wo yao kai kou xiang ni zan mei cheng xie yong yong yuan yuan zan mei bu ting yong yong yuan yuan cheng xie bu yi wo yao xin ran xiang ni xian shang zi ji yi sheng yi shi xian shang zi ji yi sheng yi shi jiao bu bu li
Q4-4,PnW,全然像祢,"圣洁的主，我感谢祢，祢呼召我，让我经历
祢慈爱的主，我渴慕祢，更新我，让我更像祢
全然像祢，因我属祢，献我一生，尽心尽性尽意爱祢
全然像祢，靠祢站立，从新得力，在祢怀中，全然只为祢
献我一生，当活祭全心敬爱祢
全然像祢，祢是我的唯一",sheng jie de zhu wo gan xie mi mi hu zhao wo rang wo jing li mi ci ai de zhu wo ke mu mi geng xin wo rang wo geng xiang mi quan ran xiang mi yin wo shu mi xian wo yi sheng jin xin jin xing jin yi ai mi quan ran xiang mi kao mi zhan li cong xin de li zai mi huai zhong quan ran zhi wei mi xian wo yi sheng dang huo ji quan xin jing ai mi quan ran xiang mi mi shi wo de wei yi
Q4-5,PnW,全新的你,"你说阴天代表你的心情，雨天更是你对生命的反应。
你说每天生活一样平静，对于未来没有一点信心，
亲爱朋友，你是否曾经，曾经观看满天的星星，期待
有人能够了解你心，能够爱你赐你力量更新。
耶稣能够叫一切都更新，耶稣能够体会你的心情，耶稣能够改变你的曾经。
耶稣爱你，耶稣疼你，耶稣能造一个全新的你。你。",ni shuo yin tian dai biao ni de xin qing yu tian geng shi ni dui sheng ming de fan ying ni shuo mei tian sheng huo yi yang ping jing dui yu wei lai mei you yi dian xin xin qin ai peng you ni shi fou ceng jing ceng jing guan kan man tian de xing xing qi dai you ren neng gou liao jie ni xin neng gou ai ni ci ni li liang geng xin ye su neng gou jiao yi qie dou geng xin ye su neng gou ti hui ni de xin qing ye su neng gou gai bian ni de ceng jing ye su ai ni ye su teng ni ye su neng zao yi ge quan xin de ni ni
Q5-1,PnW,亲爱的圣灵,"亲爱的圣灵，求充满我；
亲爱的圣灵，求充满我的心。
求充满我，求充满我的心。",qin ai de sheng ling qiu chong man wo qin ai de sheng ling qiu chong man wo de xin qiu chong man wo qiu chong man wo de xin
Q5-2,PnW,求主充满我,"主 我来寻求你的面
求你充满我 来充满我
主 我渴慕你的同在
求你洁净我 来充满我
耶稣 耶稣 耶稣 耶稣
你的宝血洗净我
耶稣 耶稣 耶稣 耶稣
你以恩典为我冠冕",zhu wo lai xun qiu ni de mian qiu ni chong man wo lai chong man wo zhu wo ke mu ni de tong zai qiu ni jie jing wo lai chong man wo ye su ye su ye su ye su ni de bao xue xi jing wo ye su ye su ye su ye su ni yi en dian wei wo guan mian
Q6-1,PnW,亲爱主牵我手,"亲爱主牵我手
建立我领我走
我疲倦我软弱我苦愁
经风暴过黑夜
求领我进光明
亲爱主牵我手到天庭

我道路虽凄凉
主临近慰忧伤
我在世快打完美好仗
听我求听我祷
扶我手防跌倒
亲爱主牵我手常引导",qin ai zhu qian wo shou jian li wo ling wo zou wo pi juan wo ruan ruo wo ku chou jing feng bao guo hei ye qiu ling wo jin guang ming qin ai zhu qian wo shou dao tian ting wo dao lu sui qi liang zhu lin jin wei you shang wo zai shi kuai da wan mei hao zhang ting wo qiu ting wo dao fu wo shou fang die dao qin ai zhu qian wo shou chang yin dao
Q6-2,PnW,全能的创造主,"你使天空绚丽，大地富足，你命江河涌流，群山复苏，你使百鸟欢唱，百花盛开，你赐生命绵延，命令万物。哈
崇山峻岭向你，屈膝敬拜，江河湖海为你，翻腾起舞，诸天穹苍传扬，你的荣耀，日月星宿向你，扬声欢呼。
哈利路亚，全能的创造主。哈利路亚，万国万民都向你跪拜，拜，我心赞美你，永远赞美你，一生要赞美那伟大的创造主。哈
哈利路亚，全能的创造主。哈利路亚，万国万民都向你跪拜。",ni shi tian kong xuan li da di fu zu ni ming jiang he yong liu qun shan fu su ni shi bai niao huan chang bai hua sheng kai ni ci sheng ming mian yan ming ling wan wu ha chong shan jun ling xiang ni qu xi jing bai jiang he hu hai wei ni fan teng qi wu zhu tian qiong cang chuan yang ni de rong yao ri yue xing xiu xiang ni yang sheng huan hu ha li lu ya quan neng de chuang zao zhu ha li lu ya wan guo wan min dou xiang ni gui bai bai wo xin zan mei ni yong yuan zan mei ni yi sheng yao zan mei na wei da de chuang zao zhu ha ha li lu ya quan neng de chuang zao zhu ha li lu ya wan guo wan min dou xiang ni gui bai
R4-1,PnW,荣耀羔羊,荣耀啊，荣耀羔羊，配得一切赞美尊崇敬拜。荣耀啊，荣耀羔羊，至圣至洁荣光充满全地。万物俯伏跪拜，万口宣扬，昔在今在永在全能主宰。颂赞、能力、爱戴，归宝座羔羊，全地唱、全地唱哈利路亚。,rong yao a rong yao gao yang pei de yi qie zan mei zun chong jing bai rong yao a rong yao gao yang zhi sheng zhi jie rong guang chong man quan di wan wu fu fu gui bai wan kou xuan yang xi zai jin zai yong zai quan neng zhu zai song zan neng li ai dai gui bao zuo gao yang quan di chang quan di chang ha li lu ya
R5-1,PnW,让爱住我家,"我爱我的家，弟弟爸爸妈妈，爱是不吵架，常常陪我玩耍。
我爱我的家，儿子女儿我的他，爱就是忍耐，家庭所有烦杂。
我爱我的家，儿子女儿我亲爱的她，爱就是付出，让家不缺乏。
让爱天天住你家，让爱天天住我家，让爱天天住我家，不分日夜秋冬春夏，全心全意爱我们的家。
我爱我的家，弟弟爸爸妈妈，爱是不嫉妒，弟弟有啥我有啥。
我爱我的家，儿子女儿我的他，爱就是感谢，不计任何代价。
我爱我的家，儿子女儿我亲爱的她，爱就是珍惜，时光和年华。
让爱天天住你家，让爱天天住我家，让爱天天住我家，充满快乐拥有平安，让爱永远住我们的家。",wo ai wo de jia di di ba ba ma ma ai shi bu chao jia chang chang pei wo wan shua wo ai wo de jia er zi nv er wo de ta ai jiu shi ren nai jia ting suo you fan za wo ai wo de jia er zi nv er wo qin ai de ta ai jiu shi fu chu rang jia bu que fa rang ai tian tian zhu ni jia rang ai tian tian zhu wo jia rang ai tian tian zhu wo jia bu fen ri ye qiu dong chun xia quan xin quan yi ai wo men de jia wo ai wo de jia di di ba ba ma ma ai shi bu ji du di di you sha wo you sha wo ai wo de jia er zi nv er wo de ta ai jiu shi gan xie bu ji ren he dai jia wo ai wo de jia er zi nv er wo qin ai de ta ai jiu shi zhen xi shi guang he nian hua rang ai tian tian zhu ni jia rang ai tian tian zhu wo jia rang ai tian tian zhu wo jia chong man kuai le yong you ping an rang ai yong yuan zhu wo men de jia
R5-2,PnW,让我认识祢,"生命美丽 因为有祢
祢是真理 除去畏惧
让我一生都跟着祢
紧紧地依靠祢

无法想象 失去了祢
主的话语 不会忘记
我要一生都仰望祢
都敬拜祢

生命的泉源是祢
我需要的一切都在主里
永恒的意义在祢
让我认识祢
让我认识祢",sheng ming mei li yin wei you mi mi shi zhen li chu qu wei ju rang wo yi sheng dou gen zhe mi jin jin di yi kao mi wu fa xiang xiang shi qu le mi zhu de hua yu bu hui wang ji wo yao yi sheng dou yang wang mi dou jing bai mi sheng ming de quan yuan shi mi wo xu yao de yi qie dou zai zhu li yong heng de yi yi zai mi rang wo ren shi mi rang wo ren shi mi
R5-3,PnW,让赞美飞扬,在这美丽的时刻，我们相聚在一起。神的爱拥抱着我们，神的灵充满这地。当称谢进入祂的门，当赞美进入祂的院，击鼓跳舞扬声欢呼，凡有气息都要赞美祂。让赞美从四处响起，让音符在空中飞舞，让我们的心向神敞开。让赞美从四处响起，让音符在空中飞舞，让我们的心向神敞开。,zai zhe mei li de shi ke wo men xiang ju zai yi qi shen de ai yong bao zhe wo men shen de ling chong man zhe di dang cheng xie jin ru ta de men dang zan mei jin ru ta de yuan ji gu tiao wu yang sheng huan hu fan you qi xi dou yao zan mei ta rang zan mei cong si chu xiang qi rang yin fu zai kong zhong fei wu rang wo men de xin xiang shen chang kai rang zan mei cong si chu xiang qi rang yin fu zai kong zhong fei wu rang wo men de xin xiang shen chang kai
R5-4,PnW,认识祢真好,"如同朝露中的小草，蓝天中的小鸟，我整颗心被幸福围绕。
哦，我慈爱的天父，认识你真好，你赐的福分别处我找不着。
你使我抛开一切烦恼，喜乐充满，在心头燃烧。
认识你真好，认识你真好，今生今世我不再寻找。
哦主啊，认识你真好，认识你真好，只愿分分秒秒，在你慈爱的怀抱。",ru tong zhao lu zhong de xiao cao lan tian zhong de xiao niao wo zheng ke xin bei xing fu wei rao o wo ci ai de tian fu ren shi ni zhen hao ni ci de fu fen bie chu wo zhao bu zhe ni shi wo pao kai yi qie fan nao xi le chong man zai xin tou ran shao ren shi ni zhen hao ren shi ni zhen hao jin sheng jin shi wo bu zai xun zhao o zhu a ren shi ni zhen hao ren shi ni zhen hao zhi yuan fen fen miao miao zai ni ci ai de huai bao
R5-5,PnW,荣耀的呼召,"将自己献上当作活祭，作主圣洁贵重的器皿，
祢丰富恩惠必充足浇灌我，使我瓦器里充满莫大能力。
高举双手赞美祢我主，全心全人都给祢耶稣，
一生意义，活出荣耀的呼召，勇敢地向着标竿直跑。
跟随耶稣，爱我的主，我爱祢，耶稣。
跟随耶稣，爱我的主，我爱祢，耶稣。",jiang zi ji xian shang dang zuo huo ji zuo zhu sheng jie gui zhong de qi min mi feng fu en hui bi chong zu jiao guan wo shi wo wa qi li chong man mo da neng li gao ju shuang shou zan mei mi wo zhu quan xin quan ren dou gei mi ye su yi sheng yi yi huo chu rong yao de hu zhao yong gan di xiang zhe biao gan zhi pao gen sui ye su ai wo de zhu wo ai mi ye su gen sui ye su ai wo de zhu wo ai mi ye su
R5-6,PnW,荣耀都归祢,"哈利路亚 荣耀归宝座羔羊
哈利路亚 荣耀都归你 荣耀都归你真神
我一生都要来敬拜你
哈利路亚 我的手 我的口 我全心我全人都要敬拜你",ha li lu ya rong yao gui bao zuo gao yang ha li lu ya rong yao dou gui ni rong yao dou gui ni zhen shen wo yi sheng dou yao lai jing bai ni ha li lu ya wo de shou wo de kou wo quan xin wo quan ren dou yao jing bai ni
R5-7,PnW,荣耀神羔羊,"荣耀，荣耀，荣耀神羔羊，
荣耀，荣耀，荣耀神羔羊。
惟有他是荣耀、尊贵配得赞美，
在宝座上的真神羔羊；
来敬拜他，高声齐来颂扬，
在宝座上的羔羊。",rong yao rong yao rong yao shen gao yang rong yao rong yao rong yao shen gao yang wei you ta shi rong yao zun gui pei de zan mei zai bao zuo shang de zhen shen gao yang lai jing bai ta gao sheng qi lai song yang zai bao zuo shang de gao yang
R5-8,PnW,荣耀至高神,"至高的真神，能将祢国度降临这地
荣耀得胜大君王，祢荣美无人能及
耶稣基督神爱子，全地都向祢屈膝
父子圣灵三一神，祢荣耀存到永远

荣耀至高神，喔喔喔赞美
高举祢名超乎万名之上
诸天述说祢的荣耀
穹苍传扬祢的手段
荣耀的君王，配得所有赞美
凡有气息都要歌颂
尊贵荣耀，能力权柄
都是属至高真神

至圣至荣，可颂可畏，全能三一神
曾在今在，以后永在，全地都颂赞
属天荣耀，我口宣说，耶稣神爱子
君王之王，万主之主，作王到永远",zhi gao de zhen shen neng jiang mi guo du jiang lin zhe di rong yao de sheng da jun wang mi rong mei wu ren neng ji ye su ji du shen ai zi quan di dou xiang mi qu xi fu zi sheng ling san yi shen mi rong yao cun dao yong yuan rong yao zhi gao shen wo wo o zan mei gao ju mi ming chao hu wan ming zhi shang zhu tian shu shuo mi de rong yao qiong cang chuan yang mi de shou duan rong yao de jun wang pei de suo you zan mei fan you qi xi dou yao ge song zun gui rong yao neng li quan bing dou shi shu zhi gao zhen shen zhi sheng zhi rong ke song ke wei quan neng san yi shen ceng zai jin zai yi hou yong zai quan di dou song zan shu tian rong yao wo kou xuan shuo ye su shen ai zi jun wang zhi wang wan zhu zhi zhu zuo wang dao yong yuan
R5-9,PnW,若非耶和华,"若非耶和华建造房屋，建造的人就枉然劳力
若非耶和华看守城池，看守的人就枉然儆醒
我行若非神所悦，一切将拆毁
我行若非神祝福，一切都必徒然",ruo fei ye he hua jian zao fang wu jian zao de ren jiu wang ran lao li ruo fei ye he hua kan shou cheng chi kan shou de ren jiu wang ran jing xing wo xing ruo fei shen suo yue yi qie jiang chai hui wo xing ruo fei shen zhu fu yi qie dou bi tu ran
R6-1,PnW,让全地都听见,"我要向主唱新歌，我要称颂祢的名，我要天天传扬祢救恩。
因祢慈爱永长存，因祢信实到万代，因祢至高是万王之王。
让我们欢呼歌颂，让全地都听见，祢行奇事，作为使我赞叹。
祢有恩典，满有怜悯，总是不叫我失去盼望。
让我们欢呼歌颂，让全地都听见，祢是拯救，是我力量盾牌。
应允呼求，使我心里有能力，赞美祢，让全地都听见。",wo yao xiang zhu chang xin ge wo yao cheng song mi de ming wo yao tian tian chuan yang mi jiu en yin mi ci ai yong chang cun yin mi xin shi dao wan dai yin mi zhi gao shi wan wang zhi wang rang wo men huan hu ge song rang quan di dou ting jian mi xing qi shi zuo wei shi wo zan tan mi you en dian man you lian min zong shi bu jiao wo shi qu pan wang rang wo men huan hu ge song rang quan di dou ting jian mi shi zheng jiu shi wo li liang dun pai ying yun hu qiu shi wo xin li you neng li zan mei mi rang quan di dou ting jian
R6-2,PnW,荣耀荣耀荣耀,"这世代要全心地敬拜，坐在宝座全能的神。
这世代要一心称谢你作为，高举你圣名。
这世代因你欢喜快乐，你的名在全地何其美。
这世代要歌颂高举你的名，永远倚靠你。
荣耀，荣耀，荣耀归于你。
圣哉，圣哉，圣哉！
昔在，现在，永在的神，全地都敬拜你。
我们倚靠耶和华，因你慈爱不动摇，
你的能力显为至高。
我们倚靠耶和华，唱诗歌颂你大能，
你坐着为王直到永远。
你坐着为王直到永远。",zhe shi dai yao quan xin di jing bai zuo zai bao zuo quan neng de shen zhe shi dai yao yi xin cheng xie ni zuo wei gao ju ni sheng ming zhe shi dai yin ni huan xi kuai le ni de ming zai quan di he qi mei zhe shi dai yao ge song gao ju ni de ming yong yuan yi kao ni rong yao rong yao rong yao gui yu ni sheng zai sheng zai sheng zai xi zai xian zai yong zai de shen quan di dou jing bai ni wo men yi kao ye he hua yin ni ci ai bu dong yao ni de neng li xian wei zhi gao wo men yi kao ye he hua chang shi ge song ni da neng ni zuo zhe wei wang zhi dao yong yuan ni zuo zhe wei wang zhi dao yong yuan
R6-3,PnW,如鹿渴慕溪水,"神啊，我的心渴慕你，如同鹿渴慕溪水。
唯有你是我心所求，主啊，我要敬拜你。

你愿作我弟兄和朋友，虽然你是尊贵君王。
我爱你胜过世上一切，无人能与你相比。

唯有你能满足我心，你比金银更宝贵。
唯有你使我心喜乐，你是我全心所爱。

你是我的力量盾牌，我灵唯独要向你敞开。
唯有你是我心所求，主啊，我要敬拜你。",shen a wo de xin ke mu ni ru tong lu ke mu xi shui wei you ni shi wo xin suo qiu zhu a wo yao jing bai ni ni yuan zuo wo di xiong he peng you sui ran ni shi zun gui jun wang wo ai ni sheng guo shi shang yi qie wu ren neng yu ni xiang bi wei you ni neng man zu wo xin ni bi jin yin geng bao gui wei you ni shi wo xin xi le ni shi wo quan xin suo ai ni shi wo de li liang dun pai wo ling wei du yao xiang ni chang kai wei you ni shi wo xin suo qiu zhu a wo yao jing bai ni
R8-1,PnW,让我得见你的荣耀,"我的灵安静在你面前，深知道你就在这里。
我的灵降服在你面前，知道你是我的神。
让我得见你的荣面，彰显你心意使我看见。
我要在这里见到你，定意要见你的荣耀。
让我得见你的荣面，回应你心意与你相连。
我要在这里敬拜你，定意要见你的荣耀。
荣耀同在充满在这里，羔羊宝座设立在这里。
让我看见你的荣面，彰显你心意使我看见。
我要在这里见到你，定意要见你的荣耀。
让我得见你的荣面，回应你心意与你相连。
我要在这里敬拜你，定意要见你的荣耀。",wo de ling an jing zai ni mian qian shen zhi dao ni jiu zai zhe li wo de ling xiang fu zai ni mian qian zhi dao ni shi wo de shen rang wo de jian ni de rong mian zhang xian ni xin yi shi wo kan jian wo yao zai zhe li jian dao ni ding yi yao jian ni de rong yao rang wo de jian ni de rong mian hui ying ni xin yi yu ni xiang lian wo yao zai zhe li jing bai ni ding yi yao jian ni de rong yao rong yao tong zai chong man zai zhe li gao yang bao zuo she li zai zhe li rang wo kan jian ni de rong mian zhang xian ni xin yi shi wo kan jian wo yao zai zhe li jian dao ni ding yi yao jian ni de rong yao rang wo de jian ni de rong mian hui ying ni xin yi yu ni xiang lian wo yao zai zhe li jing bai ni ding yi yao jian ni de rong yao
S3-1,PnW,神的爱,"神是爱，
神是爱，
打开你的心高声扬，
打开你的心尽声扬，
天地和万物都宣扬，
把它告诉各地方。
他愿世人知道它。
他愿世人分享它。
他创造天空和那深海洋，
他创造玫瑰和那蔓藤长，
他为失丧人预备生命路，
他创造飞鸟和那蜂蜜忙，
他创造树木和那星闪亮，
用他大能的手来拯救他，
他造一切为你和我因神是爱。神是爱，
空气中我能体会，恩典中我能体会，
随时我都能体会，从最深的海洋，
到那最高高的山，
万物都告诉我神是爱。",shen shi ai shen shi ai da kai ni de xin gao sheng yang da kai ni de xin jin sheng yang tian di he wan wu dou xuan yang ba ta gao su ge di fang ta yuan shi ren zhi dao ta ta yuan shi ren fen xiang ta ta chuang zao tian kong he na shen hai yang ta chuang zao mei gui he na man teng zhang ta wei shi sang ren yu bei sheng ming lu ta chuang zao fei niao he na feng mi mang ta chuang zao shu mu he na xing shan liang yong ta da neng de shou lai zheng jiu ta ta zao yi qie wei ni he wo yin shen shi ai shen shi ai kong qi zhong wo neng ti hui en dian zhong wo neng ti hui sui shi wo dou neng ti hui cong zui shen de hai yang dao na zui gao gao de shan wan wu dou gao su wo shen shi ai
S3-2,PnW,神的话,神的话是我脚前的灯，引领我进入应许之地。神的话是我生命的粮，喂养我灵命得以成长。忧伤时你的话安慰了我，软弱时你的话成我力量。我要将你的话藏在心里，免得我得罪你，我要听从你的话，抓住你的应许，好让我每日更像你。,shen de hua shi wo jiao qian de deng yin ling wo jin ru ying xu zhi di shen de hua shi wo sheng ming de liang wei yang wo ling ming de yi cheng zhang you shang shi ni de hua an wei le wo ruan ruo shi ni de hua cheng wo li liang wo yao jiang ni de hua cang zai xin li mian de wo de zui ni wo yao ting cong ni de hua zhua zhu ni de ying xu hao rang wo mei ri geng xiang ni
S3-3,PnW,神羔羊,"至高权柄 至高神，超越全地一切被造万物。
至高智慧 高过人的道路，唯有你是全知全能神。
至高国度，至高君，超越全地一切奇妙丰富。
至尊至贵 胜过世界财富，天上地下唯一的爱慕。
神羔羊，宝血为我流，胜死亡，荣耀地复活。
耶稣，宝贵神羔羊，为我受死；为我复活，神羔羊。",zhi gao quan bing zhi gao shen chao yue quan di yi qie bei zao wan wu zhi gao zhi hui gao guo ren de dao lu wei you ni shi quan zhi quan neng shen zhi gao guo du zhi gao jun chao yue quan di yi qie qi miao feng fu zhi zun zhi gui sheng guo shi jie cai fu tian shang di xia wei yi de ai mu shen gao yang bao xue wei wo liu sheng si wang rong yao di fu huo ye su bao gui shen gao yang wei wo shou si wei wo fu huo shen gao yang
S3-4,PnW,生之颂,"主啊我感谢你，因为你创造美丽，
主啊我感谢你，让我知什么是甜蜜，
夕阳告诉我美丽，花露告诉我甜蜜，
宇宙的无限，太阳的永恒，都是你所造。
轻轻的微风使我感觉到温柔，
主啊我感谢你，教导我认识生命。

主啊我感谢你，因为你赐下快乐，
主啊我感谢你，让我能体会到纯洁，
小鸟歌声真快乐，雪花告诉我纯洁，
宇宙的无限，太阳的永恒，都是你所造。
轻轻的微风使我感觉到温柔，
主啊我感谢你，教导我认识生命。",zhu a wo gan xie ni yin wei ni chuang zao mei li zhu a wo gan xie ni rang wo zhi shen me shi tian mi xi yang gao su wo mei li hua lu gao su wo tian mi yu zhou de wu xian tai yang de yong heng dou shi ni suo zao qing qing de wei feng shi wo gan jue dao wen rou zhu a wo gan xie ni jiao dao wo ren shi sheng ming zhu a wo gan xie ni yin wei ni ci xia kuai le zhu a wo gan xie ni rang wo neng ti hui dao chun jie xiao niao ge sheng zhen kuai le xue hua gao su wo chun jie yu zhou de wu xian tai yang de yong heng dou shi ni suo zao qing qing de wei feng shi wo gan jue dao wen rou zhu a wo gan xie ni jiao dao wo ren shi sheng ming
S3-5,PnW,是耶稣,"你是否渴望得着那满足的喜乐
你是否渴望得着那永远的福乐
是谁能够使你的心充满欢喜
是谁能够使你的灵完全快乐
哦 是耶稣
他使我的哀哭变欢呼
哦 是耶稣
他深知道你我的愁苦
哦 赞美主
他使每个黑夜变白昼
哦 救主
他是永恒生命的主",ni shi fou ke wang de zhe na man zu de xi le ni shi fou ke wang de zhe na yong yuan de fu le shi shui neng gou shi ni de xin chong man huan xi shi shui neng gou shi ni de ling wan quan kuai le o shi ye su ta shi wo de ai ku bian huan hu o shi ye su ta shen zhi dao ni wo de chou ku o zan mei zhu ta shi mei ge hei ye bian bai zhou o jiu zhu ta shi yong heng sheng ming de zhu
S4-1,PnW,深触我心,耶稣诚然担当我们的忧患，背负我们痛苦。耶稣为我们的过犯受害，为我们的罪孽压伤。因你受的刑罚，我们得平安，因你受的鞭伤，我们得医治，完全得医治。感谢耶稣，我的救主，我得平安，我得医治。我的耶稣，爱我的主，你的恩典深触我心。,ye su cheng ran dan dang wo men de you huan bei fu wo men tong ku ye su wei wo men de guo fan shou hai wei wo men de zui nie ya shang yin ni shou de xing fa wo men de ping an yin ni shou de bian shang wo men de yi zhi wan quan de yi zhi gan xie ye su wo de jiu zhu wo de ping an wo de yi zhi wo de ye su ai wo de zhu ni de en dian shen chu wo xin
S4-2,PnW,神的道路,"神的道路，高过人的路，
神的意念，高过人的意念，
祂的心里有蓝图，
祂的时间不错误，
一步一步带领你前途，
祂立大地为根基，
祂让云彩空中飘浮，
是祂创造，生命气息，
是祂应许照顾赐福，
神造万物各按其时，
耐心等待必要欢呼。
啊——啊——
耐心等待要欢呼。",shen de dao lu gao guo ren de lu shen de yi nian gao guo ren de yi nian ta de xin li you lan tu ta de shi jian bu cuo wu yi bu yi bu dai ling ni qian tu ta li da di wei gen ji ta rang yun cai kong zhong piao fu shi ta chuang zao sheng ming qi xi shi ta ying xu zhao gu ci fu shen zao wan wu ge an qi shi nai xin deng dai bi yao huan hu a —— a —— nai xin deng dai yao huan hu
S4-3,PnW,生命之花,"生命之花
萌芽自熊熊的火焰
在艰难中升华
困苦中绽放
生命之花
含着重重的考验
在忍耐中伸展
失败中成长

让使命照亮我的梦想
不停流露出生命芬芳
迎刺骨寒风
茫茫飞雪
依然屹立
越冷越香
因我深知我信的是谁
我信的是造天地的主
有公义冠冕
为我存留
直到那日
他必与我同在

苦难是祝福的一种包装
试炼是成圣的摇篮",sheng ming zhi hua meng ya zi xiong xiong de huo yan zai jian nan zhong sheng hua kun ku zhong zhan fang sheng ming zhi hua han zhuo zhong zhong de kao yan zai ren nai zhong shen zhan shi bai zhong cheng zhang rang shi ming zhao liang wo de meng xiang bu ting liu lu chu sheng ming fen fang ying ci gu han feng mang mang fei xue yi ran yi li yue leng yue xiang yin wo shen zhi wo xin de shi shui wo xin de shi zao tian di de zhu you gong yi guan mian wei wo cun liu zhi dao na ri ta bi yu wo tong zai ku nan shi zhu fu de yi zhong bao zhuang shi lian shi cheng sheng de yao lan
S4-4,PnW,十架的爱,"谦卑的君王，荣耀的君王，祢甘心卑微顺服，舍命在十架上。
谦卑的君王，荣耀的君王，我得医治，因祢鞭伤，无尽恩典，我心感恩。
十架的爱，何等奇妙，超乎我所求所想；洗净我罪，脱离污秽，穿上公义洁白衣裳。
十架的爱，何等奇妙，我生命从此不再一样；带我重回天父怀抱，在永恒里我不停歌唱，十架的爱。",qian bei de jun wang rong yao de jun wang mi gan xin bei wei shun fu she ming zai shi jia shang qian bei de jun wang rong yao de jun wang wo de yi zhi yin mi bian shang wu jin en dian wo xin gan en shi jia de ai he deng qi miao chao hu wo suo qiu suo xiang xi jing wo zui tuo li wu hui chuan shang gong yi jie bai yi shang shi jia de ai he deng qi miao wo sheng ming cong ci bu zai yi yang dai wo zhong hui tian fu huai bao zai yong heng li wo bu ting ge chang shi jia de ai
S4-5,PnW,世界真光,"世界真光，你照亮黑暗世界，开我双眼能看见。
永恒君王，你圣名已被尊崇，在高天上得荣耀。
主，你荣美使我心敬拜你，我愿一生跟随你。
你因着爱来世间成为人子，为我们成为贫穷。
如今我来敬拜，如今向你俯伏，我要向你说：你是我神！
主，你是全然美丽，你是完全配得，你是何等奇妙，我的主。
永不明了何等代价，你为我罪钉在十架。",shi jie zhen guang ni zhao liang hei an shi jie kai wo shuang yan neng kan jian yong heng jun wang ni sheng ming yi bei zun chong zai gao tian shang de rong yao zhu ni rong mei shi wo xin jing bai ni wo yuan yi sheng gen sui ni ni yin zhe ai lai shi jian cheng wei ren zi wei wo men cheng wei pin qiong ru jin wo lai jing bai ru jin xiang ni fu fu wo yao xiang ni shuo ni shi wo shen zhu ni shi quan ran mei li ni shi wan quan pei de ni shi he deng qi miao wo de zhu yong bu ming le he deng dai jia ni wei wo zui ding zai shi jia
S4-6,PnW,世界之光,"耶稣 世界的盼望
唯一的真光 照亮一切黑暗
耶稣 道路真理和生命
配得至圣尊荣 直到永远
万国万民 齐来敬拜
在圣洁的光中 高举耶稣基督的名
天上地下 齐来敬拜
愿荣耀都归你 愿荣耀都归你 世界之光
哈利路亚 哈利路亚",ye su shi jie de pan wang wei yi de zhen guang zhao liang yi qie hei an ye su dao lu zhen li he sheng ming pei de zhi sheng zun rong zhi dao yong yuan wan guo wan min qi lai jing bai zai sheng jie de guang zhong gao ju ye su ji du de ming tian shang di xia qi lai jing bai yuan rong yao dou gui ni yuan rong yao dou gui ni shi jie zhi guang ha li lu ya ha li lu ya
S4-7,PnW,是你的爱,"多么丰富无条件的爱，
无法测度一直都存在。
这就是耶稣祢的爱，
陪伴我永不离开。
心不再寂寞，因为我是祢最爱。
我是祢最爱。

祢的爱高过星宿海洋，
祢的爱大过我所想像，
祢对我的爱永远都不会更改；
祢的爱胜过黑暗死亡，
祢的爱温暖我像太阳，
祢对我的爱不会因时间更改。

不管是现在的事，
还是那将来的事，
都不能隔绝祢对我的爱；
不管是现在的事，
还是那将来的事，
都不能隔绝祢的爱。
这是祢的爱。",duo me feng fu wu tiao jian de ai wu fa ce duo yi zhi dou cun zai zhe jiu shi ye su mi de ai pei ban wo yong bu li kai xin bu zai ji mo yin wei wo shi mi zui ai wo shi mi zui ai mi de ai gao guo xing xiu hai yang mi de ai da guo wo suo xiang xiang mi dui wo de ai yong yuan dou bu hui geng gai mi de ai sheng guo hei an si wang mi de ai wen nuan wo xiang tai yang mi dui wo de ai bu hui yin shi jian geng gai bu guan shi xian zai de shi hai shi na jiang lai de shi dou bu neng ge jue mi dui wo de ai bu guan shi xian zai de shi hai shi na jiang lai de shi dou bu neng ge jue mi de ai zhe shi mi de ai
S4-8,PnW,谁能像祢,"谁能像你承担我忧虑
使我得安宁洁净我心灵
谁能像你摆上你自己
成为挽回祭赐我新生命
在这幽暗的途中
我要紧紧地跟随你
在这悖逆的时代
我要将生命献给你
因无人像你
谁能像你
亲爱主耶稣
如此深触我心",shui neng xiang ni cheng dan wo you lv shi wo de an ning jie jing wo xin ling shui neng xiang ni bai shang ni zi ji cheng wei wan hui ji ci wo xin sheng ming zai zhe you an de tu zhong wo yao jin jin di gen sui ni zai zhe bei ni de shi dai wo yao jiang sheng ming xian gei ni yin wu ren xiang ni shui neng xiang ni qin ai zhu ye su ru ci shen chu wo xin
S5-1,PnW,圣洁归于祢,"耶稣祢名超乎万名之名，在世上无一人能相比。
耶稣所有权柄尊荣归于祢，齐宣告，让世界都知道。
圣洁，圣洁，圣洁归于祢，荣耀，荣耀归于主圣名；
圣洁，圣洁，圣洁归于祢圣名，万膝跪拜，还要敬拜我主。
万国万邦，万口承认，耶稣基督是荣耀君王。
万国万邦，万口承认，耶稣基督是荣耀君王。",ye su mi ming chao hu wan ming zhi ming zai shi shang wu yi ren neng xiang bi ye su suo you quan bing zun rong gui yu mi qi xuan gao rang shi jie dou zhi dao sheng jie sheng jie sheng jie gui yu mi rong yao rong yao gui yu zhu sheng ming sheng jie sheng jie sheng jie gui yu mi sheng ming wan xi gui bai hai yao jing bai wo zhu wan guo wan bang wan kou cheng ren ye su ji du shi rong yao jun wang wan guo wan bang wan kou cheng ren ye su ji du shi rong yao jun wang
S5-2,PnW,圣洁全能主,"荣耀和尊贵，感谢都归于你，从永远到永远高坐宝座上。
荣耀和尊贵，感谢都归于你，昔在今在永在君主。
圣洁全能主，何等尊贵。
荣耀至高神，我敬拜你，圣洁全能主，至高的主。
荣耀尊贵和颂赞都归你。",rong yao he zun gui gan xie dou gui yu ni cong yong yuan dao yong yuan gao zuo bao zuo shang rong yao he zun gui gan xie dou gui yu ni xi zai jin zai yong zai jun zhu sheng jie quan neng zhu he deng zun gui rong yao zhi gao shen wo jing bai ni sheng jie quan neng zhu zhi gao de zhu rong yao zun gui he song zan dou gui ni
S5-3,PnW,神为你开路,"神为你开路
即使前方疑无路
他行奇事人不能知
他会为你开新路
他是我的主
与我肩并肩同步
人的尽头神的开始
我的新盼望
我的新路向",shen wei ni kai lu ji shi qian fang yi wu lu ta xing qi shi ren bu neng zhi ta hui wei ni kai xin lu ta shi wo de zhu yu wo jian bing jian tong bu ren de jin tou shen de kai shi wo de xin pan wang wo de xin lu xiang
S5-4,PnW,生命的凯歌,"曙光乍现天空中一片明亮
和煦朝阳轻抚着我的脸庞
空气里充满着花香鸟语
总诉说你荣美和慈爱
今天的我要活得不一样
主的双手引领我直前的路
神的大能是我的坚固膀臂
纵有风浪和艰难
我仍赞美我们的神
高声颂扬
丰盛的生命就在你我前方
天路历程赢得凯歌高唱
丰盛的生命就在你我前方
主必应许赐我们力量",shu guang zha xian tian kong zhong yi pian ming liang he xu zhao yang qing fu zhe wo de lian pang kong qi li chong man zhe hua xiang niao yu zong su shuo ni rong mei he ci ai jin tian de wo yao huo de bu yi yang zhu de shuang shou yin ling wo zhi qian de lu shen de da neng shi wo de jian gu bang bi zong you feng lang he jian nan wo reng zan mei wo men de shen gao sheng song yang feng sheng de sheng ming jiu zai ni wo qian fang tian lu li cheng ying de kai ge gao chang feng sheng de sheng ming jiu zai ni wo qian fang zhu bi ying xu ci wo men li liang
S5-5,PnW,诗篇23篇,"耶和华是我的牧者
我必不至缺乏
他使我躺卧青草地上
领我在可安歇的水边
他使我的灵魂苏醒
使我灵魂苏醒
为自己的名 引导我走义路
引导我走义路
我虽然行过死荫幽谷
也不怕遭害
因为你与我同在
你的杖和竿都安慰我
在我敌人面前你为我摆设筵席
你用油膏了我的头
使我福杯满溢
我一生一世必有恩惠
慈爱随着我
我且要住在耶和华的殿中
直到永永远远",ye he hua shi wo de mu zhe wo bi bu zhi que fa ta shi wo tang wo qing cao di shang ling wo zai ke an xie de shui bian ta shi wo de ling hun su xing shi wo ling hun su xing wei zi ji de ming yin dao wo zou yi lu yin dao wo zou yi lu wo sui ran xing guo si yin you gu ye bu pa zao hai yin wei ni yu wo tong zai ni de zhang he gan dou an wei wo zai wo di ren mian qian ni wei wo bai she yan xi ni yong you gao le wo de tou shi wo fu bei man yi wo yi sheng yi shi bi you en hui ci ai sui zhe wo wo qie yao zhu zai ye he hua de dian zhong zhi dao yong yong yuan yuan
S5-6,PnW,世人需要主,"人群走过我身旁，眼中忧愁无方向
心灵空虚又孤单，今朝又渺茫
多少挫折与困难，几乎已绝望
欢笑掩饰着忧伤，只有主看见

世人需要主，世人需要主
破碎美梦的尽头，恩门主打开
世人需要主，世人需要主
我们何时觉醒，（我们要舍生命）
因世人需要主！

世人需要主光照，过去错误才知道
不惜代价抢救灵魂，昼夜传扬主救恩
让人体会主的爱，彻悟能悔改
他们需要主福音，我们快传扬！",ren qun zou guo wo shen pang yan zhong you chou wu fang xiang xin ling kong xu you gu dan jin zhao you miao mang duo shao cuo zhe yu kun nan ji hu yi jue wang huan xiao yan shi zhe you shang zhi you zhu kan jian shi ren xu yao zhu shi ren xu yao zhu po sui mei meng de jin tou en men zhu da kai shi ren xu yao zhu shi ren xu yao zhu wo men he shi jue xing （ wo men yao she sheng ming ） yin shi ren xu yao zhu shi ren xu yao zhu guang zhao guo qu cuo wu cai zhi dao bu xi dai jia qiang jiu ling hun zhou ye chuan yang zhu jiu en rang ren ti hui zhu de ai che wu neng hui gai ta men xu yao zhu fu yin wo men kuai chuan yang
S6-1,PnW,沙漠中的赞美,"神关起一扇门，他必开一条新路。不疑惑，不软弱，我心仍要赞美。凡事信靠主，不失去盼望，因为我的主仍然在掌权。
赏赐的在于你，收取的你必代替。神旨意不能拦阻，我心仍要赞美。凡事信靠主，不失去盼望，因为我的主仍然在掌权。
他必在沙漠开江河，在旷野开道路，虽四面受敌却不被困住。我要在沙漠中赞美，在旷野中宣告：我的主永远掌权。",shen guan qi yi shan men ta bi kai yi tiao xin lu bu yi huo bu ruan ruo wo xin reng yao zan mei fan shi xin kao zhu bu shi qu pan wang yin wei wo de zhu reng ran zai zhang quan shang ci de zai yu ni shou qu de ni bi dai ti shen zhi yi bu neng lan zu wo xin reng yao zan mei fan shi xin kao zhu bu shi qu pan wang yin wei wo de zhu reng ran zai zhang quan ta bi zai sha mo kai jiang he zai kuang ye kai dao lu sui si mian shou di que bu bei kun zhu wo yao zai sha mo zhong zan mei zai kuang ye zhong xuan gao wo de zhu yong yuan zhang quan
S6-2,PnW,生命影响生命,"亲爱主 请你悦纳我心
一切我所有 甘心为你用
亲爱主 请你浇灌我灵
塑造 炼净我
只求能荣耀你名

我愿意献上我的生命
成为你手中圣洁的器皿
不再去效法世界
只求我心意能更新

让我的一切行为言语
滋润我周围枯萎的心灵
愿我的生命能够成为
影响生命的生命",qin ai zhu qing ni yue na wo xin yi qie wo suo you gan xin wei ni yong qin ai zhu qing ni jiao guan wo ling su zao lian jing wo zhi qiu neng rong yao ni ming wo yuan yi xian shang wo de sheng ming cheng wei ni shou zhong sheng jie de qi min bu zai qu xiao fa shi jie zhi qiu wo xin yi neng geng xin rang wo de yi qie xing wei yan yu zi run wo zhou wei ku wei de xin ling yuan wo de sheng ming neng gou cheng wei ying xiang sheng ming de sheng ming
S7-1,PnW,上帝的爱真奇妙,"天空七彩的虹桥，轻风扬起的微笑。
上帝的爱真奇妙，只要用心就能明了。
树梢吟唱的小鸟，海浪舞动的曲调。
上帝的爱真美好，只要聆听就能知道。
上帝的爱真奇妙，天涯海角永不动摇。
上帝的爱真美好，恩典慈爱伴你到老。
敞开心领受祂爱的拥抱，祂的爱是一生最珍贵的至宝。",tian kong qi cai de hong qiao qing feng yang qi de wei xiao shang di de ai zhen qi miao zhi yao yong xin jiu neng ming liao shu shao yin chang de xiao niao hai lang wu dong de qu diao shang di de ai zhen mei hao zhi yao ling ting jiu neng zhi dao shang di de ai zhen qi miao tian ya hai jiao yong bu dong yao shang di de ai zhen mei hao en dian ci ai ban ni dao lao chang kai xin ling shou ta ai de yong bao ta de ai shi yi sheng zui zhen gui de zhi bao
S8-1,PnW,神哪我要赞美祢,天属你，地也属你，神啊我要赞美你，世界属你，是你建立。神啊我要赞美你，南北属你，是你所定。神啊我要赞美你，公义属你，慈爱属你。神啊我要赞美你，哈，哈利路亚，哈利路亚，哈利路亚，哈利路亚，哈利路亚，哈利路亚，哈利路亚。,tian shu ni di ye shu ni shen a wo yao zan mei ni shi jie shu ni shi ni jian li shen a wo yao zan mei ni nan bei shu ni shi ni suo ding shen a wo yao zan mei ni gong yi shu ni ci ai shu ni shen a wo yao zan mei ni ha ha li lu ya ha li lu ya ha li lu ya ha li lu ya ha li lu ya ha li lu ya ha li lu ya
S8-2,PnW,所有的荣耀归于你,"荣耀归于祢
权柄归于祢
羔羊已作王
从今时到永远
荣耀归于祢
权柄归于祢
愿颂赞永远不停
所有的荣耀归于祢
万民敬拜祢座前
所有的荣耀归于祢
荣耀归于羔羊",rong yao gui yu mi quan bing gui yu mi gao yang yi zuo wang cong jin shi dao yong yuan rong yao gui yu mi quan bing gui yu mi yuan song zan yong yuan bu ting suo you de rong yao gui yu mi wan min jing bai mi zuo qian suo you de rong yao gui yu mi rong yao gui yu gao yang
S9-1,PnW,上帝的儿女何等有福,"在压力中仍能平静，在忙碌中仍能悠闲。
在失败中仍能欢笑，在忧伤中仍能颂赞。
在绝望中仍有盼望，在冷漠中仍有关怀。
在困境中仍有出路，在死亡中仍有生命。
上帝的儿女何等有福，有福，有福。
上帝的儿女何等有福，有福，有福。
上帝的儿女何等有福，福再福。",zai ya li zhong reng neng ping jing zai mang lu zhong reng neng you xian zai shi bai zhong reng neng huan xiao zai you shang zhong reng neng song zan zai jue wang zhong reng you pan wang zai leng mo zhong reng you guan huai zai kun jing zhong reng you chu lu zai si wang zhong reng you sheng ming shang di de er nv he deng you fu you fu you fu shang di de er nv he deng you fu you fu you fu shang di de er nv he deng you fu fu zai fu
T2-1,PnW,同声,"父啊我们今天求你
医治我们的地
我们心织一片
你的荣耀彰显在其中
世界必知道
耶稣基督是主

让我们同声称颂你的圣名
让我们同声宣告你已掌权
让我们同声在爱中齐和谐
哦我主求你赐我们合一

现在让我与你同心
我们心连心赞美
愿耶稣的圣名
在天地欢呼声中被高举
世界必知道耶稣基督是主",fu a wo men jin tian qiu ni yi zhi wo men de di wo men xin zhi yi pian ni de rong yao zhang xian zai qi zhong shi jie bi zhi dao ye su ji du shi zhu rang wo men tong sheng cheng song ni de sheng ming rang wo men tong sheng xuan gao ni yi zhang quan rang wo men tong sheng zai ai zhong qi he xie o wo zhu qiu ni ci wo men he yi xian zai rang wo yu ni tong xin wo men xin lian xin zan mei yuan ye su de sheng ming zai tian di huan hu sheng zhong bei gao ju shi jie bi zhi dao ye su ji du shi zhu
T3-1,PnW,同路人,"只因为我们都是同路人 才会有同样的经历
只因为我们都是同路人 才会有同样的追求
同甘苦 共患难 只有同路人最亲
同流泪 同喜乐 只有同路人最真诚
感谢神让我们在真道上相逢 成为同路人
我们内心发出同声地歌唱 赞美奇妙救恩
心灵合一 相互理解 同路人一定要同心
美好的盼望 永恒的国度 永远属于我们",zhi yin wei wo men dou shi tong lu ren cai hui you tong yang de jing li zhi yin wei wo men dou shi tong lu ren cai hui you tong yang de zhui qiu tong gan ku gong huan nan zhi you tong lu ren zui qin tong liu lei tong xi le zhi you tong lu ren zui zhen cheng gan xie shen rang wo men zai zhen dao shang xiang feng cheng wei tong lu ren wo men nei xin fa chu tong sheng di ge chang zan mei qi miao jiu en xin ling he yi xiang hu li jie tong lu ren yi ding yao tong xin mei hao de pan wang yong heng de guo du yong yuan shu yu wo men
T4-1,PnW,同奔天路,"道路虽崎岖，还是要坚持下去，为主撒种实在是不容易；但靠主恩万事成，前面困难何畏惧，抬起头来，鼓起勇气。
谁不愿安舒，我们却选十架路，既已踏上要完成这征途；虽经挫败不泄气，因有彩虹作应许，明天还是一样灿烂与美丽。
亲爱弟兄姐妹，我们本是陌路人，但是感谢主恩我们成知己，彼此接纳包容在主内合一，仰望基督同奔天路快乐无比。",dao lu sui qi qu hai shi yao jian chi xia qu wei zhu sa zhong shi zai shi bu rong yi dan kao zhu en wan shi cheng qian mian kun nan he wei ju tai qi tou lai gu qi yong qi shui bu yuan an shu wo men que xuan shi jia lu ji yi ta shang yao wan cheng zhe zheng tu sui jing cuo bai bu xie qi yin you cai hong zuo ying xu ming tian hai shi yi yang can lan yu mei li qin ai di xiong jie mei wo men ben shi mo lu ren dan shi gan xie zhu en wo men cheng zhi ji bi ci jie na bao rong zai zhu nei he yi yang wang ji du tong ben tian lu kuai le wu bi
T5-1,PnW,他名是全能,"祂名是全能，全能的上帝，主啊我敬拜你。
一切祂都能，万事都可能，宇宙万物主宰。
当我感到没有能力，没有人我可寻觅，你的爱使我坚固，你的名给我归属。
耶和华全能者，为我成就，必然成就这事。",ta ming shi quan neng quan neng de shang di zhu a wo jing bai ni yi qie ta dou neng wan shi dou ke neng yu zhou wan wu zhu zai dang wo gan dao mei you neng li mei you ren wo ke xun mi ni de ai shi wo jian gu ni de ming gei wo gui shu ye he hua quan neng zhe wei wo cheng jiu bi ran cheng jiu zhe shi
T5-2,PnW,天父感谢祢,"天父感谢你所成就的事，你曾白白赐给我爱子；
我要赞美你，呼召我，引我亲近，虽曾瞎眼你使我看见。

生命的圣灵，你是上帝生命圣火，你曾用火焰已熔化我心；
我知道，你要炼净我，改变我生命，靠着信心你指示我真美道。

主耶稣，我要你作生命之主，我愿自己献给你；
我主啊，我愿来服在你仁慈圣手下，凡事要赞美你直到见你。",tian fu gan xie ni suo cheng jiu de shi ni ceng bai bai ci gei wo ai zi wo yao zan mei ni hu zhao wo yin wo qin jin sui ceng xia yan ni shi wo kan jian sheng ming de sheng ling ni shi shang di sheng ming sheng huo ni ceng yong huo yan yi rong hua wo xin wo zhi dao ni yao lian jing wo gai bian wo sheng ming kao zhe xin xin ni zhi shi wo zhen mei dao zhu ye su wo yao ni zuo sheng ming zhi zhu wo yuan zi ji xian gei ni wo zhu a wo yuan lai fu zai ni ren ci sheng shou xia fan shi yao zan mei ni zhi dao jian ni
T6-1,PnW,祂是世界的光,"每当我想起主耶稣的爱，我的心充满欢欣，祂的爱温暖我的心，填满我心灵空虚，每当我想起主耶稣的爱，我的心充满欢欣，祂的话常在我的心，指引我人生的方向。
祂是光，祂是世界的光，跟随祂不再黑暗，祂是光，祂是世界的光，跟随祂要得着生命的光。",mei dang wo xiang qi zhu ye su de ai wo de xin chong man huan xin ta de ai wen nuan wo de xin tian man wo xin ling kong xu mei dang wo xiang qi zhu ye su de ai wo de xin chong man huan xin ta de hua chang zai wo de xin zhi yin wo ren sheng de fang xiang ta shi guang ta shi shi jie de guang gen sui ta bu zai hei an ta shi guang ta shi shi jie de guang gen sui ta yao de zhe sheng ming de guang
T7-1,PnW,弹琴歌唱赞美祢,"我要弹琴歌唱称颂祢名，因为祢大作为真奇妙。
全地都当扬声述说祢的荣耀，全心来赞美祢。
击鼓跳舞，弹各样乐器，来拍掌，欢然起唱和。
见证荣耀大君王已降临，宣告主已得胜。喔！
哈利路亚，哈利路赞美主！哈利路亚，哈利路赞美主！
哈利路亚，主我称颂祢；哈利路亚，祢已得胜！",wo yao tan qin ge chang cheng song mi ming yin wei mi da zuo wei zhen qi miao quan di dou dang yang sheng shu shuo mi de rong yao quan xin lai zan mei mi ji gu tiao wu dan ge yang yue qi lai pai zhang huan ran qi chang he jian zheng rong yao da jun wang yi jiang lin xuan gao zhu yi de sheng o ha li lu ya ha li lu zan mei zhu ha li lu ya ha li lu zan mei zhu ha li lu ya zhu wo cheng song mi ha li lu ya mi yi de sheng
W10-1,PnW,我的神我的父我的磐石,"我的神，我的父，我的磐石，我敬拜你。
你的慈爱，坚固的慈爱，永远屹立不毁，建立到万代。
我的神，我的父，我的拯救，我赞美你。
你的信实，恒久的信实，永永远远坚立天上。
我要欢呼，向你举双手，向你扬声高唱，哈利路亚。
因你喜悦我们，是我的力量荣耀，走在光明中与你同行。
我要欢呼，向你举双手，向你扬声高唱，哈利路亚。
你是我的主宰，谁能与我的神相比，我一生向你俯伏敬拜。",wo de shen wo de fu wo de pan shi wo jing bai ni ni de ci ai jian gu de ci ai yong yuan yi li bu hui jian li dao wan dai wo de shen wo de fu wo de zheng jiu wo zan mei ni ni de xin shi heng jiu de xin shi yong yong yuan yuan jian li tian shang wo yao huan hu xiang ni ju shuang shou xiang ni yang sheng gao chang ha li lu ya yin ni xi yue wo men shi wo de li liang rong yao zou zai guang ming zhong yu ni tong hang wo yao huan hu xiang ni ju shuang shou xiang ni yang sheng gao chang ha li lu ya ni shi wo de zhu zai shui neng yu wo de shen xiang bi wo yi sheng xiang ni fu fu jing bai
W10-2,PnW,我的心你要称颂耶和华,"我的心你要称颂耶和华不可忘记他的恩惠
他赦免你一切过犯罪孽医治你疾病复原
我的心你要称颂耶和华不可忘记他的恩惠
他以仁爱慈悲为你冠冕为受屈的人伸冤
天离地有何等的高他的慈爱也何等的深
东离西有多么的远他使我的过犯也离我多远
耶和华有怜悯的爱且有丰盛无尽的恩典
从亘古直到永远耶和华他是我的神",wo de xin ni yao cheng song ye he hua bu ke wang ji ta de en hui ta she mian ni yi qie guo fan zui nie yi zhi ni ji bing fu yuan wo de xin ni yao cheng song ye he hua bu ke wang ji ta de en hui ta yi ren ai ci bei wei ni guan mian wei shou qu de ren shen yuan tian li di you he deng de gao ta de ci ai ye he deng de shen dong li xi you duo me de yuan ta shi wo de guo fan ye li wo duo yuan ye he hua you lian min de ai qie you feng sheng wu jin de en dian cong gen gu zhi dao yong yuan ye he hua ta shi wo de shen
W10-3,PnW,我需要有祢在我生命中,"哦主，求你保守我的心，我的意念，使我能够遵行你旨意。
我愿将你话语深藏在我心，作路上的光，成为我脚前的灯。
主，求你坚固我信心，我的力量，使我得以勇敢向前行。
因我知道有时我仍会软弱，求你带领我，使我不会再退缩。
我需要有你在我生命中，好让我一生能学你的样式。
使我能成为你所喜悦的儿女，使我的生命能够彰显你荣耀。",o zhu qiu ni bao shou wo de xin wo de yi nian shi wo neng gou zun xing ni zhi yi wo yuan jiang ni hua yu shen cang zai wo xin zuo lu shang de guang cheng wei wo jiao qian de deng zhu qiu ni jian gu wo xin xin wo de li liang shi wo de yi yong gan xiang qian xing yin wo zhi dao you shi wo reng hui ruan ruo qiu ni dai ling wo shi wo bu hui zai tui suo wo xu yao you ni zai wo sheng ming zhong hao rang wo yi sheng neng xue ni de yang shi shi wo neng cheng wei ni suo xi yue de er nv shi wo de sheng ming neng gou zhang xian ni rong yao
W10-4,PnW,我要唱耶和华的大慈愛,"我要唱耶和华的大慈爱到永远
我要唱 我要唱
我要唱耶和华的大慈爱到永远
我要唱耶和华的大慈爱
用我口 叫人知道
你大信实 你大信实
用我口 叫人知道
你大信实直到永远万代",wo yao chang ye he hua de da ci ai dao yong yuan wo yao chang wo yao chang wo yao chang ye he hua de da ci ai dao yong yuan wo yao chang ye he hua de da ci ai yong wo kou jiao ren zhi dao ni da xin shi ni da xin shi yong wo kou jiao ren zhi dao ni da xin shi zhi dao yong yuan wan dai
W10-5,PnW,我必须有主在我生命中,我必须有主在我生命中，我必须有主在我心。在我行走，在我谈话，在我休息，在我苏醒，必须有主在我心。,wo bi xu you zhu zai wo sheng ming zhong wo bi xu you zhu zai wo xin zai wo xing zou zai wo tan hua zai wo xiu xi zai wo su xing bi xu you zhu zai wo xin
W3-1,PnW,为了爱,"为了爱 祂来到世界上
离开尊贵 变成人一样
为了爱 犹太为故乡
渔夫是朋友 父亲是木匠
为了爱 耶稣来到这地方
给我新生命 自由和理想
为了爱 祂被钉十字架
祂的爱 使我心有盼望",wei le ai ta lai dao shi jie shang li kai zun gui bian cheng ren yi yang wei le ai you tai wei gu xiang yu fu shi peng you fu qin shi mu jiang wei le ai ye su lai dao zhe di fang gei wo xin sheng ming zi you he li xiang wei le ai ta bei ding shi zi jia ta de ai shi wo xin you pan wang
W3-2,PnW,惟有祢,"惟有你，惟有你，惟有你是我所爱。
惟有你，哦主我王，我愿能更认识你。
我全心，我全人，都向你深深敬拜。
圣洁，圣洁，尊贵尊贵之主，我爱你，耶稣。",wei you ni wei you ni wei you ni shi wo suo ai wei you ni o zhu wo wang wo yuan neng geng ren shi ni wo quan xin wo quan ren dou xiang ni shen shen jing bai sheng jie sheng jie zun gui zun gui zhi zhu wo ai ni ye su
W3-3,PnW,我相信,"我爱天父创造世界，我相信耶稣死里复活。
我相信圣灵住在我心，赐给我勇气莫大能力。
我相信，我相信祢是主真神，永远得胜君王。
我敬拜，高举耶稣基督的名，超乎万名之上的名。
耶稣是主；基督是主；死亡的毒钩，你在哪里？
坟墓不能胜过祂复活的能力。
耶稣是主；耶稣是主；万膝要跪拜，万口承认，耶稣基督是世界的主。",wo ai tian fu chuang zao shi jie wo xiang xin ye su si li fu huo wo xiang xin sheng ling zhu zai wo xin ci gei wo yong qi mo da neng li wo xiang xin wo xiang xin mi shi zhu zhen shen yong yuan de sheng jun wang wo jing bai gao ju ye su ji du de ming chao hu wan ming zhi shang de ming ye su shi zhu ji du shi zhu si wang de du gou ni zai na li fen mu bu neng sheng guo ta fu huo de neng li ye su shi zhu ye su shi zhu wan xi yao gui bai wan kou cheng ren ye su ji du shi shi jie de zhu
W4-10,PnW,我们呼求,"主我们同心在你面前，以禁食寻求你面。
我们转离所有的恶行，定意单单跟随你。
主我们是属你的子民，求赐下父神的心。
我们要回转向你父神，也要看见复兴。
主我们国家是属于你，求你来掌管全地。
愿你来怜悯医治这地，荣耀再次降临。
我们呼求你阿爸父，设立你宝座在这地；
你必睁眼看侧耳垂听，奉主名的呼求。
万民都要来敬拜你，荣耀高举你的圣名；
复兴这地，全能的君王，我们欢迎你。",zhu wo men tong xin zai ni mian qian yi jin shi xun qiu ni mian wo men zhuan li suo you de e xing ding yi dan dan gen sui ni zhu wo men shi shu ni de zi min qiu ci xia fu shen de xin wo men yao hui zhuan xiang ni fu shen ye yao kan jian fu xing zhu wo men guo jia shi shu yu ni qiu ni lai zhang guan quan di yuan ni lai lian min yi zhi zhe di rong yao zai ci jiang lin wo men hu qiu ni a ba fu she li ni bao zuo zai zhe di ni bi zheng yan kan ce er chui ting feng zhu ming de hu qiu wan min dou yao lai jing bai ni rong yao gao ju ni de sheng ming fu xing zhe di quan neng de jun wang wo men huan ying ni
W4-11,PnW,我是主羊,"主领我到青草地，安歇在溪水旁，黄昏时主与我一路同行。
牧场上主的羊都得饱足心快畅，我是主羊。
青草地，溪水旁，黄昏时有主与我同行。
尽情饱餐，奇妙安息，黄昏时有主与我同行。
黑暗夜，路崎岖，每一步步随主行。
死荫幽谷，高山峻岭，每一步步随主行。",zhu ling wo dao qing cao di an xie zai xi shui pang huang hun shi zhu yu wo yi lu tong hang mu chang shang zhu de yang dou de bao zu xin kuai chang wo shi zhu yang qing cao di xi shui pang huang hun shi you zhu yu wo tong hang jin qing bao can qi miao an xi huang hun shi you zhu yu wo tong hang hei an ye lu qi qu mei yi bu bu sui zhu xing si yin you gu gao shan jun ling mei yi bu bu sui zhu xing
W4-12,PnW,我要看见,"求你降下同在，在你子民的敬拜中；
求你显出荣耀，在你子民的赞美中。
我要看见，我要看见，如同摩西看见你的荣耀。
我要看见，我要看见，这世代要看见你荣耀。
我们呼求你的名，求你恩待我们；
我们宣告你的名，求你怜悯我们。
求你与我们同行，使我们得安息，在你眼前蒙恩。
我要看见，我要看见，如同摩西看见你的荣耀。
我要看见，我要看见，这世代要看见你荣耀。",qiu ni jiang xia tong zai zai ni zi min de jing bai zhong qiu ni xian chu rong yao zai ni zi min de zan mei zhong wo yao kan jian wo yao kan jian ru tong mo xi kan jian ni de rong yao wo yao kan jian wo yao kan jian zhe shi dai yao kan jian ni rong yao wo men hu qiu ni de ming qiu ni en dai wo men wo men xuan gao ni de ming qiu ni lian min wo men qiu ni yu wo men tong hang shi wo men de an xi zai ni yan qian meng en wo yao kan jian wo yao kan jian ru tong mo xi kan jian ni de rong yao wo yao kan jian wo yao kan jian zhe shi dai yao kan jian ni rong yao
W4-13,PnW,我要顺服,"耶稣基督是至宝，是生命中的美好。
十字架是我的荣耀，一生都跟随快跑。
我要顺服，因为我爱你，无论何处到哪里都忠心。
世界万物都丢弃看作粪土，为要得着耶稣基督。
我要顺服，因为我爱你，无论何处到哪里都忠心。
一生活出基督福音的托付，献给耶稣我所有的全部。",ye su ji du shi zhi bao shi sheng ming zhong de mei hao shi zi jia shi wo de rong yao yi sheng dou gen sui kuai pao wo yao shun fu yin wei wo ai ni wu lun he chu dao na li dou zhong xin shi jie wan wu dou diu qi kan zuo fen tu wei yao de zhe ye su ji du wo yao shun fu yin wei wo ai ni wu lun he chu dao na li dou zhong xin yi sheng huo chu ji du fu yin de tuo fu xian gei ye su wo suo you de quan bu
W4-14,PnW,我要颂扬,"我要颂扬颂扬那造眼睛的主
因为万事他都看见
我要颂扬颂扬那造耳朵的主
因为万事他都听见
哈利路亚 哈利路亚
一切他都知道他都明了
哈利路亚 哈利路亚
一切他都知道他都明了
我要颂扬颂扬那显公义的主
他的国度是权柄荣耀
我要颂扬颂扬那显慈爱的主
他的信实永不动摇",wo yao song yang song yang na zao yan jing de zhu yin wei wan shi ta dou kan jian wo yao song yang song yang na zao er duo de zhu yin wei wan shi ta dou ting jian ha li lu ya ha li lu ya yi qie ta dou zhi dao ta dou ming liao ha li lu ya ha li lu ya yi qie ta dou zhi dao ta dou ming liao wo yao song yang song yang na xian gong yi de zhu ta de guo du shi quan bing rong yao wo yao song yang song yang na xian ci ai de zhu ta de xin shi yong bu dong yao
W4-15,PnW,无价至宝,我的名字，刻画在祢心中；我的脸孔，深映在祢眼中。不是因为我努力才能，乃是因着祢奇妙宽容恩典。虽然有时我会跌倒软弱，祢却一直包容不放弃我。用祢慈爱紧紧地拥抱，我赞美祢宝贵奇妙大爱。唯有祢配得所有的赞美，一切尊贵、荣耀。主祢的十架是无价至宝，祢是我赞美的主，耶稣。,wo de ming zi ke hua zai mi xin zhong wo de lian kong shen ying zai mi yan zhong bu shi yin wei wo nu li cai neng nai shi yin zhe mi qi miao kuan rong en dian sui ran you shi wo hui die dao ruan ruo mi que yi zhi bao rong bu fang qi wo yong mi ci ai jin jin di yong bao wo zan mei mi bao gui qi miao da ai wei you mi pei de suo you de zan mei yi qie zun gui rong yao zhu mi de shi jia shi wu jia zhi bao mi shi wo zan mei de zhu ye su
W4-2,PnW,万王之王,"在黑暗中我们等待，没盼望没光明，直到你
从天堂奔来，你眼中满有怜悯，为应验
律法和先知预言，道出自童贞女，
荣耀宝座上，降在污秽马槽里。

为彰显你国度降临，失丧的与神和好，为赎回
所有造万物，你甘愿承受十架。当你还
在苦难之中，已看见前面喜乐，定意为
受苦时，耶稣为我舍出生命。

在你复活的清晨，众天堂屏住呼吸，直到石
头被挪开，羔羊胜过了死亡。死去的
圣徒复活，天使都敬畏站立，凡属前
来的灵魂，都回归天父身边。基督的

教会诞生，圣灵点燃了火焰，这亘古
福音真理，不衰退不妥协。因着他
宝血圣名，我得自由得释放，因耶稣
基督的爱，赐给我复活生命。

赞美圣父与圣子，赞美圣灵，
三一神，荣耀真神，至高主，赞美永归于万王之王。",zai hei an zhong wo men deng dai mei pan wang mei guang ming zhi dao ni cong tian tang ben lai ni yan zhong man you lian min wei ying yan lv fa he xian zhi yu yan dao chu zi tong zhen nv rong yao bao zuo shang jiang zai wu hui ma cao li wei zhang xian ni guo du jiang lin shi sang de yu shen he hao wei shu hui suo you zao wan wu ni gan yuan cheng shou shi jia dang ni hai zai ku nan zhi zhong yi kan jian qian mian xi le ding yi wei shou ku shi ye su wei wo she chu sheng ming zai ni fu huo de qing chen zhong tian tang bing zhu hu xi zhi dao shi tou bei nuo kai gao yang sheng guo le si wang si qu de sheng tu fu huo tian shi dou jing wei zhan li fan shu qian lai de ling hun dou hui gui tian fu shen bian ji du de jiao hui dan sheng sheng ling dian ran le huo yan zhe gen gu fu yin zhen li bu shuai tui bu tuo xie yin zhe ta bao xue sheng ming wo de zi you de shi fang yin ye su ji du de ai ci gei wo fu huo sheng ming zan mei sheng fu yu sheng zi zan mei sheng ling san yi shen rong yao zhen shen zhi gao zhu zan mei yong gui yu wan wang zhi wang
W4-3,PnW,委身之歌,"我的心为你歌唱，我的灵因你刚强；
你的爱在我里面温暖，催我在世上作光。
我愿意为你摆上，我愿意尊你为王；
指教我体贴你的心肠，忠心持守直前勇往。
将我的眼光，定睛在你的身上，
即使我在惊涛骇浪之中，仍有信心和异象；
将我的眼光，定睛在你的身上，
我一生要向着标竿直跑，直到终点得着奖赏。",wo de xin wei ni ge chang wo de ling yin ni gang qiang ni de ai zai wo li mian wen nuan cui wo zai shi shang zuo guang wo yuan yi wei ni bai shang wo yuan yi zun ni wei wang zhi jiao wo ti tie ni de xin chang zhong xin chi shou zhi qian yong wang jiang wo de yan guang ding jing zai ni de shen shang ji shi wo zai jing tao hai lang zhi zhong reng you xin xin he yi xiang jiang wo de yan guang ding jing zai ni de shen shang wo yi sheng yao xiang zhe biao gan zhi pao zhi dao zhong dian de zhe jiang shang
W4-4,PnW,唯一所求,"哦主谁能与你相比
你伟大的爱毫无保留
你是我唯一所求
你奇妙的爱超乎世上所有
主我要多爱你一些
靠着你丰盛的恩典
你的荣光照射昼夜
使瞎眼能看见
我愿意献上我一切
直到我与你面对面
盼望相遇得赎那一天
炼净我
塑造我
你是我唯一所求
引领我
扶持我
你是我唯一所求",o zhu shui neng yu ni xiang bi ni wei da de ai hao wu bao liu ni shi wo wei yi suo qiu ni qi miao de ai chao hu shi shang suo you zhu wo yao duo ai ni yi xie kao zhe ni feng sheng de en dian ni de rong guang zhao she zhou ye shi xia yan neng kan jian wo yuan yi xian shang wo yi qie zhi dao wo yu ni mian dui mian pan wang xiang yu de shu na yi tian lian jing wo su zao wo ni shi wo wei yi suo qiu yin ling wo fu chi wo ni shi wo wei yi suo qiu
W4-5,PnW,唯有耶稣,"耶稣你能使瞎眼看见，耶稣你能医治伤心人；
耶稣你有权柄释放，叫不可能变为可能。
唯有耶稣掌管天地万有，唯有耶稣能使水变成酒。
叫狂风巨浪平息，大能赦罪行神迹，耶稣无人与你相比。",ye su ni neng shi xia yan kan jian ye su ni neng yi zhi shang xin ren ye su ni you quan bing shi fang jiao bu ke neng bian wei ke neng wei you ye su zhang guan tian di wan you wei you ye su neng shi shui bian cheng jiu jiao kuang feng ju lang ping xi da neng she zui xing shen ji ye su wu ren yu ni xiang bi
W4-6,PnW,为主而活,"为耶稣而活，才是真生命
常讨主喜悦，常尊敬主名
常为主作证，常祷告警醒
向着荣美家，奔走我路程
耶稣我亲爱救主，我献身心给你
因你在十字架上，甘愿为我舍己
你是我唯一救主，我心为你宝座
我活着是为主而活，主啊我只属你",wei ye su er huo cai shi zhen sheng ming chang tao zhu xi yue chang zun jing zhu ming chang wei zhu zuo zheng chang dao gao jing xing xiang zhe rong mei jia ben zou wo lu cheng ye su wo qin ai jiu zhu wo xian shen xin gei ni yin ni zai shi zi jia shang gan yuan wei wo she ji ni shi wo wei yi jiu zhu wo xin wei ni bao zuo wo huo zhe shi wei zhu er huo zhu a wo zhi shu ni
W4-7,PnW,我不在乎,"耶稣的爱像春风吹来，把冰封的心打开；
耶稣的爱像汪洋大海，任我徜徉自在。
我不在乎人生孤独，我有耶稣爱我，耶稣与我同住；
我不在乎人生辛苦，我有耶稣爱我，耶稣作我主。",ye su de ai xiang chun feng chui lai ba bing feng de xin da kai ye su de ai xiang wang yang da hai ren wo chang yang zi zai wo bu zai hu ren sheng gu du wo you ye su ai wo ye su yu wo tong zhu wo bu zai hu ren sheng xin ku wo you ye su ai wo ye su zuo wo zhu
W4-8,PnW,我的心哪,我的心哪，你为何忧闷？为何在我里面烦躁？我的心哪，当仰望神，祂用笑脸帮助我们。祂用笑脸帮助我们，祂用笑脸帮助我们，祂用笑脸帮助我们，是我的力量，是我的神。,wo de xin na ni wei he you men wei he zai wo li mian fan zao wo de xin na dang yang wang shen ta yong xiao lian bang zhu wo men ta yong xiao lian bang zhu wo men ta yong xiao lian bang zhu wo men ta yong xiao lian bang zhu wo men shi wo de li liang shi wo de shen
W4-9,PnW,我今奉献,主啊，我今奉献，献上卑微器皿，洁净我，充满我，以宝血与圣灵，以真理教导我，以圣爱充满我，圣火焚我心灵，忠心传扬福音。,zhu a wo jin feng xian xian shang bei wei qi min jie jing wo chong man wo yi bao xue yu sheng ling yi zhen li jiao dao wo yi sheng ai chong man wo sheng huo fen wo xin ling zhong xin chuan yang fu yin
W5-1,PnW,伟大奇妙神,"我们有伟大奇妙神，他创造天地和万物。
我们有伟大奇妙神，他使瞎眼看见，瘸腿能行走。
在他没有难成的事，在他没有难成的事，哦。
全能的上帝，在你没有难成的事。
在你没有难成的事。
在你没有难成的事。

用圣灵与火为我施洗，赐我充满天上的能力；
愿圣火烧尽邪僻和私欲，因为我愿为你去。
成为我的异象，荣耀救主，使万国的荣华富都失色；
赐我爱灵魂的心一无畏惧，因为我愿为你去。
愿你牵我手，引我前行，我只愿合你心意；
看万事为损失，受苦为小事，靠你的恩典站立。
神圣的灵，融化我！神圣的火，燃烧我！
神圣的使命，占有我！神圣的爱，引领我！

我愿意为你敞开我自己，使你灵运行在我的生命。
我愿意为你安静我的心，倾听你温柔的声音，使你爱充满我灵。
我愿意为你放下我自己，更新我心意能与你合一。
我愿意为你降服我自己，我愿谦卑我的心，献上我所有给你。
耶稣求你炼净我心。所有不属于你，我都为你放弃，
不留任何余地，我都愿意交托给你，让我一生只为你。
我做了决定，全心跟随你。
让我一生只为你。",wo men you wei da qi miao shen ta chuang zao tian di he wan wu wo men you wei da qi miao shen ta shi xia yan kan jian que tui neng xing zou zai ta mei you nan cheng de shi zai ta mei you nan cheng de shi o quan neng de shang di zai ni mei you nan cheng de shi zai ni mei you nan cheng de shi zai ni mei you nan cheng de shi yong sheng ling yu huo wei wo shi xi ci wo chong man tian shang de neng li yuan sheng huo shao jin xie pi he si yu yin wei wo yuan wei ni qu cheng wei wo de yi xiang rong yao jiu zhu shi wan guo de rong hua fu dou shi se ci wo ai ling hun de xin yi wu wei ju yin wei wo yuan wei ni qu yuan ni qian wo shou yin wo qian xing wo zhi yuan he ni xin yi kan wan shi wei sun shi shou ku wei xiao shi kao ni de en dian zhan li shen sheng de ling rong hua wo shen sheng de huo ran shao wo shen sheng de shi ming zhan you wo shen sheng de ai yin ling wo wo yuan yi wei ni chang kai wo zi ji shi ni ling yun xing zai wo de sheng ming wo yuan yi wei ni an jing wo de xin qing ting ni wen rou de sheng yin shi ni ai chong man wo ling wo yuan yi wei ni fang xia wo zi ji geng xin wo xin yi neng yu ni he yi wo yuan yi wei ni xiang fu wo zi ji wo yuan qian bei wo de xin xian shang wo suo you gei ni ye su qiu ni lian jing wo xin suo you bu shu yu ni wo dou wei ni fang qi bu liu ren he yu di wo dou yuan yi jiao tuo gei ni rang wo yi sheng zhi wei ni wo zuo le jue ding quan xin gen sui ni rang wo yi sheng zhi wei ni
W5-10,PnW,我愿为祢去,"用圣灵与火为我施洗，赐我充满天上的能力；愿圣火烧尽邪情和私欲，因为我愿为你去。
成为我的异象荣耀救主，使万国的荣华富贵都失色；赐我爱你的心一无畏惧，因为我愿为你去。
差遣我，钉痕手引我前行，我只愿合你心意；看万事为损失，受苦为小事，靠你的恩典站立。
神圣的爱，融化我！神圣的火，燃烧我！神圣的使命，占有我！神圣的爱，引领我！",yong sheng ling yu huo wei wo shi xi ci wo chong man tian shang de neng li yuan sheng huo shao jin xie qing he si yu yin wei wo yuan wei ni qu cheng wei wo de yi xiang rong yao jiu zhu shi wan guo de rong hua fu gui dou shi se ci wo ai ni de xin yi wu wei ju yin wei wo yuan wei ni qu chai qian wo ding hen shou yin wo qian xing wo zhi yuan he ni xin yi kan wan shi wei sun shi shou ku wei xiao shi kao ni de en dian zhan li shen sheng de ai rong hua wo shen sheng de huo ran shao wo shen sheng de shi ming zhan you wo shen sheng de ai yin ling wo
W5-11,PnW,我原意为祢,"我愿意为祢，敞开我自己，使祢灵运行在我的生命。
我愿意为祢，放下我自己，更新我心意能与祢合一。
我愿意为祢，安静我的心，倾听祢温柔的声音，使祢爱充满我灵。
我愿意为祢，降服我自己，我屈膝谦卑我的心，献上我所有给祢。
耶稣求祢炼净我心，所有不属于祢，我都为祢放弃，不留任何余地，我都愿意交托给祢，让我一生只为祢。
我做了决定，全心跟随祢。
我做了决定，全心跟随祢，让我一生只为祢。",wo yuan yi wei mi chang kai wo zi ji shi mi ling yun xing zai wo de sheng ming wo yuan yi wei mi fang xia wo zi ji geng xin wo xin yi neng yu mi he yi wo yuan yi wei mi an jing wo de xin qing ting mi wen rou de sheng yin shi mi ai chong man wo ling wo yuan yi wei mi xiang fu wo zi ji wo qu xi qian bei wo de xin xian shang wo suo you gei mi ye su qiu mi lian jing wo xin suo you bu shu yu mi wo dou wei mi fang qi bu liu ren he yu di wo dou yuan yi jiao tuo gei mi rang wo yi sheng zhi wei mi wo zuo le jue ding quan xin gen sui mi wo zuo le jue ding quan xin gen sui mi rang wo yi sheng zhi wei mi
W5-2,PnW,唯独依靠你,"若非你流出宝血赎回我，我怎能有机会重新来过。
看见我所有罪恶和软弱，你却用完全的爱接纳我。
虽然我曾有失信远离过，但你信实仍紧紧抓住我。
学会放手不再靠自己活，只夸耀你一切为我所做。
唯独倚靠你，唯独倚靠你，无价的宝血，映出真实的我，多么不等价的替换。
唯独倚靠你，唯独倚靠你，成就永恒，坚定不移的约，天涯海角你把我寻回，耶稣。
因你的宝血，恩典的宝血，修补一切，再次立约。
因你的宝血，牺牲的宝血，坦然无惧，到你面前。
因你的宝血，到你面前，无瑕疵的爱来到破碎的我面前。",ruo fei ni liu chu bao xue shu hui wo wo zen neng you ji hui chong xin lai guo kan jian wo suo you zui e he ruan ruo ni que yong wan quan de ai jie na wo sui ran wo ceng you shi xin yuan li guo dan ni xin shi reng jin jin zhua zhu wo xue hui fang shou bu zai kao zi ji huo zhi kua yao ni yi qie wei wo suo zuo wei du yi kao ni wei du yi kao ni wu jia de bao xue ying chu zhen shi de wo duo me bu deng jia de ti huan wei du yi kao ni wei du yi kao ni cheng jiu yong heng jian ding bu yi de yue tian ya hai jiao ni ba wo xun hui ye su yin ni de bao xue en dian de bao xue xiu bu yi qie zai ci li yue yin ni de bao xue xi sheng de bao xue tan ran wu ju dao ni mian qian yin ni de bao xue dao ni mian qian wu xia ci de ai lai dao po sui de wo mian qian
W5-3,PnW,为耶穌而活,"为耶稣而活，是生命真义，思想或言行，满足主心意，
欣然顺服主，凭主旨引领，这样为主活，是蒙福路程。

为耶稣而活，他为我受死，背负我罪债，受凌辱唾弃，
如此大慈爱，感动我归依，我愿献一切，跟随主到底。

为耶稣而活，在短暂世间，我心最宝贵主慈爱笑容，
深愿为我主，去寻找迷羊，带领疲倦者，安息主怀中。

基督耶稣我救主，我献身心给你；
因你在十字架上，甘愿为我舍己；
你是我唯一主宰，我心作你宝座，
从此我要为主而活，主啊，专一为你。",wei ye su er huo shi sheng ming zhen yi si xiang huo yan xing man zu zhu xin yi xin ran shun fu zhu ping zhu zhi yin ling zhe yang wei zhu huo shi meng fu lu cheng wei ye su er huo ta wei wo shou si bei fu wo zui zhai shou ling ru tuo qi ru ci da ci ai gan dong wo gui yi wo yuan xian yi qie gen sui zhu dao di wei ye su er huo zai duan zan shi jian wo xin zui bao gui zhu ci ai xiao rong shen yuan wei wo zhu qu xun zhao mi yang dai ling pi juan zhe an xi zhu huai zhong ji du ye su wo jiu zhu wo xian shen xin gei ni yin ni zai shi zi jia shang gan yuan wei wo she ji ni shi wo wei yi zhu zai wo xin zuo ni bao zuo cong ci wo yao wei zhu er huo zhu a zhuan yi wei ni
W5-4,PnW,我高举双手,"我摊开我的双手，想要给祢什么，却一无所有。
我献上我的身体，想报答祢什么，可是却亏欠祢那么多；
主祢却用祢温柔双手，抬起我的头，轻轻对我说，祢恩典够我用。
我高举双手，触摸祢的手，倒空生命，只愿爱祢更多。
我高举双手，愿触摸祢的手，定睛仰望十架，成我力量。",wo tan kai wo de shuang shou xiang yao gei mi shen me que yi wu suo you wo xian shang wo de shen ti xiang bao da mi shen me ke shi que kui qian mi na me duo zhu mi que yong mi wen rou shuang shou tai qi wo de tou qing qing dui wo shuo mi en dian gou wo yong wo gao ju shuang shou chu mo mi de shou dao kong sheng ming zhi yuan ai mi geng duo wo gao ju shuang shou yuan chu mo mi de shou ding jing yang wang shi jia cheng wo li liang
W5-5,PnW,我渴望看见,"我仰望祢，不住寻求祢面，愿祢敞开天窗，为这世代呼求。
愿祢来震动，愿祢垂听我声音，愿赞美歌声充满全地。
我渴望看见祢的荣耀彰显，祢的国度充满在这地。
圣灵如风吹进枯干的心灵，我们要欢呼迎接祢。
我渴望这个世代敬拜祢。
我渴望听见祢的声音如水不停息，父亲的心转向儿女，儿女的心转向父亲。
祢慈爱带来医治，我渴望这个世代敬拜祢。
不停地叩门，不停地寻求，天上的门为我们打开。
我们在叩门，我们在寻求，天上的门为我们打开。
不停地祷告，不停地呐喊，呼求复兴临到这世代。
我们在祷告，我们在呐喊，呼求复兴临到这世代。",wo yang wang mi bu zhu xun qiu mi mian yuan mi chang kai tian chuang wei zhe shi dai hu qiu yuan mi lai zhen dong yuan mi chui ting wo sheng yin yuan zan mei ge sheng chong man quan di wo ke wang kan jian mi de rong yao zhang xian mi de guo du chong man zai zhe di sheng ling ru feng chui jin ku gan de xin ling wo men yao huan hu ying jie mi wo ke wang zhe ge shi dai jing bai mi wo ke wang ting jian mi de sheng yin ru shui bu ting xi fu qin de xin zhuan xiang er nv er nv de xin zhuan xiang fu qin mi ci ai dai lai yi zhi wo ke wang zhe ge shi dai jing bai mi bu ting di kou men bu ting di xun qiu tian shang de men wei wo men da kai wo men zai kou men wo men zai xun qiu tian shang de men wei wo men da kai bu ting di dao gao bu ting di na han hu qiu fu xing lin dao zhe shi dai wo men zai dao gao wo men zai na han hu qiu fu xing lin dao zhe shi dai
W5-6,PnW,我神真伟大,"尊贵荣耀君王，在全地之上
愿全地喜乐，全地都喜乐
祂有荣光，黑暗都躲藏
万民高声唱，齐来高声唱

我神真伟大
歌颂祢圣名真伟大
全地都看见，我神真伟大

昔在永在君王，从今直到永远
祢从不曾改变，永存在天地间
三一真神，父子与圣灵
真神的羔羊，全能神羔羊

我神真伟大
歌颂祢圣名真伟大
全地都看见，我神真伟大

至高声名，配受大赞美
全心歌颂，我神真伟大",zun gui rong yao jun wang zai quan di zhi shang yuan quan di xi le quan di dou xi le ta you rong guang hei an dou duo cang wan min gao sheng chang qi lai gao sheng chang wo shen zhen wei da ge song mi sheng ming zhen wei da quan di dou kan jian wo shen zhen wei da xi zai yong zai jun wang cong jin zhi dao yong yuan mi cong bu ceng gai bian yong cun zai tian di jian san yi zhen shen fu zi yu sheng ling zhen shen de gao yang quan neng shen gao yang wo shen zhen wei da ge song mi sheng ming zhen wei da quan di dou kan jian wo shen zhen wei da zhi gao sheng ming pei shou da zan mei quan xin ge song wo shen zhen wei da
W5-7,PnW,我心渴望祢,"我心渴望你我救主
我要跟随你我神
恩惠和慈爱广如青天
大信实永远长存
我主我的神我称颂你名
我献上赞美为祭
耶稣 主耶稣 我奉献一切
耶稣 主耶稣 我奉献一切
我灵默想你的荣耀
我敬畏你敬拜你
在肃静沉默确信不疑中
我要全然信靠你
向世人宣扬你荣耀恩典
直到与你面对面",wo xin ke wang ni wo jiu zhu wo yao gen sui ni wo shen en hui he ci ai guang ru qing tian da xin shi yong yuan chang cun wo zhu wo de shen wo cheng song ni ming wo xian shang zan mei wei ji ye su zhu ye su wo feng xian yi qie ye su zhu ye su wo feng xian yi qie wo ling mo xiang ni de rong yao wo jing wei ni jing bai ni zai su jing chen mo que xin bu yi zhong wo yao quan ran xin kao ni xiang shi ren xuan yang ni rong yao en dian zhi dao yu ni mian dui mian
W5-8,PnW,我要来欢呼,"我要来欢呼
向我主歌唱
我要向祂唱首新歌
我要来欢呼
向我主歌唱
我要向祂唱首新歌
我要赞美
我要向祂唱首新歌
我要赞美
我要向祂唱首新歌
哈利路亚哈利路亚
哈利路亚哈利路亚
哈利路哈利路亚",wo yao lai huan hu xiang wo zhu ge chang wo yao xiang ta chang shou xin ge wo yao lai huan hu xiang wo zhu ge chang wo yao xiang ta chang shou xin ge wo yao zan mei wo yao xiang ta chang shou xin ge wo yao zan mei wo yao xiang ta chang shou xin ge ha li lu ya ha li lu ya ha li lu ya ha li lu ya ha li lu ha li lu ya
W5-9,PnW,我已得自由,"在创世以前，天父祂已经爱我，创造我，认识我，拣选我；
差派独生子耶稣基督为我舍命，从此进入永恒爱的约定。
我宣告，我宣告，我已得自由，
基督福音是大能，要赐给我生命。
我宣告，我宣告，我已得自由，
基督福音是大能，要赐给我能力。
恩典已经来到，救赎真光已照耀，
我宣告，在基督里我自由。
定罪已过去，控告已过去，
基督的宝血大有能力。
罪已得赦免，旧事已过都变成新，
全新的生命，因耶稣的名。",zai chuang shi yi qian tian fu ta yi jing ai wo chuang zao wo ren shi wo jian xuan wo cha pai du sheng zi ye su ji du wei wo she ming cong ci jin ru yong heng ai de yue ding wo xuan gao wo xuan gao wo yi de zi you ji du fu yin shi da neng yao ci gei wo sheng ming wo xuan gao wo xuan gao wo yi de zi you ji du fu yin shi da neng yao ci gei wo neng li en dian yi jing lai dao jiu shu zhen guang yi zhao yao wo xuan gao zai ji du li wo zi you ding zui yi guo qu kong gao yi guo qu ji du de bao xue da you neng li zui yi de she mian jiu shi yi guo dou bian cheng xin quan xin de sheng ming yin ye su de ming
W6-1,PnW,为主赢得城市,"为基督赢得这城市
充满了主荣耀的城市
喜乐却代替了悲哀
赞美衣代替忧伤
为基督赢得这城市
充满了主荣耀的城市
破碎的灵魂得释放
被杀的羔羊得胜
主啊求你恩膏我差我
传扬福音的禧年
主啊求你恩膏我差我
传扬福音的禧年",wei ji du ying de zhe cheng shi chong man le zhu rong yao de cheng shi xi le que dai ti le bei ai zan mei yi dai ti you shang wei ji du ying de zhe cheng shi chong man le zhu rong yao de cheng shi po sui de ling hun de shi fang bei sha de gao yang de sheng zhu a qiu ni en gao wo cha wo chuan yang fu yin de xi nian zhu a qiu ni en gao wo cha wo chuan yang fu yin de xi nian
W6-2,PnW,我曾说跟随主,"主，我曾说，跟随你永不离开你；
主，我曾说，我爱你，让你掌管我；
主，我曾说，事奉你终身不后退。
但是主啊，现在我如何？
我愿跪下恳切地祷告；
我愿将我的心献给你。
主啊，现在帮助我，爱你更深多，
从今以后让你得着我。",zhu wo ceng shuo gen sui ni yong bu li kai ni zhu wo ceng shuo wo ai ni rang ni zhang guan wo zhu wo ceng shuo shi feng ni zhong shen bu hou tui dan shi zhu a xian zai wo ru he wo yuan gui xia ken qie di dao gao wo yuan jiang wo de xin xian gei ni zhu a xian zai bang zhu wo ai ni geng shen duo cong jin yi hou rang ni de zhe wo
W6-3,PnW,我们爱戴的王,"众人所望，明亮晨星，披戴着一切荣美辉煌。有温柔有怜悯，天地所有权柄，属于我们爱戴的王。
高举至高的名，耶稣基督，荣美君王，带着世上权柄，将来我们要与他作王。高唱哈利路亚，耶稣基督是弥赛亚，他是圣洁唯一，荣光显明，我们爱戴的王。",zhong ren suo wang ming liang chen xing pi dai zhe yi qie rong mei hui huang you wen rou you lian min tian di suo you quan bing shu yu wo men ai dai de wang gao ju zhi gao de ming ye su ji du rong mei jun wang dai zhe shi shang quan bing jiang lai wo men yao yu ta zuo wang gao chang ha li lu ya ye su ji du shi mi sai ya ta shi sheng jie wei yi rong guang xian ming wo men ai dai de wang
W6-4,PnW,我们又在一起,"我们又在一起，来赞美主。
我们又在一起，同心合意。
美好事必定要成就，美好事已显明。
我们又在一起，来赞美主。",wo men you zai yi qi lai zan mei zhu wo men you zai yi qi tong xin he yi mei hao shi bi ding yao cheng jiu mei hao shi yi xian ming wo men you zai yi qi lai zan mei zhu
W6-5,PnW,我宁愿有耶稣,"我宁愿有耶稣，胜过金银，
我只愿属耶稣，胜过拥有奇珍；
我宁愿有耶稣，胜过地业，
宁让主钉痕手，引导我往前。
胜过做君王，虽统治万方，
却仍受罪恶捆绑。
我宁愿有耶稣，胜过一切世界的荣华和名望。
我宁愿有耶稣，胜于人羡，
我愿向祂忠诚，成全祂的心愿；
我宁愿有耶稣，胜于美名，
宁愿向主圣名，献上我的心。
美丽胜百合花，是我恩主，
祂比一切蜂蜜，更加甘甜可慕；
惟主能满足我饥渴心灵，
我宁愿有耶稣，跟随祂引领。",wo ning yuan you ye su sheng guo jin yin wo zhi yuan shu ye su sheng guo yong you qi zhen wo ning yuan you ye su sheng guo di ye ning rang zhu ding hen shou yin dao wo wang qian sheng guo zuo jun wang sui tong zhi wan fang que reng shou zui e kun bang wo ning yuan you ye su sheng guo yi qie shi jie de rong hua he ming wang wo ning yuan you ye su sheng yu ren xian wo yuan xiang ta zhong cheng cheng quan ta de xin yuan wo ning yuan you ye su sheng yu mei ming ning yuan xiang zhu sheng ming xian shang wo de xin mei li sheng bai he hua shi wo en zhu ta bi yi qie feng mi geng jia gan tian ke mu wei zhu neng man zu wo ji ke xin ling wo ning yuan you ye su gen sui ta yin ling
W6-6,PnW,我要全心赞美,"全心感谢，全心赞美，进入祢的院。
全心颂赞，献上为祭，是嘴唇的果子。
在祢里面，一无挂虑，喜乐满溢。
常常感谢，不住祷告，盼望在于祢。
我要全心赞美，跳舞颂扬祢名，在祢殿中一日胜过在世上千日。
我要全心赞美，赞美还要赞美不停，义人棚里欢呼声永不息。",quan xin gan xie quan xin zan mei jin ru mi de yuan quan xin song zan xian shang wei ji shi zui chun de guo zi zai mi li mian yi wu gua lv xi le man yi chang chang gan xie bu zhu dao gao pan wang zai yu mi wo yao quan xin zan mei tiao wu song yang mi ming zai mi dian zhong yi ri sheng guo zai shi shang qian ri wo yao quan xin zan mei zan mei hai yao zan mei bu ting yi ren peng li huan hu sheng yong bu xi
W6-7,PnW,我愿做个驴驹,"我愿做个小驴驹，喔，主！来主使用我，使用我。
我愿能服主旨意，求主引导，使用我。",wo yuan zuo ge xiao lv ju o zhu lai zhu shi yong wo shi yong wo wo yuan neng fu zhu zhi yi qiu zhu yin dao shi yong wo
W7-1,PnW,为何对我这么好,"走过熙攘人群，踏遍海角天涯，找不到一份爱像耶稣。
他抚慰我心，他怀抱我灵，测不透的，不求回报的爱情。

爱到为我降生，爱到为我受死，爱到体恤我一切软弱。
他柔声呼唤，他耐心守候，永不停息，无怨无悔的爱情。

他为何对我这么好？
我虽然不好，他却听我每个祈祷。
或在宁静清晨，或在伤心夜里。
他为何对我这么好？
我虽然不配，他还爱我如同珍宝。
此情山高海深，主你为何对我这么的好？",zou guo xi rang ren qun ta bian hai jiao tian ya zhao bu dao yi fen ai xiang ye su ta fu wei wo xin ta huai bao wo ling ce bu tou de bu qiu hui bao de ai qing ai dao wei wo jiang sheng ai dao wei wo shou si ai dao ti xu wo yi qie ruan ruo ta rou sheng hu huan ta nai xin shou hou yong bu ting xi wu yuan wu hui de ai qing ta wei he dui wo zhe me hao wo sui ran bu hao ta que ting wo mei ge qi dao huo zai ning jing qing chen huo zai shang xin ye li ta wei he dui wo zhe me hao wo sui ran bu pei ta hai ai wo ru tong zhen bao ci qing shan gao hai shen zhu ni wei he dui wo zhe me de hao
W7-2,PnW,我的救赎主活着,"我知道我的救赎主活着，他是永活的主，当我在深谷迷失时，他领我走正义路。
我知道我的救赎主活着，他是永活的主，当我在旷野孤独时，他作我伴，我的灯。
我知道我的救赎主永远活着，我心不再忧虑，我要在每一个日夜中颂赞他的丰盛之",wo zhi dao wo de jiu shu zhu huo zhe ta shi yong huo de zhu dang wo zai shen gu mi shi shi ta ling wo zou zheng yi lu wo zhi dao wo de jiu shu zhu huo zhe ta shi yong huo de zhu dang wo zai kuang ye gu du shi ta zuo wo ban wo de deng wo zhi dao wo de jiu shu zhu yong yuan huo zhe wo xin bu zai you lv wo yao zai mei yi ge ri ye zhong song zan ta de feng sheng zhi
W7-3,PnW,我的盼望在于祢,"耶稣因为你 我找到希望 你爱的真光 照亮我心房
有你在身旁 我不再迷茫 所有的惧怕 完全得释放

耶稣感谢你 带给我平安 挪去我忧伤 带我出黑暗
生命有了你 从此不一样 你给我翅膀 能自由飞翔

我的盼望 在于你耶稣 你爱照亮我前方路
带我出低谷 使我心满足 化一切咒诅变为祝福
一生仰望 美好的救主 靠你力量我得坚固
认识你耶稣 是最美的祝福
每一天紧紧跟随你的脚步",ye su yin wei ni wo zhao dao xi wang ni ai de zhen guang zhao liang wo xin fang you ni zai shen pang wo bu zai mi mang suo you de ju pa wan quan de shi fang ye su gan xie ni dai gei wo ping an nuo qu wo you shang dai wo chu hei an sheng ming you le ni cong ci bu yi yang ni gei wo chi bang neng zi you fei xiang wo de pan wang zai yu ni ye su ni ai zhao liang wo qian fang lu dai wo chu di gu shi wo xin man zu hua yi qie zhou zu bian wei zhu fu yi sheng yang wang mei hao de jiu zhu kao ni li liang wo de jian gu ren shi ni ye su shi zui mei de zhu fu mei yi tian jin jin gen sui ni de jiao bu
W7-4,PnW,我的生命献给你,"献上生命给最爱的耶稣，完全顺服，完全降服。
因你恩典，使我得以事奉你，你的选召没有怀疑。
我的生命献给你，背起十架跟随你，愿你的荣耀彰显在我生命。
我的心不要忘记，你如何为我舍命，耶稣我要你，喜乐地跟随你。
赐给我属于你的梦想，带下你国度如在天上。
赐给我奔跑不倦的力量，如鹰展翅上腾翱翔。
我的生命献给耶稣，我爱你，我爱你。",xian shang sheng ming gei zui ai de ye su wan quan shun fu wan quan xiang fu yin ni en dian shi wo de yi shi feng ni ni de xuan zhao mei you huai yi wo de sheng ming xian gei ni bei qi shi jia gen sui ni yuan ni de rong yao zhang xian zai wo sheng ming wo de xin bu yao wang ji ni ru he wei wo she ming ye su wo yao ni xi le di gen sui ni ci gei wo shu yu ni de meng xiang dai xia ni guo du ru zai tian shang ci gei wo ben pao bu juan de li liang ru ying zhan chi shang teng ao xiang wo de sheng ming xian gei ye su wo ai ni wo ai ni
W7-5,PnW,我们成为一家人,"我们成为一家人，因着耶稣，因着耶稣，成为神儿女；
我们成为一家人，因着耶稣，因着耶稣，成为神国的子民。
因着耶稣得洁净，因着耶稣入光明，因着耶稣同享复活的生命；
同享生命的喜悦，同在主爱中连结，因着耶稣同受丰盛的产业。
因着耶稣同敬拜，因着耶稣蒙慈爱，因着耶稣彼此恩慈来相待；
或在喜乐中欢唱，或遇苦难同哀伤，因着耶稣同度人生的风浪。",wo men cheng wei yi jia ren yin zhe ye su yin zhe ye su cheng wei shen er nv wo men cheng wei yi jia ren yin zhe ye su yin zhe ye su cheng wei shen guo de zi min yin zhe ye su de jie jing yin zhe ye su ru guang ming yin zhe ye su tong xiang fu huo de sheng ming tong xiang sheng ming de xi yue tong zai zhu ai zhong lian jie yin zhe ye su tong shou feng sheng de chan ye yin zhe ye su tong jing bai yin zhe ye su meng ci ai yin zhe ye su bi ci en ci lai xiang dai huo zai xi le zhong huan chang huo yu ku nan tong ai shang yin zhe ye su tong du ren sheng de feng lang
W7-6,PnW,我要高举你圣名,"主我今来到你施恩宝座前，向你献上我感谢
你为了我的罪钉死在十架，为我流下你宝血
主我今来到你施恩宝座前，向你献上我感谢
你从死里复活，胜过死亡权势，赐我新生命
主我要高举你圣名，从今时到永远
你赐下奇妙的恩典，白白赐给所有的人
主我要高举你圣名，从今时到永远
主我要赞美你，我要敬拜你，直到永远",zhu wo jin lai dao ni shi en bao zuo qian xiang ni xian shang wo gan xie ni wei le wo de zui ding si zai shi jia wei wo liu xia ni bao xue zhu wo jin lai dao ni shi en bao zuo qian xiang ni xian shang wo gan xie ni cong si li fu huo sheng guo si wang quan shi ci wo xin sheng ming zhu wo yao gao ju ni sheng ming cong jin shi dao yong yuan ni ci xia qi miao de en dian bai bai ci gei suo you de ren zhu wo yao gao ju ni sheng ming cong jin shi dao yong yuan zhu wo yao zan mei ni wo yao jing bai ni zhi dao yong yuan
W7-7,PnW,我要向高山举目,"我要向高山举目，我的帮助从何来？
我的帮助从造天地的耶和华而来。
我要向高山举目，我的帮助从何来？
我的帮助从造天地的耶和华而来。
哈利路亚，哈利路亚，哈利路亚，哈利路。
哈利路。
我的帮助从造天地的耶和华而来。",wo yao xiang gao shan ju mu wo de bang zhu cong he lai wo de bang zhu cong zao tian di de ye he hua er lai wo yao xiang gao shan ju mu wo de bang zhu cong he lai wo de bang zhu cong zao tian di de ye he hua er lai ha li lu ya ha li lu ya ha li lu ya ha li lu ha li lu wo de bang zhu cong zao tian di de ye he hua er lai
W7-8,PnW,我要一心称谢你,"我要一心称谢祢，在诸神面前歌颂祢；我要向祢的圣殿下拜，为祢慈爱和诚实称赞祢名。
我要歌颂耶和华作为，因祢慈爱永远长存，我虽行在困苦患难中，祢必使我救活。
我要歌颂耶和华作为，因祢的名大有荣耀。我呼求时，祢必应允我，鼓励我，使我心里有能力。
祢总不离弃祢手所造的。",wo yao yi xin cheng xie mi zai zhu shen mian qian ge song mi wo yao xiang mi de sheng dian xia bai wei mi ci ai he cheng shi cheng zan mi ming wo yao ge song ye he hua zuo wei yin mi ci ai yong yuan chang cun wo sui xing zai kun ku huan nan zhong mi bi shi wo jiu huo wo yao ge song ye he hua zuo wei yin mi de ming da you rong yao wo hu qiu shi mi bi ying yun wo gu li wo shi wo xin li you neng li mi zong bu li qi mi shou suo zao de
W7-9,PnW,我知谁管着明天,"我不知明天的道路，每一天只为主活。
我不借明天的太阳，因明天或许阴暗，
我不要为将来忧虑，因我信主的应许。
我今天要与主同行，因他知前面如何。

每一步越走越光明，像攀登黄金阶梯。
每重担越挑越轻省，每朵云披上银衣。
在那里阳光常普照，在那里没有眼泪。
在美丽彩虹的尽头，众山岭与天相连。

我不知明天的道路，或遭遇生活苦楚。
但那位养活麻雀者，他必然也看顾我。
他是我路途的良伴，或经过水火之灾。
但救主必与我同在，他宝血把我遮盖。

有许多未来的事情，我现在不能识透，
但我知谁管着明天，我也知谁牵我手。",wo bu zhi ming tian de dao lu mei yi tian zhi wei zhu huo wo bu jie ming tian de tai yang yin ming tian huo xu yin an wo bu yao wei jiang lai you lv yin wo xin zhu de ying xu wo jin tian yao yu zhu tong hang yin ta zhi qian mian ru he mei yi bu yue zou yue guang ming xiang pan deng huang jin jie ti mei zhong dan yue tiao yue qing sheng mei duo yun pi shang yin yi zai na li yang guang chang pu zhao zai na li mei you yan lei zai mei li cai hong de jin tou zhong shan ling yu tian xiang lian wo bu zhi ming tian de dao lu huo zao yu sheng huo ku chu dan na wei yang huo ma que zhe ta bi ran ye kan gu wo ta shi wo lu tu de liang ban huo jing guo shui huo zhi zai dan jiu zhu bi yu wo tong zai ta bao xue ba wo zhe gai you xu duo wei lai de shi qing wo xian zai bu neng shi tou dan wo zhi shui guan zhe ming tian wo ye zhi shui qian wo shou
W8-1,PnW,我对祢的爱永不变,"你开了我的耳，我的眼，我的嘴
将称颂你到永远
你的意念高过我的思想
如同天高过地
全地都要来赞美你
我跪拜你面前称颂你
山虽动摇，地虽改变
我对你的爱永不变",ni kai le wo de er wo de yan wo de zui jiang cheng song ni dao yong yuan ni de yi nian gao guo wo de si xiang ru tong tian gao guo di quan di dou yao lai zan mei ni wo gui bai ni mian qian cheng song ni shan sui dong yao di sui gai bian wo dui ni de ai yong bu bian
W8-2,PnW,我敬拜祢全能真神,"我敬拜祢，全能的神，有谁能像祢？
我敬拜祢，和平君王，我心何等渴慕祢。
我赞美祢，祢是我的公义，
我敬拜祢，全能的神，有谁能像祢？",wo jing bai mi quan neng de shen you shui neng xiang mi wo jing bai mi he ping jun wang wo xin he deng ke mu mi wo zan mei mi mi shi wo de gong yi wo jing bai mi quan neng de shen you shui neng xiang mi
W8-3,PnW,我们欢迎君王降临,"宇宙的中心，耶稣，世界的中心，耶稣，万物都本于你，属于你，归于你，你是荣耀君王。
我们欢迎君王降临，渴望看见你的彰显，呼求你来翻转，震动这土地。
复兴我们圣洁的热情，我们欢迎君王降临，同心高举你圣洁的名。
呼求天窗打开，春雨不停息，我们呼喊欢迎君王降临。
大大张口，大大充满，恩膏如雨，浇灌这地。
眼未看见，耳未听见，渴慕更多，看见你的荣面。",yu zhou de zhong xin ye su shi jie de zhong xin ye su wan wu dou ben yu ni shu yu ni gui yu ni ni shi rong yao jun wang wo men huan ying jun wang jiang lin ke wang kan jian ni de zhang xian hu qiu ni lai fan zhuan zhen dong zhe tu di fu xing wo men sheng jie de re qing wo men huan ying jun wang jiang lin tong xin gao ju ni sheng jie de ming hu qiu tian chuang da kai chun yu bu ting xi wo men hu han huan ying jun wang jiang lin da da zhang kou da da chong man en gao ru yu jiao guan zhe di yan wei kan jian er wei ting jian ke mu geng duo kan jian ni de rong mian
W9-1,PnW,我们爱,"你和我是天父爱的创造，每个人有最美的梦想；一路上彼此照亮，扶持拥抱，我们的爱，让世界不一样。
我们爱，因神先爱我们；虽你我不一样，我们一路唱，走往祝福的方向。我们爱，因神先爱我们；心再坚强也不要独自飞翔，只要微笑，只要原谅，有祢爱的地方就是天堂。",ni he wo shi tian fu ai de chuang zao mei ge ren you zui mei de meng xiang yi lu shang bi ci zhao liang fu chi yong bao wo men de ai rang shi jie bu yi yang wo men ai yin shen xian ai wo men sui ni wo bu yi yang wo men yi lu chang zou wang zhu fu de fang xiang wo men ai yin shen xian ai wo men xin zai jian qiang ye bu yao du zi fei xiang zhi yao wei xiao zhi yao yuan liang you mi ai de di fang jiu shi tian tang
W9-2,PnW,我以祷告来到祢跟前,"我以祷告来到你跟前，我要寻求你。
我要站在破口之中，在那里我寻求你。
主我是软弱及无助，你却是我的力量。
以你亲切的手引导我，那就是我的得胜。
每一次我祷告，我摇动你的手，
祷告做的事，我的手不能做。
每一次我祷告，大山被挪移，
道路被铺平，使列国归向你。",wo yi dao gao lai dao ni gen qian wo yao xun qiu ni wo yao zhan zai po kou zhi zhong zai na li wo xun qiu ni zhu wo shi ruan ruo ji wu zhu ni que shi wo de li liang yi ni qin qie de shou yin dao wo na jiu shi wo de de sheng mei yi ci wo dao gao wo yao dong ni de shou dao gao zuo de shi wo de shou bu neng zuo mei yi ci wo dao gao da shan bei nuo yi dao lu bei pu ping shi lie guo gui xiang ni
X10-1,PnW,信赖耶稣心中就有平安,"春风吹起十里百花香，春天的活力多奔放，神的儿女脸上露出欢笑，喜气乐洋洋，神的应许使他有盼望。生命好似一滴朝露，转眼就不知去向，何必为生命忧伤！心中有主亮光，重新得着力量，信赖耶稣心中就有平安。
让我们珍惜好时光，春天已带来新希望，神的儿女脸上露出欢笑，喜气乐洋洋，神的应许使他有盼望。接受耶稣的救恩，把握生命的方向，不再为明天忧伤！心中有主亮光，明天充满希望，信赖耶稣心中就有平安。",chun feng chui qi shi li bai hua xiang chun tian de huo li duo ben fang shen de er nv lian shang lu chu huan xiao xi qi le yang yang shen de ying xu shi ta you pan wang sheng ming hao si yi di zhao lu zhuan yan jiu bu zhi qu xiang he bi wei sheng ming you shang xin zhong you zhu liang guang chong xin de zhuo li liang xin lai ye su xin zhong jiu you ping an rang wo men zhen xi hao shi guang chun tian yi dai lai xin xi wang shen de er nv lian shang lu chu huan xiao xi qi le yang yang shen de ying xu shi ta you pan wang jie shou ye su de jiu en ba wo sheng ming de fang xiang bu zai wei ming tian you shang xin zhong you zhu liang guang ming tian chong man xi wang xin lai ye su xin zhong jiu you ping an
X2-1,PnW,寻找,"我曾经像一只小小飞鸟
飞跃在这蓝天海上
我无时无刻彷徨无助 找不到可以倾诉
我曾经像一只小小飞鸟
穿梭在这城市之中
我正在寻找那慈爱双手 那就是主耶稣
主啊 我要回到你身旁 我要回到你身旁
那慈爱双手正等着我 来拥抱我
主啊 我要回到你身旁 我要回到你身旁
那慈爱双手来拥抱我 那就是主耶稣",wo ceng jing xiang yi zhi xiao xiao fei niao fei yue zai zhe lan tian hai shang wo wu shi wu ke pang huang wu zhu zhao bu dao ke yi qing su wo ceng jing xiang yi zhi xiao xiao fei niao chuan suo zai zhe cheng shi zhi zhong wo zheng zai xun zhao na ci ai shuang shou na jiu shi zhu ye su zhu a wo yao hui dao ni shen pang wo yao hui dao ni shen pang na ci ai shuang shou zheng deng zhe wo lai yong bao wo zhu a wo yao hui dao ni shen pang wo yao hui dao ni shen pang na ci ai shuang shou lai yong bao wo na jiu shi zhu ye su
X3-1,PnW,谢谢祢,"我能用什么报答你恩典，世上的一切，无法换取你的爱。白白地得来，无止尽赦免，尽在宝血和十架。
谢谢，谢谢，你洗净我的罪，谢谢你，医治我伤悲，谢谢你。你擦干我的眼泪，挪去后悔，释放我的缠累。
谢谢，谢谢，你洗净我的罪，谢谢你，医治我伤悲，谢谢你。你用生命将我赎回，我是天父永远最爱宝贝。",wo neng yong shen me bao da ni en dian shi shang de yi qie wu fa huan qu ni de ai bai bai di de lai wu zhi jin she mian jin zai bao xue he shi jia xie xie xie xie ni xi jing wo de zui xie xie ni yi zhi wo shang bei xie xie ni ni ca gan wo de yan lei nuo qu hou hui shi fang wo de chan lei xie xie xie xie ni xi jing wo de zui xie xie ni yi zhi wo shang bei xie xie ni ni yong sheng ming jiang wo shu hui wo shi tian fu yong yuan zui ai bao bei
X4-1,PnW,喜乐泉源,"祢是我喜乐泉源，祢使我欢欣跳跃。
祢是我永生盼望，祢爱有无比力量。
祢使我自由飞翔，不再被罪恶捆绑！
从今时直到永远，祢应许不会改变！
祢的宝血，有能力，能医治一切的伤口。
祢的复活，能改变一切的咒诅成为祝福！
我们要高举祢圣名，祢配得所有最大的赞美。
我们要用全心，和全意，来敬拜祢！
我们要欢迎祢来临，愿祢来设立宝座在这里。
我们要张开口，不停赞美祢！",mi shi wo xi le quan yuan mi shi wo huan xin tiao yue mi shi wo yong sheng pan wang mi ai you wu bi li liang mi shi wo zi you fei xiang bu zai bei zui e kun bang cong jin shi zhi dao yong yuan mi ying xu bu hui gai bian mi de bao xue you neng li neng yi zhi yi qie de shang kou mi de fu huo neng gai bian yi qie de zhou zu cheng wei zhu fu wo men yao gao ju mi sheng ming mi pei de suo you zui da de zan mei wo men yao yong quan xin he quan yi lai jing bai mi wo men yao huan ying mi lai lin yuan mi lai she li bao zuo zai zhe li wo men yao zhang kai kou bu ting zan mei mi
X4-2,PnW,牺牲的爱,"在十字架上，你为我舍命，受鞭伤，使我得医治。
所有的罪恶，你为我担当，受刑罚，使我得平安。
何等牺牲的爱，圣洁圣子成为赎罪祭。
何等能力，胜死亡权势，今我属你，永活的真神。
在这个时刻，我心只有你，我的主，我唯一的爱。",zai shi zi jia shang ni wei wo she ming shou bian shang shi wo de yi zhi suo you de zui e ni wei wo dan dang shou xing fa shi wo de ping an he deng xi sheng de ai sheng jie sheng zi cheng wei shu zui ji he deng neng li sheng si wang quan shi jin wo shu ni yong huo de zhen shen zai zhe ge shi ke wo xin zhi you ni wo de zhu wo wei yi de ai
X4-3,PnW,献上感恩,"献上感恩的心，归给至圣全能神，
因他赐下独生子，主耶稣基督。
献上感恩的心，归给至圣全能神，
因他赐下独生子，主耶稣基督。
如今软弱者已得刚强，贫穷者已得富足，
都因为主已成就了大事。
如今软弱者已得刚强，贫穷者已得富足，
都因为主已成就了大事。
感恩，感恩。",xian shang gan en de xin gui gei zhi sheng quan neng shen yin ta ci xia du sheng zi zhu ye su ji du xian shang gan en de xin gui gei zhi sheng quan neng shen yin ta ci xia du sheng zi zhu ye su ji du ru jin ruan ruo zhe yi de gang qiang pin qiong zhe yi de fu zu dou yin wei zhu yi cheng jiu le da shi ru jin ruan ruo zhe yi de gang qiang pin qiong zhe yi de fu zu dou yin wei zhu yi cheng jiu le da shi gan en gan en
X4-4,PnW,献我一生,"我的一切 全我所有
摆在你脚前 主为你使用
我的骄傲 所有罪愆
全身和全心 都奉献给你
主我献我一生给你
献给你当作活祭
圣洁 你喜悦的
主我愿一生跟随你
学习你放下自己
天天背起十字架
主 我把生命献上
我的过去 未来所有
现实和梦想都交你手中
我的喜乐 所有悲痛
笑声和泪水 你全都接受
全我所有都是你所赐下
我所要奉献的都已属于你
唯拥有这个你救赎的生命
我完全地献给你",wo de yi qie quan wo suo you bai zai ni jiao qian zhu wei ni shi yong wo de jiao ao suo you zui qian quan shen he quan xin dou feng xian gei ni zhu wo xian wo yi sheng gei ni xian gei ni dang zuo huo ji sheng jie ni xi yue de zhu wo yuan yi sheng gen sui ni xue xi ni fang xia zi ji tian tian bei qi shi zi jia zhu wo ba sheng ming xian shang wo de guo qu wei lai suo you xian shi he meng xiang dou jiao ni shou zhong wo de xi le suo you bei tong xiao sheng he lei shui ni quan dou jie shou quan wo suo you dou shi ni suo ci xia wo suo yao feng xian de dou yi shu yu ni wei yong you zhe ge ni jiu shu de sheng ming wo wan quan di xian gei ni
X4-5,PnW,向主呼喊,"我们要拍掌，向神拍掌，用夸胜的声音向主呼喊。祂是治理全地的大君王，是我们的榜样。我们要歌颂，向神歌颂，用悟性的声音向主呼喊。耶和华至高者是可畏的，我们要敬拜祂！
祂使诱惑服在我们以下，又使罪恶服在我们脚下。使我们的生命不再一样，耶和华赐我新生命！在喜乐中我们要赞美祂，神使我们有盼望和力量。祂治理全地的大君王，我们要向主呼喊！",wo men yao pai zhang xiang shen pai zhang yong kua sheng de sheng yin xiang zhu hu han ta shi zhi li quan di de da jun wang shi wo men de bang yang wo men yao ge song xiang shen ge song yong wu xing de sheng yin xiang zhu hu han ye he hua zhi gao zhe shi ke wei de wo men yao jing bai ta ta shi you huo fu zai wo men yi xia you shi zui e fu zai wo men jiao xia shi wo men de sheng ming bu zai yi yang ye he hua ci wo xin sheng ming zai xi le zhong wo men yao zan mei ta shen shi wo men you pan wang he li liang ta zhi li quan di de da jun wang wo men yao xiang zhu hu han
X4-6,PnW,兴起发光,"最高的山峰 为他矗立
最深的海洋 有他气息
最小的分子 为他舞动
浩瀚的星河 为他闪烁
宇宙万物 他手所造
得规律和生气
世世代代 在他怀里
得保障和安息
兴起发光 神的子民
主的荣光 照耀全地
兴起发光 神的子民
宣扬他名 直到地极",zui gao de shan feng wei ta chu li zui shen de hai yang you ta qi xi zui xiao de fen zi wei ta wu dong hao han de xing he wei ta shan shuo yu zhou wan wu ta shou suo zao de gui lv he sheng qi shi shi dai dai zai ta huai li de bao zhang he an xi xing qi fa guang shen de zi min zhu de rong guang zhao yao quan di xing qi fa guang shen de zi min xuan yang ta ming zhi dao di ji
X4-7,PnW,新造的人,"飞越时空的领域
聆听灵魂的呐喊
穿过天之涯
越过地之极
卸下漂泊的心情
奔向永恒的生命
真理在我心哦
真爱在我心将展开崭新的航行
主的权能将是我双翼
看哪看哪
一切都更新
听哪听哪
天使为我欢呼
真理带我进入那自由之地
从今天起从此刻起我是新造我是新造的人",fei yue shi kong de ling yu ling ting ling hun de na han chuan guo tian zhi ya yue guo di zhi ji xie xia piao bo de xin qing ben xiang yong heng de sheng ming zhen li zai wo xin o zhen ai zai wo xin jiang zhan kai zhan xin de hang xing zhu de quan neng jiang shi wo shuang yi kan na kan na yi qie dou geng xin ting na ting na tian shi wei wo huan hu zhen li dai wo jin ru na zi you zhi di cong jin tian qi cong ci ke qi wo shi xin zao wo shi xin zao de ren
X5-1,PnW,新耶路撒冷,"期待那一天，亲眼见祢面，
永远不分离，在新耶路撒冷。
城内有一道，生命水的河，
黄金的街道，有神荣耀光照。
看哪，神的帐幕在人间，亲自与我们同在；
我们作祂子民，与祂同住。
看哪，神的帐幕在人间，擦去一切的眼泪，
不再有伤悲，因一切都更新。
不再有死亡，也不再有悲哀。
没有哭号疼痛，以前的事都过去了。
这是我渴慕，这是我等待，
永永远远与祢同作王。",qi dai na yi tian qin yan jian mi mian yong yuan bu fen li zai xin ye lu sa leng cheng nei you yi dao sheng ming shui de he huang jin de jie dao you shen rong yao guang zhao kan na shen de zhang mu zai ren jian qin zi yu wo men tong zai wo men zuo ta zi min yu ta tong zhu kan na shen de zhang mu zai ren jian ca qu yi qie de yan lei bu zai you shang bei yin yi qie dou geng xin bu zai you si wang ye bu zai you bei ai mei you ku hao teng tong yi qian de shi dou guo qu le zhe shi wo ke mu zhe shi wo deng dai yong yong yuan yuan yu mi tong zuo wang
X5-2,PnW,行神迹的神,"祢是行神迹的神，绝望中赐下盼望。
睁眼看见疾病都医治，在祢没有不可能的事。
祢是行神迹的神，绝望中赐下盼望。
在祢没有转动的影儿，每个应许都实在，阿们。
所以我要，要欢呼，一遍一遍不停来欢呼，
直到耶利哥的城墙，一片片倒塌。
所以我要，要相信，一遍一遍不停来宣告，
直到每个大能应许都完全成就，成就！",mi shi xing shen ji de shen jue wang zhong ci xia pan wang zheng yan kan jian ji bing dou yi zhi zai mi mei you bu ke neng de shi mi shi xing shen ji de shen jue wang zhong ci xia pan wang zai mi mei you zhuan dong de ying er mei ge ying xu dou shi zai a men suo yi wo yao yao huan hu yi bian yi bian bu ting lai huan hu zhi dao ye li ge de cheng qiang yi pian pian dao ta suo yi wo yao yao xiang xin yi bian yi bian bu ting lai xuan gao zhi dao mei ge da neng ying xu dou wan quan cheng jiu cheng jiu
X6-1,PnW,宣扬祂的荣耀,"上帝有全能，配得所有颂赞，来向祂欢唱，快乐的凯歌，祂是天地至高无上的主宰，祂有一切的大能与君尊。
上帝真恩慈，有无限的怜悯，祂救我们越过罪的鸿沟，为救赎我们，祂赐下独生爱子，在基督里我们坦然无惧。
上帝真信实，在我们里面运行，成就祂一切计划和旨意，圣灵充满我们，洁净我们的心灵，使我们刚强持守大使命。
上帝是全权，掌管万物的主宰，全地必快听祂大能声音，荣耀欢呼声中，万王之王必再临，举起你心，宣扬祂，齐欢欣！
在万国之中，宣扬祂荣耀，天地万物中，颂祂得胜，直到地上万民都屈膝，敬拜耶稣基督，永恒的大君王。",shang di you quan neng pei de suo you song zan lai xiang ta huan chang kuai le de kai ge ta shi tian di zhi gao wu shang de zhu zai ta you yi qie de da neng yu jun zun shang di zhen en ci you wu xian de lian min ta jiu wo men yue guo zui de hong gou wei jiu shu wo men ta ci xia du sheng ai zi zai ji du li wo men tan ran wu ju shang di zhen xin shi zai wo men li mian yun xing cheng jiu ta yi qie ji hua he zhi yi sheng ling chong man wo men jie jing wo men de xin ling shi wo men gang qiang chi shou da shi ming shang di shi quan quan zhang guan wan wu de zhu zai quan di bi kuai ting ta da neng sheng yin rong yao huan hu sheng zhong wan wang zhi wang bi zai lin ju qi ni xin xuan yang ta qi huan xin zai wan guo zhi zhong xuan yang ta rong yao tian di wan wu zhong song ta de sheng zhi dao di shang wan min dou qu xi jing bai ye su ji du yong heng de da jun wang
X7-1,PnW,向耶和华唱新歌,"你们要向耶和华唱新歌，全地都要向耶和华歌唱，
要向耶和华歌唱，称颂祂的名，祂的名，
天天传扬祂的救恩，天天传扬祂的救恩。
在列邦中述说祂的荣耀，在万民中述说祂的奇事，
因耶和华为大，当受极大的赞美，
祂在万神之上，当受敬畏。",ni men yao xiang ye he hua chang xin ge quan di dou yao xiang ye he hua ge chang yao xiang ye he hua ge chang cheng song ta de ming ta de ming tian tian chuan yang ta de jiu en tian tian chuan yang ta de jiu en zai lie bang zhong shu shuo ta de rong yao zai wan min zhong shu shuo ta de qi shi yin ye he hua wei da dang shou ji da de zan mei ta zai wan shen zhi shang dang shou jing wei
X7-2,PnW,新的事将要成就,"你是做新事的神，我要向你唱新歌。
恩典怜悯每天都是新的，新酒新皮袋每天要赐下。
新的事，新的事将要成就，新的恩膏、新的恩宠；
我们要，我们要唱新歌，称赞我们神为高。
新的事，新的事将要成就，新的恩典、新的盼望；
我们要，我们要唱新歌，充满神的荣耀。",ni shi zuo xin shi de shen wo yao xiang ni chang xin ge en dian lian min mei tian dou shi xin de xin jiu xin pi dai mei tian yao ci xia xin de shi xin de shi jiang yao cheng jiu xin de en gao xin de en chong wo men yao wo men yao chang xin ge cheng zan wo men shen wei gao xin de shi xin de shi jiang yao cheng jiu xin de en dian xin de pan wang wo men yao wo men yao chang xin ge chong man shen de rong yao
X8-1,PnW,现今不再是我活着,"现今不再是我活着，是耶稣活在我心。
现今不再是我活着，是耶稣活在我心。
祂活，祂活，耶稣活在我的心。
现今不再是我活着，是耶稣活在我心。",xian jin bu zai shi wo huo zhe shi ye su huo zai wo xin xian jin bu zai shi wo huo zhe shi ye su huo zai wo xin ta huo ta huo ye su huo zai wo de xin xian jin bu zai shi wo huo zhe shi ye su huo zai wo xin
X8-2,PnW,相信有爱就有奇迹,"当夜将过去，未来不再迟疑，牵起我的手，你给我勇气。
曙光渐显明，点亮前方路；我是迷路羊，你给我信心。
只要相信，相信就有奇迹，挥动信心的翅膀，随着梦想起飞。
相信有爱，就有奇迹。不要害怕，只要打开眼睛，手牵手一起，就不孤寂。
相信有爱，就有奇迹，纵然风雨艰难，你给我勇气，我往应许之地。
只要相信，相信就有奇迹，挥动信心的翅膀，随着梦想起飞。",dang ye jiang guo qu wei lai bu zai chi yi qian qi wo de shou ni gei wo yong qi shu guang jian xian ming dian liang qian fang lu wo shi mi lu yang ni gei wo xin xin zhi yao xiang xin xiang xin jiu you qi ji hui dong xin xin de chi bang sui zhe meng xiang qi fei xiang xin you ai jiu you qi ji bu yao hai pa zhi yao da kai yan jing shou qian shou yi qi jiu bu gu ji xiang xin you ai jiu you qi ji zong ran feng yu jian nan ni gei wo yong qi wo wang ying xu zhi di zhi yao xiang xin xiang xin jiu you qi ji hui dong xin xin de chi bang sui zhe meng xiang qi fei
X8-3,PnW,新的异象新的方向,"有敬拜的声音发出，从最高的山到海洋深处。神的儿女要唱一首新歌；我们神要做新事。旧的事都已经过去，在基督里一切都要更新；新的眼界，新的异象，新的故事，新的方向。
全地都要涌出呼喊，荣耀的主，我静候你来，天要敞开恩膏倾倒下来，神国度的荣耀彰显；全地都要涌出呼喊，荣耀的主，我盼你来，圣灵引领看见新的异象；你要做新的事在我们中间。",you jing bai de sheng yin fa chu cong zui gao de shan dao hai yang shen chu shen de er nv yao chang yi shou xin ge wo men shen yao zuo xin shi jiu de shi dou yi jing guo qu zai ji du li yi qie dou yao geng xin xin de yan jie xin de yi xiang xin de gu shi xin de fang xiang quan di dou yao yong chu hu han rong yao de zhu wo jing hou ni lai tian yao chang kai en gao qing dao xia lai shen guo du de rong yao zhang xian quan di dou yao yong chu hu han rong yao de zhu wo pan ni lai sheng ling yin ling kan jian xin de yi xiang ni yao zuo xin de shi zai wo men zhong jian
Y10-1,PnW,耶稣超乎万名之上的名,"主耶稣，至圣者，和平之子，公义真神，祢洁美丽无比，祢完全无人能及。
主耶稣，神儿子，谦卑自己十架上舍己，祢宝血涌流能力，在爱中我得以完全。
耶稣，超乎万名之上的名，天上地下万物屈膝敬拜。
哦耶稣，超乎万名之上的名，荣耀都归祢，愿荣耀都归祢，愿荣耀都归耶稣羔羊。",zhu ye su zhi sheng zhe he ping zhi zi gong yi zhen shen mi jie mei li wu bi mi wan quan wu ren neng ji zhu ye su shen er zi qian bei zi ji shi jia shang she ji mi bao xue yong liu neng li zai ai zhong wo de yi wan quan ye su chao hu wan ming zhi shang de ming tian shang di xia wan wu qu xi jing bai o ye su chao hu wan ming zhi shang de ming rong yao dou gui mi yuan rong yao dou gui mi yuan rong yao dou gui ye su gao yang
Y10-2,PnW,因祢的慈爱比生命更好,"因你的慈爱比生命更好
因你的慈爱比生命更好
我们的嘴唇要称颂我主
因你的慈爱比生命更好
我要奉你名举起双手
我要奉你名举起双手
我们的嘴唇要称颂我主
因你的慈爱比生命更好",yin ni de ci ai bi sheng ming geng hao yin ni de ci ai bi sheng ming geng hao wo men de zui chun yao cheng song wo zhu yin ni de ci ai bi sheng ming geng hao wo yao feng ni ming ju qi shuang shou wo yao feng ni ming ju qi shuang shou wo men de zui chun yao cheng song wo zhu yin ni de ci ai bi sheng ming geng hao
Y2-1,PnW,雅歌,主啊你吸引我，我就快跑随你，我心深深与主密契。虽然南风吹来，虽然北风兴起，却溢出我园中香气。我主全然美丽，我主满我心意，主你属我，主我也属你。众水不能熄灭，大水不能淹没，我必我必爱主到底。,zhu a ni xi yin wo wo jiu kuai pao sui ni wo xin shen shen yu zhu mi qi sui ran nan feng chui lai sui ran bei feng xing qi que yi chu wo yuan zhong xiang qi wo zhu quan ran mei li wo zhu man wo xin yi zhu ni shu wo zhu wo ye shu ni zhong shui bu neng xi mie da shui bu neng yan mo wo bi wo bi ai zhu dao di
Y2-2,PnW,永远,"你将永远放在我里面，你创造我，为了永远；
当我迷途你来寻找我，你救赎我，为了永远。
你将你的圣灵赐给我，你妆扮我，为了永远；
当我把我的手交给你，你塑造我，为了永远。
永远你是爱，无限的爱，永远我要住在你里面；
永远你是爱，不变的爱，永远你也住在我里面。
当我敞开心门接近你，我发觉你不再遥远；
当我接受你神圣邀请，我知道已踏入永远！
永远你是爱，无限的爱，永远我要住在你里面；
永远你是爱，不变的爱，永远你也住在我里面。",ni jiang yong yuan fang zai wo li mian ni chuang zao wo wei le yong yuan dang wo mi tu ni lai xun zhao wo ni jiu shu wo wei le yong yuan ni jiang ni de sheng ling ci gei wo ni zhuang ban wo wei le yong yuan dang wo ba wo de shou jiao gei ni ni su zao wo wei le yong yuan yong yuan ni shi ai wu xian de ai yong yuan wo yao zhu zai ni li mian yong yuan ni shi ai bu bian de ai yong yuan ni ye zhu zai wo li mian dang wo chang kai xin men jie jin ni wo fa jue ni bu zai yao yuan dang wo jie shou ni shen sheng yao qing wo zhi dao yi ta ru yong yuan yong yuan ni shi ai wu xian de ai yong yuan wo yao zhu zai ni li mian yong yuan ni shi ai bu bian de ai yong yuan ni ye zhu zai wo li mian
Y4-1,PnW,野地的花,"野地的花，穿着美丽的衣裳。天空的鸟儿，从来不为生活忙。慈爱的天父，天天看顾。祂更爱世上人，为他们预备永生的路。
一切需要，天父已经都知道。若心中烦恼，让祂为你除掉。慈爱的天父，天天看顾。祂是全能的主，信靠祂的人真是有福。",ye di de hua chuan zhe mei li de yi shang tian kong de niao er cong lai bu wei sheng huo mang ci ai de tian fu tian tian kan gu ta geng ai shi shang ren wei ta men yu bei yong sheng de lu yi qie xu yao tian fu yi jing dou zhi dao ruo xin zhong fan nao rang ta wei ni chu diao ci ai de tian fu tian tian kan gu ta shi quan neng de zhu xin kao ta de ren zhen shi you fu
Y4-10,PnW,因祂活着,"神赐爱子，他名叫耶稣，他赐下爱、医治、宽恕；
他舍生命，使我得拯救，那空坟墓就是我的得赎记号。

因他活着，我能面对明天；因他活着，不再惧怕；
我深知道，他掌管明天；生命充满了希望，只因他活着。

何等甘甜，靠耶稣基督，他带给我满足喜乐；
更觉安慰，乃是我确信，我能面对未来坎坷，因主活着。

我有一天，会渡生命河，人生苦难，一一攻克；
靠主耶稣，战胜了死亡。我将看到他荣耀光，见他活着。",shen ci ai zi ta ming jiao ye su ta ci xia ai yi zhi kuan shu ta she sheng ming shi wo de zheng jiu na kong fen mu jiu shi wo de de shu ji hao yin ta huo zhe wo neng mian dui ming tian yin ta huo zhe bu zai ju pa wo shen zhi dao ta zhang guan ming tian sheng ming chong man le xi wang zhi yin ta huo zhe he deng gan tian kao ye su ji du ta dai gei wo man zu xi le geng jue an wei nai shi wo que xin wo neng mian dui wei lai kan ke yin zhu huo zhe wo you yi tian hui du sheng ming he ren sheng ku nan yi yi gong ke kao zhu ye su zhan sheng le si wang wo jiang kan dao ta rong yao guang jian ta huo zhe
Y4-11,PnW,因为有祢,"因为有你 我挥别过去
因为有你 生命能延续
因为有你 我不再有恐惧
心能够得安息

因为有你 罪已得洁净
因为有你 恩典丰沛如雨
因为有你 生命有新旋律
你已释放我心

无尽的爱 毫无保留
主你宝血 为我而流
如今我能得着自由
因耶稣拯救我

因为有你 软弱的能刚强
因为有你 破碎的能歌唱
因为有你 心中充满盼望
我能活出梦想

天堂门今敞开
神大能降下来
神百姓近前来
宣扬主爱

天堂门今敞开
神百姓来敬拜
全能神已同在",yin wei you ni wo hui bie guo qu yin wei you ni sheng ming neng yan xu yin wei you ni wo bu zai you kong ju xin neng gou de an xi yin wei you ni zui yi de jie jing yin wei you ni en dian feng pei ru yu yin wei you ni sheng ming you xin xuan lv ni yi shi fang wo xin wu jin de ai hao wu bao liu zhu ni bao xue wei wo er liu ru jin wo neng de zhe zi you yin ye su zheng jiu wo yin wei you ni ruan ruo de neng gang qiang yin wei you ni po sui de neng ge chang yin wei you ni xin zhong chong man pan wang wo neng huo chu meng xiang tian tang men jin chang kai shen da neng jiang xia lai shen bai xing jin qian lai xuan yang zhu ai tian tang men jin chang kai shen bai xing lai jing bai quan neng shen yi tong zai
Y4-12,PnW,永远尊贵,"耶稣，真神羔羊，配得所有极大赞美。天上地下，万口宣扬，你是弥赛亚。
我尊崇你，我尊崇你，尊崇你名超乎万名。
你的国度在天地之上，何等圣洁，永远掌权。
我尊崇你，我尊崇你，尊崇你名超乎万名。
你的荣耀充满全地，何等荣美，永远尊贵。",ye su zhen shen gao yang pei de suo you ji da zan mei tian shang di xia wan kou xuan yang ni shi mi sai ya wo zun chong ni wo zun chong ni zun chong ni ming chao hu wan ming ni de guo du zai tian di zhi shang he deng sheng jie yong yuan zhang quan wo zun chong ni wo zun chong ni zun chong ni ming chao hu wan ming ni de rong yao chong man quan di he deng rong mei yong yuan zun gui
Y4-13,PnW,有一位神,"有一位神，有权能创造宇宙万物，也有温柔双手安慰受伤灵魂。
有一位神，有权柄审判一切罪恶，也有慈悲体贴人的软弱。
有一位神，高坐在荣耀的宝座，却死在十架挽救人堕落。
有一位神，我们的神，唯一的神，名叫耶和华。
有权威荣光，有恩典慈爱，是昔在今在永在的神。",you yi wei shen you quan neng chuang zao yu zhou wan wu ye you wen rou shuang shou an wei shou shang ling hun you yi wei shen you quan bing shen pan yi qie zui e ye you ci bei ti tie ren de ruan ruo you yi wei shen gao zuo zai rong yao de bao zuo que si zai shi jia wan jiu ren duo luo you yi wei shen wo men de shen wei yi de shen ming jiao ye he hua you quan wei rong guang you en dian ci ai shi xi zai jin zai yong zai de shen
Y4-14,PnW,与祢同在,"耶和华 我一心称谢祢 因我受造奇妙可畏
祢赐我生命气息 祢给我活着的能力
耶和华 我全心敬拜祢 教我安静寻求祢心意 我要
永远与祢同在 引导我走永生的道路
与祢同在 与祢同在 祢的宝血把我的罪污遮盖 我要
歌颂赞美耶和华的大作为 祢竟愿意将我赎回
与祢同在 与祢同在 没有什么能取代祢的慈爱
求主在我生命里彰显祢的荣美 祢的意念何等宝贵
祢是我的神 我要来寻求祢面
与祢同在直到永远",ye he hua wo yi xin cheng xie mi yin wo shou zao qi miao ke wei mi ci wo sheng ming qi xi mi gei wo huo zhe de neng li ye he hua wo quan xin jing bai mi jiao wo an jing xun qiu mi xin yi wo yao yong yuan yu mi tong zai yin dao wo zou yong sheng de dao lu yu mi tong zai yu mi tong zai mi de bao xue ba wo de zui wu zhe gai wo yao ge song zan mei ye he hua de da zuo wei mi jing yuan yi jiang wo shu hui yu mi tong zai yu mi tong zai mei you shen me neng qu dai mi de ci ai qiu zhu zai wo sheng ming li zhang xian mi de rong mei mi de yi nian he deng bao gui mi shi wo de shen wo yao lai xun qiu mi mian yu mi tong zai zhi dao yong yuan
Y4-15,PnW,愿祢崇高,我要在万民中称谢祢，我要在列邦中歌颂祢，祢的慈爱高及诸天，祢的信实上达穹苍，祢的慈爱高及诸天，祢的信实上达穹苍。哈利路亚，哈利路亚，祢的慈爱高及诸天，哈利路亚，哈利路亚，祢的信实上达穹苍。,wo yao zai wan min zhong cheng xie mi wo yao zai lie bang zhong ge song mi mi de ci ai gao ji zhu tian mi de xin shi shang da qiong cang mi de ci ai gao ji zhu tian mi de xin shi shang da qiong cang ha li lu ya ha li lu ya mi de ci ai gao ji zhu tian ha li lu ya ha li lu ya mi de xin shi shang da qiong cang
Y4-16,PnW,云上太阳,"无论是住在美丽的高山，或是躺卧在幽暗的幽谷。
当你抬起头，你将会发现，主已为你我而预备。
云上太阳它总不改变，虽然小雨洒在眼上，云上太阳它总不改变；哈它不改变。",wu lun shi zhu zai mei li de gao shan huo shi tang wo zai you an de you gu dang ni tai qi tou ni jiang hui fa xian zhu yi wei ni wo er yu bei yun shang tai yang ta zong bu gai bian sui ran xiao yu sa zai yan shang yun shang tai yang ta zong bu gai bian ha ta bu gai bian
Y4-2,PnW,耶稣爱你,"这世界有个千年不变道理
那就是耶稣爱你
在世上没有任何的逼迫患难
能使我们与神的爱隔绝
你是否愿意成为神的儿女
一生让耶稣爱你
在世上没有任何的困苦愁烦
能使我们与神的爱隔绝",zhe shi jie you ge qian nian bu bian dao li na jiu shi ye su ai ni zai shi shang mei you ren he de bi po huan nan neng shi wo men yu shen de ai ge jue ni shi fou yuan yi cheng wei shen de er nv yi sheng rang ye su ai ni zai shi shang mei you ren he de kun ku chou fan neng shi wo men yu shen de ai ge jue
Y4-3,PnW,耶稣恩友,"耶稣是我亲爱朋友，担当我罪与忧愁。
何等权利能将万事，带到主恩座前求。
多少平安屡屡失去，多少痛苦白白受。
因我们未将万事，带到主恩座前求。
是否烦恼压着心头，是否遭试炼引诱。
我们切莫灰心失望，快到主恩座前求。
何处得此忠心朋友，分担一切苦与忧。
我们弱点主都知透，放心到主座前求。",ye su shi wo qin ai peng you dan dang wo zui yu you chou he deng quan li neng jiang wan shi dai dao zhu en zuo qian qiu duo shao ping an lv lv shi qu duo shao tong ku bai bai shou yin wo men wei jiang wan shi dai dao zhu en zuo qian qiu shi fou fan nao ya zhe xin tou shi fou zao shi lian yin you wo men qie mo hui xin shi wang kuai dao zhu en zuo qian qiu he chu de ci zhong xin peng you fen dan yi qie ku yu you wo men ruo dian zhu dou zhi tou fang xin dao zhu zuo qian qiu
Y4-4,PnW,耶稣基督,"我愿全心荣耀耶稣，放弃依靠我自己的骄傲。
我愿全心荣耀耶稣，因你恩典使我得新生命。
你的祝福无法测度，靠你能力我能胜过世界。
你的怜悯触摸我心，你慈爱为我的软弱效力。
而我不再看我所有成就，如同手中珍宝，一切奖赏都不能够与你的恩典相比。
而我这一生别无所求，只愿更认识你，所有成就都不能够与我的主荣耀相比。
耶稣基督，我的倚靠，你的十字架是我永远的荣耀，生命每一个气息都是属于你，我的源头，我的盼望是你我主。",wo yuan quan xin rong yao ye su fang qi yi kao wo zi ji de jiao ao wo yuan quan xin rong yao ye su yin ni en dian shi wo de xin sheng ming ni de zhu fu wu fa ce duo kao ni neng li wo neng sheng guo shi jie ni de lian min chu mo wo xin ni ci ai wei wo de ruan ruo xiao li er wo bu zai kan wo suo you cheng jiu ru tong shou zhong zhen bao yi qie jiang shang dou bu neng gou yu ni de en dian xiang bi er wo zhe yi sheng bie wu suo qiu zhi yuan geng ren shi ni suo you cheng jiu dou bu neng gou yu wo de zhu rong yao xiang bi ye su ji du wo de yi kao ni de shi zi jia shi wo yong yuan de rong yao sheng ming mei yi ge qi xi dou shi shu yu ni wo de yuan tou wo de pan wang shi ni wo zhu
Y4-5,PnW,耶稣是王,"全地欢唱，赞美歌唱，耶稣是王，凡有气息来齐声赞美祂，海浪澎湃。
太阳欢呼，星宿发光，一同赞美耶稣圣名。
让祂居首位，愿万国人尊崇祂，耶稣作我王，喜悦地举双手跳跃。
让祂居首位，愿万国人尊崇祂，耶稣作我王，喜悦地举双手跳跃。",quan di huan chang zan mei ge chang ye su shi wang fan you qi xi lai qi sheng zan mei ta hai lang peng pai tai yang huan hu xing xiu fa guang yi tong zan mei ye su sheng ming rang ta ju shou wei yuan wan guo ren zun chong ta ye su zuo wo wang xi yue di ju shuang shou tiao yue rang ta ju shou wei yuan wan guo ren zun chong ta ye su zuo wo wang xi yue di ju shuang shou tiao yue
Y4-6,PnW,一粒麦子,一粒麦子它若不落在地里死了，不论过了多少时候，它仍然是它自己；它若愿意让自己被掩埋被用尽，就必结出许多子粒，经历生命的每个历程！主，我愿意；主，我愿意，让自己像种子落在地里，失丧生命必反得生命；主，我愿意；主，我愿意，放下自己以爱来回应你；呼召如此崇高，种子何等渺小，定睛标竿直跑，必见神的荣耀！,yi li mai zi ta ruo bu luo zai di li si le bu lun guo le duo shao shi hou ta reng ran shi ta zi ji ta ruo yuan yi rang zi ji bei yan mai bei yong jin jiu bi jie chu xu duo zi li jing li sheng ming de mei ge li cheng zhu wo yuan yi zhu wo yuan yi rang zi ji xiang zhong zi luo zai di li shi sang sheng ming bi fan de sheng ming zhu wo yuan yi zhu wo yuan yi fang xia zi ji yi ai lai hui ying ni hu zhao ru ci chong gao zhong zi he deng miao xiao ding jing biao gan zhi pao bi jian shen de rong yao
Y4-7,PnW,以马内利,"以马内利，神与我们同在，荣美君王，我心向祢歌唱，
以马内利，风雨中有盼望，荣耀同在，平静安详。
荣耀荣耀荣耀，荣耀荣耀荣耀，祢的大能无人能及，
荣耀荣耀荣耀，荣耀荣耀荣耀，祢的荣美无人能及，
圣哉圣哉圣哉，圣哉圣哉圣哉，暴风雨中单单仰望祢。
圣哉圣哉圣哉，圣哉圣哉圣哉，荣耀光中单单仰望祢。",yi ma nei li shen yu wo men tong zai rong mei jun wang wo xin xiang mi ge chang yi ma nei li feng yu zhong you pan wang rong yao tong zai ping jing an xiang rong yao rong yao rong yao rong yao rong yao rong yao mi de da neng wu ren neng ji rong yao rong yao rong yao rong yao rong yao rong yao mi de rong mei wu ren neng ji sheng zai sheng zai sheng zai sheng zai sheng zai sheng zai bao feng yu zhong dan dan yang wang mi sheng zai sheng zai sheng zai sheng zai sheng zai sheng zai rong yao guang zhong dan dan yang wang mi
Y4-8,PnW,一生爱祢,"亲爱的宝贵耶稣，祢爱何等地甘甜，我的心深深被祢吸引，爱祢是我的喜乐。
一生爱祢，一生敬拜祢。一生爱祢，一生荣耀祢。
一生奉献，一生不回头。一生爱祢，跟随祢。",qin ai de bao gui ye su mi ai he deng di gan tian wo de xin shen shen bei mi xi yin ai mi shi wo de xi le yi sheng ai mi yi sheng jing bai mi yi sheng ai mi yi sheng rong yao mi yi sheng feng xian yi sheng bu hui tou yi sheng ai mi gen sui mi
Y4-9,PnW,一生一世,"耶和华是我的亮光，耶和华是我的拯救。
耶和华是我性命的保障，我还惧谁呢？
耶和华是我的盾牌，耶和华是我的高台。
耶和华是我性命的保障，我还惧谁呢？
有一件事我曾寻求，我仍要寻求，就是
一生一世住在耶和华的殿中，瞻仰祂荣美。
有一件事我曾寻求，我仍要寻求，就是
一生一世住在耶和华的殿中，寻求祂的面。",ye he hua shi wo de liang guang ye he hua shi wo de zheng jiu ye he hua shi wo xing ming de bao zhang wo hai ju shui ne ye he hua shi wo de dun pai ye he hua shi wo de gao tai ye he hua shi wo xing ming de bao zhang wo hai ju shui ne you yi jian shi wo ceng xun qiu wo reng yao xun qiu jiu shi yi sheng yi shi zhu zai ye he hua de dian zhong zhan yang ta rong mei you yi jian shi wo ceng xun qiu wo reng yao xun qiu jiu shi yi sheng yi shi zhu zai ye he hua de dian zhong xun qiu ta de mian
Y5-1,PnW,仰望祢十架,"耶稣 每当我仰望你十架
就让我想起你的爱 你那牺牲的爱
耶稣 每当我领受你大爱
我愿全心全意来回应你这份爱

耶稣 每当我们望你十架
就让我想起你被卖 你在十架的伤害
耶稣 看见你顺服的榜样
我愿舍弃一切走往十架的方向

你承受了人们的羞辱
忍受那十架上的痛苦
为要叫我们得救赎 领受丰盛的祝福
我承接你话语的吩咐
愿意走在十架的道路
让我生命活出你的大使命
我愿意为你而舍己",ye su mei dang wo yang wang ni shi jia jiu rang wo xiang qi ni de ai ni na xi sheng de ai ye su mei dang wo ling shou ni da ai wo yuan quan xin quan yi lai hui ying ni zhe fen ai ye su mei dang wo men wang ni shi jia jiu rang wo xiang qi ni bei mai ni zai shi jia de shang hai ye su kan jian ni shun fu de bang yang wo yuan she qi yi qie zou wang shi jia de fang xiang ni cheng shou le ren men de xiu ru ren shou na shi jia shang de tong ku wei yao jiao wo men de jiu shu ling shou feng sheng de zhu fu wo cheng jie ni hua yu de fen fu yuan yi zou zai shi jia de dao lu rang wo sheng ming huo chu ni de da shi ming wo yuan yi wei ni er she ji
Y5-2,PnW,耶和华的心,"耶和华的心，是平安的意念，一生一世祂定意用恩典为你冠冕；
耶和华的心，是赐福的意念，一生一世祂已应许慈爱永不改变；
当你遇苦难，祂渴望与你共承担，试探中祂要更新你赐够用恩典；
忧伤与愁烦，祂渴望为你来舒缓，唯愿你全心交托，寻求祂荣面。
耶和华的心，是慈爱的意念，一生一世我要赞美信靠到永远。",ye he hua de xin shi ping an de yi nian yi sheng yi shi ta ding yi yong en dian wei ni guan mian ye he hua de xin shi ci fu de yi nian yi sheng yi shi ta yi ying xu ci ai yong bu gai bian dang ni yu ku nan ta ke wang yu ni gong cheng dan shi tan zhong ta yao geng xin ni ci gou yong en dian you shang yu chou fan ta ke wang wei ni lai shu huan wei yuan ni quan xin jiao tuo xun qiu ta rong mian ye he hua de xin shi ci ai de yi nian yi sheng yi shi wo yao zan mei xin kao dao yong yuan
Y5-3,PnW,耶稣的香气,"耶稣你真美丽，无人能比
你的香气吸引我来靠近
耶稣你真美丽，慈爱公义
圣洁荣光充满整个殿宇
我闭上眼睛就看见
你舍弃天上尊荣，将我赎回
我只要静心就听见
你用生命的话语，教我降服谦卑",ye su ni zhen mei li wu ren neng bi ni de xiang qi xi yin wo lai kao jin ye su ni zhen mei li ci ai gong yi sheng jie rong guang chong man zheng ge dian yu wo bi shang yan jing jiu kan jian ni she qi tian shang zun rong jiang wo shu hui wo zhi yao jing xin jiu ting jian ni yong sheng ming de hua yu jiao wo xiang fu qian bei
Y5-4,PnW,因着十架爱,"主你的身体为我舍
你的宝血为我流出
诚然担当我的忧患
背负我的痛苦
因你受鞭伤我得医治
因你受刑罚我得平安
主啊我回转到你面前
我要经历医治和平安
医治和平安
因着十架爱
众罪得赦免
因着十架爱
因着十架爱
因着十架爱
今我得洁净
因着十架爱",zhu ni de shen ti wei wo she ni de bao xue wei wo liu chu cheng ran dan dang wo de you huan bei fu wo de tong ku yin ni shou bian shang wo de yi zhi yin ni shou xing fa wo de ping an zhu a wo hui zhuan dao ni mian qian wo yao jing li yi zhi he ping an yi zhi he ping an yin zhe shi jia ai zhong zui de she mian yin zhe shi jia ai yin zhe shi jia ai yin zhe shi jia ai jin wo de jie jing yin zhe shi jia ai
Y5-5,PnW,勇敢走出去,我并不完美也并不特别，而祢却是为我舍弃生命的主；我时常软弱有时会迷惑，但祢是道路真理和生命。主祢要往哪里走我就跟祢走，领我走到世界尽头，一生不再回头让世界听到我们敬拜，我们的祷告让复兴从我们开始，将主爱带到人群中。纵然有许多的问题，我也不放弃，祢大能赐给我勇气，我会勇敢走出去。,wo bing bu wan mei ye bing bu te bie er mi que shi wei wo she qi sheng ming de zhu wo shi chang ruan ruo you shi hui mi huo dan mi shi dao lu zhen li he sheng ming zhu mi yao wang na li zou wo jiu gen mi zou ling wo zou dao shi jie jin tou yi sheng bu zai hui tou rang shi jie ting dao wo men jing bai wo men de dao gao rang fu xing cong wo men kai shi jiang zhu ai dai dao ren qun zhong zong ran you xu duo de wen ti wo ye bu fang qi mi da neng ci gei wo yong qi wo hui yong gan zou chu qu
Y5-6,PnW,永恒的答问,在世上，有多少欢笑能使你快乐永久？试问谁能支配将来，永远不必担忧？名和利哪天才足够，能使你满足永久？试问就算拥有一切，谁能守住眼前的所有？人世间变幻无穷变幻，今朝有多少光彩在，明日转眼消逝离开，不朽的生命永存在耶稣基督里面，在跟随他的人心间。,zai shi shang you duo shao huan xiao neng shi ni kuai le yong jiu shi wen shui neng zhi pei jiang lai yong yuan bu bi dan you ming he li na tian cai zu gou neng shi ni man zu yong jiu shi wen jiu suan yong you yi qie shui neng shou zhu yan qian de suo you ren shi jian bian huan wu qiong bian huan jin zhao you duo shao guang cai zai ming ri zhuan yan xiao shi li kai bu xiu de sheng ming yong cun zai ye su ji du li mian zai gen sui ta de ren xin jian
Y5-7,PnW,永远不分离,"我要像一颗树按时结果，栽在溪水旁，喜爱祢的话语，昼夜思想。
这是有福的。祢就像葡萄树，我是枝子，常在祢里面，爱我疼我的天父，我是祢孩子。
永远不分离，哦，永远不分离，世上没有任何事能使祢爱隔绝。
永远不分离，哦，永远不分离，留心听祢，侧耳听祢，我是有福的。
像一颗树永不枯干，常在祢里面。",wo yao xiang yi ke shu an shi jie guo zai zai xi shui pang xi ai mi de hua yu zhou ye si xiang zhe shi you fu de mi jiu xiang pu tao shu wo shi zhi zi chang zai mi li mian ai wo teng wo de tian fu wo shi mi hai zi yong yuan bu fen li o yong yuan bu fen li shi shang mei you ren he shi neng shi mi ai ge jue yong yuan bu fen li o yong yuan bu fen li liu xin ting mi ce er ting mi wo shi you fu de xiang yi ke shu yong bu ku gan chang zai mi li mian
Y5-8,PnW,有一件礼物,"有一件礼物 你收到没有
眼睛看不到 你心会知道
这一件礼物 心门外等候
是为了你准备 别人不能收
生命有限 时光也会走
如果你不珍惜 机会难留
礼物虽然好 如果你不要
你怎么能够得到 怎么能得到
亲爱的朋友 你是否想到
马槽的婴孩 是为你而来
亲爱的朋友 你是否了解
最好的礼物是人子主耶稣",you yi jian li wu ni shou dao mei you yan jing kan bu dao ni xin hui zhi dao zhe yi jian li wu xin men wai deng hou shi wei le ni zhun bei bie ren bu neng shou sheng ming you xian shi guang ye hui zou ru guo ni bu zhen xi ji hui nan liu li wu sui ran hao ru guo ni bu yao ni zen me neng gou de dao zen me neng de dao qin ai de peng you ni shi fou xiang dao ma cao de ying hai shi wei ni er lai qin ai de peng you ni shi fou liao jie zui hao de li wu shi ren zi zhu ye su
Y6-10,PnW,以色列的圣者,"以色列的圣者，为我牺牲自己。
神羔羊，你是弥赛亚，耶稣和平之君。
我要跪下来敬拜你主啊，因为你是万王之王。
我要跪下来敬拜你我神，宝贵耶稣和平之君。",yi se lie de sheng zhe wei wo xi sheng zi ji shen gao yang ni shi mi sai ya ye su he ping zhi jun wo yao gui xia lai jing bai ni zhu a yin wei ni shi wan wang zhi wang wo yao gui xia lai jing bai ni wo shen bao gui ye su he ping zhi jun
Y6-11,PnW,愿你国度降临,"神的国度里，有权柄和能力。不要血气，不凭势力，单单倚靠主圣灵。
在神的国度里，是神的子民。不分语言，在祢面前，将荣耀归与祢。
愿祢国度降临在这地，同心高举主耶稣的圣名。愿祢圣灵彰显在这地，施行神迹医治能力；我们行立在祢的同在里。
我们是祢拣选子民，藉着天国使命，靠着圣灵宣扬基督君王的能力。我们是祢天国子民；愿祢带来复兴，再次苏醒，看见祢国度降临。
愿祢国度降临在这地，同心高举主耶稣的圣名。愿祢圣灵彰显在这地，施行神迹医治能力；我们行立在祢的同在里。",shen de guo du li you quan bing he neng li bu yao xue qi bu ping shi li dan dan yi kao zhu sheng ling zai shen de guo du li shi shen de zi min bu fen yu yan zai mi mian qian jiang rong yao gui yu mi yuan mi guo du jiang lin zai zhe di tong xin gao ju zhu ye su de sheng ming yuan mi sheng ling zhang xian zai zhe di shi xing shen ji yi zhi neng li wo men xing li zai mi de tong zai li wo men shi mi jian xuan zi min ji zhe tian guo shi ming kao zhe sheng ling xuan yang ji du jun wang de neng li wo men shi mi tian guo zi min yuan mi dai lai fu xing zai ci su xing kan jian mi guo du jiang lin yuan mi guo du jiang lin zai zhe di tong xin gao ju zhu ye su de sheng ming yuan mi sheng ling zhang xian zai zhe di shi xing shen ji yi zhi neng li wo men xing li zai mi de tong zai li
Y6-2,PnW,耶稣基督是主,"因为祂是万王之王，因为祂是万主之主，唯有祂从死里复活，我要敬拜祂。
荣耀，哈利路亚！欢呼荣耀，哈利路亚！祂是我的主我的王，我要敬拜祂。
因为万膝要跪拜，万口要承认，耶稣基督祂是主。
高唱哈利路亚，哈利路亚，耶稣基督祂是主。",yin wei ta shi wan wang zhi wang yin wei ta shi wan zhu zhi zhu wei you ta cong si li fu huo wo yao jing bai ta rong yao ha li lu ya huan hu rong yao ha li lu ya ta shi wo de zhu wo de wang wo yao jing bai ta yin wei wan xi yao gui bai wan kou yao cheng ren ye su ji du ta shi zhu gao chang ha li lu ya ha li lu ya ye su ji du ta shi zhu
Y6-3,PnW,耶稣给你平安,"这世界虽有苦难，主耶稣是避风港湾，他要给你他要给你平安，源源涌流不断。
耶稣，耶稣给你平安，耶稣给你真正平安。深深在你心里，源源涌流不断；哦！耶稣给你平安。",zhe shi jie sui you ku nan zhu ye su shi bi feng gang wan ta yao gei ni ta yao gei ni ping an yuan yuan yong liu bu duan ye su ye su gei ni ping an ye su gei ni zhen zheng ping an shen shen zai ni xin li yuan yuan yong liu bu duan o ye su gei ni ping an
Y6-4,PnW,耶稣基督是主,"主耶稣是全能真神，诸天都宣扬你的荣耀。
万国万邦齐来敬拜，全地高声欢唱：
“荣耀归于你，颂赞都归于你。”
天上地下万物跪拜，耶稣基督是主。",zhu ye su shi quan neng zhen shen zhu tian dou xuan yang ni de rong yao wan guo wan bang qi lai jing bai quan di gao sheng huan chang rong yao gui yu ni song zan dou gui yu ni tian shang di xia wan wu gui bai ye su ji du shi zhu
Y6-5,PnW,耶稣你已得胜,"这世上的苦难，像海浪不曾停止拍打海岸。
人们相聚离散，有没有一种约定，永远不更改。
谁能告诉我生命的答案，超越了时空的祝福，永远的爱。
耶稣你胜过了世界，胜过了死亡，胜过了黑暗的权势。
坐在父右边，世界的亮光，荣耀的君王。
耶稣，无罪的羔羊，为我走上十字架。",zhe shi shang de ku nan xiang hai lang bu ceng ting zhi pai da hai an ren men xiang ju li san you mei you yi zhong yue ding yong yuan bu geng gai shui neng gao su wo sheng ming de da an chao yue le shi kong de zhu fu yong yuan de ai ye su ni sheng guo le shi jie sheng guo le si wang sheng guo le hei an de quan shi zuo zai fu you bian shi jie de liang guang rong yao de jun wang ye su wu zui de gao yang wei wo zou shang shi zi jia
Y6-6,PnW,耶稣永远掌权,"当我在患难之中，我仍要信靠耶稣
你是我的一切，我心所依靠的
当我的心动摇时，我仍要赞美耶稣
你是我的盼望，我心所依靠的
哈利路亚，哈利路亚，耶稣永远掌权
哈利，哈利，哈利，耶稣永远掌权
白昼，你向我施慈爱
黑夜，我要歌颂祷告
你是我的诗歌，我的避难所
呼叫我抬起头的神",dang wo zai huan nan zhi zhong wo reng yao xin kao ye su ni shi wo de yi qie wo xin suo yi kao de dang wo de xin dong yao shi wo reng yao zan mei ye su ni shi wo de pan wang wo xin suo yi kao de ha li lu ya ha li lu ya ye su yong yuan zhang quan ha li ha li ha li ye su yong yuan zhang quan bai zhou ni xiang wo shi ci ai hei ye wo yao ge song dao gao ni shi wo de shi ge wo de bi nan suo hu jiao wo tai qi tou de shen
Y6-7,PnW,一颗谦卑的心,"求你给我一颗谦卑的心，给我一颗受教的灵，
好让我能走在你的旨意里，如同耶稣的生命。
求你给我一颗谦卑的心，给我一颗受教的灵，
好让我能走在你的旨意里，如同耶稣的生命。
帮助我更多的祷告，帮助我更深的倚靠，
单单相信你，深深敬畏你，一生要跟随你。",qiu ni gei wo yi ke qian bei de xin gei wo yi ke shou jiao de ling hao rang wo neng zou zai ni de zhi yi li ru tong ye su de sheng ming qiu ni gei wo yi ke qian bei de xin gei wo yi ke shou jiao de ling hao rang wo neng zou zai ni de zhi yi li ru tong ye su de sheng ming bang zhu wo geng duo de dao gao bang zhu wo geng shen de yi kao dan dan xiang xin ni shen shen jing wei ni yi sheng yao gen sui ni
Y6-8,PnW,以利亚的日子,"这是以利亚的日子，齐宣扬我主的话语，
这是祢仆人的日子，摩西公义今正被显明。
虽然这苦难的日子，充满饥荒黑暗刀剑，而
我们仍要在这旷野的呼喊：预备耶和华的道路！

这是以西结的日子，枯干的骸骨正复活，
这是祢仆人的日子，大卫重新建造赞美殿。
这是大收割的日子，看哪庄稼已发白，
我们是祢葡萄园的工人，齐宣扬我主的话语。

看祂降临，驾着天上云，
闪耀如烈日，号筒声吹响，
扬起你声，这是恩典的禧年，
救赎恩典从锡安山而来。",zhe shi yi li ya de ri zi qi xuan yang wo zhu de hua yu zhe shi mi pu ren de ri zi mo xi gong yi jin zheng bei xian ming sui ran zhe ku nan de ri zi chong man ji huang hei an dao jian er wo men reng yao zai zhe kuang ye de hu han yu bei ye he hua de dao lu zhe shi yi xi jie de ri zi ku gan de hai gu zheng fu huo zhe shi mi pu ren de ri zi da wei chong xin jian zao zan mei dian zhe shi da shou ge de ri zi kan na zhuang jia yi fa bai wo men shi mi pu tao yuan de gong ren qi xuan yang wo zhu de hua yu kan ta jiang lin jia zhe tian shang yun shan yao ru lie ri hao tong sheng chui xiang yang qi ni sheng zhe shi en dian de xi nian jiu shu en dian cong xi an shan er lai
Y6-9,PnW,一切歌颂赞美,"一切歌颂赞美都归我主我的神，你是配得歌颂与赞美。
我们高声呼喊，高举耶稣之名，哈利路亚。
赞美主哈利路亚，赞美主哈利路亚，哈利路亚。
赞美主哈利路亚，赞美主哈利路亚，哈利路亚。",yi qie ge song zan mei dou gui wo zhu wo de shen ni shi pei de ge song yu zan mei wo men gao sheng hu han gao ju ye su zhi ming ha li lu ya zan mei zhu ha li lu ya zan mei zhu ha li lu ya ha li lu ya zan mei zhu ha li lu ya zan mei zhu ha li lu ya ha li lu ya
Y7-1,PnW,耶和华我的磐石,"耶和华我的磐石，是应当称颂的。
你教导我的手争战，教导我的指头打仗；
耶和华我的磐石，是应当称颂的。
你赐给我智慧谋略，教导我心坚定于你。
神啊，我要向你唱新歌，我慈爱的主。
你是我的山寨，我的高台。
神啊，我要向你弹琴，歌颂我的救主。
你是我的盾牌，你是我，我所投靠的主。",ye he hua wo de pan shi shi ying dang cheng song de ni jiao dao wo de shou zheng zhan jiao dao wo de zhi tou da zhang ye he hua wo de pan shi shi ying dang cheng song de ni ci gei wo zhi hui mou lve jiao dao wo xin jian ding yu ni shen a wo yao xiang ni chang xin ge wo ci ai de zhu ni shi wo de shan zhai wo de gao tai shen a wo yao xiang ni tan qin ge song wo de jiu zhu ni shi wo de dun pai ni shi wo wo suo tou kao de zhu
Y7-2,PnW,耶和华行了大事,"耶和华已经为我们行了大事，祂铺张云彩当遮盖，夜间使火光照。
耶和华已经为我们行了大事，祂在旷野之处使水流成河。
耶和华已经为我们行了大事，祂命令狂风止息，那波浪就平静。
耶和华已经为我们行了大事，祂张开双手我们就得饱足。
我们要欢呼，述说祂的作为，我们依靠神，就能施展大能。
我们要歌颂，要欢呼；述说祂的作为。我们依靠神，就能施展大能。
祂必带领选民欢呼向前；祂将列国的地赐给我们。
祂必带领选民欢呼向前；祂将列国的地赐给我们。",ye he hua yi jing wei wo men xing le da shi ta pu zhang yun cai dang zhe gai ye jian shi huo guang zhao ye he hua yi jing wei wo men xing le da shi ta zai kuang ye zhi chu shi shui liu cheng he ye he hua yi jing wei wo men xing le da shi ta ming ling kuang feng zhi xi na bo lang jiu ping jing ye he hua yi jing wei wo men xing le da shi ta zhang kai shuang shou wo men jiu de bao zu wo men yao huan hu shu shuo ta de zuo wei wo men yi kao shen jiu neng shi zhan da neng wo men yao ge song yao huan hu shu shuo ta de zuo wei wo men yi kao shen jiu neng shi zhan da neng ta bi dai ling xuan min huan hu xiang qian ta jiang lie guo de di ci gei wo men ta bi dai ling xuan min huan hu xiang qian ta jiang lie guo de di ci gei wo men
Y7-3,PnW,耶和华祝福满满,"田中的白鹭丝，无欠缺什么；山顶的百合花，春天现香味。
总是全能的上帝，每日赏赐真福气，使地上发芽、结实，显出爱疼的根据。
耶和华祝福满满，亲像海边土沙，恩典慈爱直到万世代。
我要举手敬拜祂，出欢喜的歌声，赞美称颂祂名永无息。",tian zhong de bai lu si wu qian que shen me shan ding de bai he hua chun tian xian xiang wei zong shi quan neng de shang di mei ri shang ci zhen fu qi shi di shang fa ya jie shi xian chu ai teng de gen ju ye he hua zhu fu man man qin xiang hai bian tu sha en dian ci ai zhi dao wan shi dai wo yao ju shou jing bai ta chu huan xi de ge sheng zan mei cheng song ta ming yong wu xi
Y7-4,PnW,耶稣我要爱慕你,"耶稣，我要爱慕你，我要爱慕你，倾倒我的生命。
你是我唯一所求，让我心单单渴慕你。
我心满溢，我心满溢，对你的爱和思念无止尽。
让我走向你的身旁，贴近你，主啊，我渴慕寻求你。",ye su wo yao ai mu ni wo yao ai mu ni qing dao wo de sheng ming ni shi wo wei yi suo qiu rang wo xin dan dan ke mu ni wo xin man yi wo xin man yi dui ni de ai he si nian wu zhi jin rang wo zou xiang ni de shen pang tie jin ni zhu a wo ke mu xun qiu ni
Y7-5,PnW,永恒唯一的盼望,"有一位真神，祂名字叫耶稣，祂来到这世界上，为要救赎你。
生命的意义，尽在这福音里，只要你开口呼喊，耶稣。
耶稣是生命一切问题的解答，耶稣是生命一切黑暗的亮光。
将忧伤变为喜乐，将惧怕变为力量，耶稣是永恒唯一的盼望。",you yi wei zhen shen ta ming zi jiao ye su ta lai dao zhe shi jie shang wei yao jiu shu ni sheng ming de yi yi jin zai zhe fu yin li zhi yao ni kai kou hu han ye su ye su shi sheng ming yi qie wen ti de jie da ye su shi sheng ming yi qie hei an de liang guang jiang you shang bian wei xi le jiang ju pa bian wei li liang ye su shi yong heng wei yi de pan wang
Y8-1,PnW,耶和华祢是我的神,"耶和华你是我的神，我要时时称颂你的名。
你是我的盾牌，是我的荣耀，又是叫我抬起头的神。
纵然仇敌围绕攻击我，在你怀中必不怕遭害。
你是我的神，我所倚靠的，你同在使我全然得胜。",ye he hua ni shi wo de shen wo yao shi shi cheng song ni de ming ni shi wo de dun pai shi wo de rong yao you shi jiao wo tai qi tou de shen zong ran chou di wei rao gong ji wo zai ni huai zhong bi bu pa zao hai ni shi wo de shen wo suo yi kao de ni tong zai shi wo quan ran de sheng
Y8-2,PnW,因祢圣名我们敬拜,"耶稣因祢圣名我们敬拜
跪下在祢面前来敬拜
耶稣因祢圣名我们敬拜
也承认祢是主
耶稣是主
耶稣是主
恳求圣灵指教我
耶稣基督是主",ye su yin mi sheng ming wo men jing bai gui xia zai mi mian qian lai jing bai ye su yin mi sheng ming wo men jing bai ye cheng ren mi shi zhu ye su shi zhu ye su shi zhu ken qiu sheng ling zhi jiao wo ye su ji du shi zhu
Y8-3,PnW,愿祢荣耀国度降临,"主，我们谦卑屈膝，来跟随祢的话语，在万民中作祢的子民。
主，我们谦卑屈膝，定意为圣洁国民，在万国中宣扬祢圣名。
愿祢荣耀国度降临我们中间，圣灵降下焚烧众人心灵，复兴我们为失丧灵魂代求，悔改祢宝座前；同心合意，刚强壮胆往普天下去。
愿祢荣耀国度降临我们中间，圣灵降下焚烧众人心灵，复兴我们为失丧灵魂代求，建立祢的教会，传扬福音，愿祢荣耀在全地彰显。",zhu wo men qian bei qu xi lai gen sui mi de hua yu zai wan min zhong zuo mi de zi min zhu wo men qian bei qu xi ding yi wei sheng jie guo min zai wan guo zhong xuan yang mi sheng ming yuan mi rong yao guo du jiang lin wo men zhong jian sheng ling jiang xia fen shao zhong ren xin ling fu xing wo men wei shi sang ling hun dai qiu hui gai mi bao zuo qian tong xin he yi gang qiang zhuang dan wang pu tian xia qu yuan mi rong yao guo du jiang lin wo men zhong jian sheng ling jiang xia fen shao zhong ren xin ling fu xing wo men wei shi sang ling hun dai qiu jian li mi de jiao hui chuan yang fu yin yuan mi rong yao zai quan di zhang xian
Y9-1,PnW,耶和华的膀臂环绕我,"当有危难临到我面前，如漫漫长夜无尽无边
何处能寻找到生命亮光，伴我度过每个明天
虽遭仇敌围困我眼前，如涛涛大水漫过胸间
耶和华的膀臂环绕着我，救我脱离死亡的深渊
他擦干我不住的泪水，他抚平我伤痛的心田
他是我的力量，我的避难所，我要一生赞美称颂他万万年
我的过犯他不再记念，我虽软弱他能力加添
耶和华的膀臂环绕着我，他的慈爱长存到永远",dang you wei nan lin dao wo mian qian ru man man chang ye wu jin wu bian he chu neng xun zhao dao sheng ming liang guang ban wo du guo mei ge ming tian sui zao chou di wei kun wo yan qian ru tao tao da shui man guo xiong jian ye he hua de bang bi huan rao zhe wo jiu wo tuo li si wang de shen yuan ta ca gan wo bu zhu de lei shui ta fu ping wo shang tong de xin tian ta shi wo de li liang wo de bi nan suo wo yao yi sheng zan mei cheng song ta wan wan nian wo de guo fan ta bu zai ji nian wo sui ruan ruo ta neng li jia tian ye he hua de bang bi huan rao zhe wo ta de ci ai chang cun dao yong yuan
Z10-1,PnW,在耶稣里我们是一家人,"在耶稣里我们是一家人
在耶稣里我们是一家人
在耶稣里我们是一家人
在耶稣里我们是一家人
从今直到永永远远
在耶稣里我们是一家人",zai ye su li wo men shi yi jia ren zai ye su li wo men shi yi jia ren zai ye su li wo men shi yi jia ren zai ye su li wo men shi yi jia ren cong jin zhi dao yong yong yuan yuan zai ye su li wo men shi yi jia ren
Z3-1,PnW,赞美祭,我们献上赞美的祭，来进入神的殿中。我们献上赞美的祭，来进入神的殿中。我们以感恩的心，来向你献上感谢的祭。我们以喜乐的心，来献上赞美的祭。,wo men xian shang zan mei de ji lai jin ru shen de dian zhong wo men xian shang zan mei de ji lai jin ru shen de dian zhong wo men yi gan en de xin lai xiang ni xian shang gan xie de ji wo men yi xi le de xin lai xian shang zan mei de ji
Z3-2,PnW,主祷文,我们在天上的父，愿人都尊祢的名为圣，愿祢的国度降临，愿祢的旨意行在地上，如同行在天上。我们日用的饮食，今日赐给我们，免我们所欠的债，如同我们免了人的债，哈利路亚。不叫我们遇见试探，救我们脱离凶恶；因为国度权柄和荣耀，全是祢的直到永远。我要一生一世寻求，在主殿中瞻仰祢荣美，因为国度权柄和荣耀，全是祢的直到永远。,wo men zai tian shang de fu yuan ren dou zun mi de ming wei sheng yuan mi de guo du jiang lin yuan mi de zhi yi xing zai di shang ru tong xing zai tian shang wo men ri yong de yin shi jin ri ci gei wo men mian wo men suo qian de zhai ru tong wo men mian le ren de zhai ha li lu ya bu jiao wo men yu jian shi tan jiu wo men tuo li xiong e yin wei guo du quan bing he rong yao quan shi mi de zhi dao yong yuan wo yao yi sheng yi shi xun qiu zai zhu dian zhong zhan yang mi rong mei yin wei guo du quan bing he rong yao quan shi mi de zhi dao yong yuan
Z3-3,PnW,主恩典,"主恩典 何等美好
比海深 也比山高
过去现在和未来
主恩丰富奇妙
主的恩典 大大小小
主的恩典 从头到脚
白白得来 不能忘掉
感谢涌出如浪潮
啦啦啦啦啦 我要赞美
啦啦啦啦啦 我还要赞美
啦啦啦啦啦 我一生赞美
一生要来赞美主",zhu en dian he deng mei hao bi hai shen ye bi shan gao guo qu xian zai he wei lai zhu en feng fu qi miao zhu de en dian da da xiao xiao zhu de en dian cong tou dao jiao bai bai de lai bu neng wang diao gan xie yong chu ru lang chao la la la la la wo yao zan mei la la la la la wo hai yao zan mei la la la la la wo yi sheng zan mei yi sheng yao lai zan mei zhu
Z3-4,PnW,主为何,"亲爱的主，祢为何爱我卑微罪人？
离开尊贵天家降下，诞生在人世间！
亲爱的主，祢为何甘受贫寒轻慢？
我的心永不明白祢奇妙的恩爱。
亲爱的主，祢为何被挂在木头上？
遍体鳞伤鲜血淋漓，亲身还我罪债！
都是为我，都是为我，这悖逆的亡羊，
我岂能岂能忘怀祢奇妙的恩爱。",qin ai de zhu mi wei he ai wo bei wei zui ren li kai zun gui tian jia jiang xia dan sheng zai ren shi jian qin ai de zhu mi wei he gan shou pin han qing man wo de xin yong bu ming bai mi qi miao de en ai qin ai de zhu mi wei he bei gua zai mu tou shang bian ti lin shang xian xue lin li qin shen hai wo zui zhai dou shi wei wo dou shi wei wo zhe bei ni de wang yang wo qi neng qi neng wang huai mi qi miao de en ai
Z3-5,PnW,尊贵主,"尊贵主 朝拜至尊贵主
一切荣耀全能赞美归于耶稣
尊贵主 国度和权柄
从祂宝座涌归于祂 高歌颂祂
当尊崇 齐来高举主耶稣圣名
当宣扬 齐来称颂主基督我王
尊贵主 朝拜至尊贵主
祂曾受死 今得荣耀 万王之王",zun gui zhu chao bai zhi zun gui zhu yi qie rong yao quan neng zan mei gui yu ye su zun gui zhu guo du he quan bing cong ta bao zuo yong gui yu ta gao ge song ta dang zun chong qi lai gao ju zhu ye su sheng ming dang xuan yang qi lai cheng song zhu ji du wo wang zun gui zhu chao bai zhi zun gui zhu ta ceng shou si jin de rong yao wan wang zhi wang
Z4-1,PnW,在你手中,"我愿意将我全心交在你手中
毫无保留 毫无保留
我愿意将我全心交在你手中
毫无保留 毫无保留
生命中一切全是你所赐给我
赏赐在你 收取在于你
也许曾渴望拥有
但你要我慢慢学习放手
在每一分钟
现在我已经不同
生命属于你 不属于我
甘愿成为你手中
美好的工作",wo yuan yi jiang wo quan xin jiao zai ni shou zhong hao wu bao liu hao wu bao liu wo yuan yi jiang wo quan xin jiao zai ni shou zhong hao wu bao liu hao wu bao liu sheng ming zhong yi qie quan shi ni suo ci gei wo shang ci zai ni shou qu zai yu ni ye xu ceng ke wang yong you dan ni yao wo man man xue xi fang shou zai mei yi fen zhong xian zai wo yi jing bu tong sheng ming shu yu ni bu shu yu wo gan yuan cheng wei ni shou zhong mei hao de gong zuo
Z4-2,PnW,在祢手中,"耶和华我的神，你是我的神，我的好处不在你以外。
你是我的产业，我杯中的分，我所得的你为我持守。
耶和华我的神，你是我的神，我的好处不在你以外。
你是我的产业，我杯中的分，我所得的你为我持守。
我将耶和华常摆在我面前，因你在我右边，我便不致动摇。
我的心欢喜，我的灵快乐，我的肉身也要安然居住。
我将耶和华常摆在我面前，因你在我右边，我便不致动摇。
在你面前有满足的喜乐，在你手中有永远的福乐。",ye he hua wo de shen ni shi wo de shen wo de hao chu bu zai ni yi wai ni shi wo de chan ye wo bei zhong de fen wo suo de de ni wei wo chi shou ye he hua wo de shen ni shi wo de shen wo de hao chu bu zai ni yi wai ni shi wo de chan ye wo bei zhong de fen wo suo de de ni wei wo chi shou wo jiang ye he hua chang bai zai wo mian qian yin ni zai wo you bian wo bian bu zhi dong yao wo de xin huan xi wo de ling kuai le wo de rou shen ye yao an ran ju zhu wo jiang ye he hua chang bai zai wo mian qian yin ni zai wo you bian wo bian bu zhi dong yao zai ni mian qian you man zu de xi le zai ni shou zhong you yong yuan de fu le
Z4-3,PnW,赞美之泉,从天父而来的爱和恩典，把我们冰冷的心溶解，让我们献出每个音符，把它化为赞美之泉。让我们张开口，举起手，向永生之主称谢，使赞美之泉流入，每个人的心间。,cong tian fu er lai de ai he en dian ba wo men bing leng de xin rong jie rang wo men xian chu mei ge yin fu ba ta hua wei zan mei zhi quan rang wo men zhang kai kou ju qi shou xiang yong sheng zhi zhu cheng xie shi zan mei zhi quan liu ru mei ge ren de xin jian
Z4-4,PnW,这一天里,这一天里，我感到好欢喜，能够与各位弟兄姐妹相聚。耶稣基督把我们合为一，不需要再与弟兄姐妹相比。手挽着手一起，充满爱心，我们也心连心，让我们一起在主爱里步行。你是我朋友，主的大家庭，没有任何事，能够分开我和你。哦，你是我朋友，主的大家庭，没有任何事，能够分开我和你。,zhe yi tian li wo gan dao hao huan xi neng gou yu ge wei di xiong jie mei xiang ju ye su ji du ba wo men he wei yi bu xu yao zai yu di xiong jie mei xiang bi shou wan zhuo shou yi qi chong man ai xin wo men ye xin lian xin rang wo men yi qi zai zhu ai li bu xing ni shi wo peng you zhu de da jia ting mei you ren he shi neng gou fen kai wo he ni o ni shi wo peng you zhu de da jia ting mei you ren he shi neng gou fen kai wo he ni
Z4-5,PnW,诸天宣扬,"诸天宣扬
复活之主的荣耀
谁能相比
我主圣洁美丽
永远到永远
羔羊已掌权
今我欢喜前来
向你屈膝敬拜",zhu tian xuan yang fu huo zhi zhu de rong yao shui neng xiang bi wo zhu sheng jie mei li yong yuan dao yong yuan gao yang yi zhang quan jin wo huan xi qian lai xiang ni qu xi jing bai
Z5-1,PnW,在陶匠手中,"荣美的神 奇妙的救主
我深知道 我一生年日
轻声呼唤我 进入你同在
你的圣灵 指引我道路

在你手中 完全照你荣耀计划
主教导我 透过你的眼光 为你活

我降服在你圣洁呼召
分别自己 我知你吸引我
就近你 恳求主带领

磨我 塑造我 用我 充满我
献上生命 在陶匠手中
召我 指教我 领我 在你身旁
献上生命 在陶匠手中",rong mei de shen qi miao de jiu zhu wo shen zhi dao wo yi sheng nian ri qing sheng hu huan wo jin ru ni tong zai ni de sheng ling zhi yin wo dao lu zai ni shou zhong wan quan zhao ni rong yao ji hua zhu jiao dao wo tou guo ni de yan guang wei ni huo wo xiang fu zai ni sheng jie hu zhao fen bie zi ji wo zhi ni xi yin wo jiu jin ni ken qiu zhu dai ling mo wo su zao wo yong wo chong man wo xian shang sheng ming zai tao jiang shou zhong zhao wo zhi jiao wo ling wo zai ni shen pang xian shang sheng ming zai tao jiang shou zhong
Z5-10,PnW,主我敬拜祢,"主我敬拜你，敞开在你的面前
主我敬拜你，俯伏你宝座前敬拜你
天军向你屈膝，众天使围绕你座前
主我双手举起，屈膝你宝座前敬拜你",zhu wo jing bai ni chang kai zai ni de mian qian zhu wo jing bai ni fu fu ni bao zuo qian jing bai ni tian jun xiang ni qu xi zhong tian shi wei rao ni zuo qian zhu wo shuang shou ju qi qu xi ni bao zuo qian jing bai ni
Z5-11,PnW,住在祢里面,"在干旱无水之地我渴慕你，
在旷野无人之处我寻求你。
得救在乎归回安息，
得力在乎平静安稳，
我等候你，如鹰展翅上腾。
住在你里面，住在你里面，
如同枝子与葡萄树紧紧相连。
住在你里面，住在你里面，
领受生命活水泉源永不枯竭。",zai gan han wu shui zhi di wo ke mu ni zai kuang ye wu ren zhi chu wo xun qiu ni de jiu zai hu gui hui an xi de li zai hu ping jing an wen wo deng hou ni ru ying zhan chi shang teng zhu zai ni li mian zhu zai ni li mian ru tong zhi zi yu pu tao shu jin jin xiang lian zhu zai ni li mian zhu zai ni li mian ling shou sheng ming huo shui quan yuan yong bu ku jie
Z5-12,PnW,尊贵全能神,"全能真神，祢掌权，祢的慈爱永远长存；
万民都来尊崇祢圣名。世上万有属于祢，祢的慈爱永远长存；
荣耀的名直存到永远。
哈利路亚，尊贵全能神，天地万有都会灭没，唯有祢永远不改变。
哈利路亚，圣洁全能神，无一人能与祢相比，所有荣耀都归于祢。
宣告祢国度降临。祢旨意成全这地。兴起祢所选子民。高举祢荣耀的名。",quan neng zhen shen mi zhang quan mi de ci ai yong yuan chang cun wan min dou lai zun chong mi sheng ming shi shang wan you shu yu mi mi de ci ai yong yuan chang cun rong yao de ming zhi cun dao yong yuan ha li lu ya zun gui quan neng shen tian di wan you du hui mie mei wei you mi yong yuan bu gai bian ha li lu ya sheng jie quan neng shen wu yi ren neng yu mi xiang bi suo you rong yao dou gui yu mi xuan gao mi guo du jiang lin mi zhi yi cheng quan zhe di xing qi mi suo xuan zi min gao ju mi rong yao de ming
Z5-13,PnW,主啊陶造我,"你是陶匠，我是泥土，陶造我，塑造我更像你。
你是陶匠，我是泥土，陶造我，塑造我更像你。
塑造我成为你器皿，使我永远不离开你。
塑造我成为你器皿，使我永远不离开你。",ni shi tao jiang wo shi ni tu tao zao wo su zao wo geng xiang ni ni shi tao jiang wo shi ni tu tao zao wo su zao wo geng xiang ni su zao wo cheng wei ni qi min shi wo yong yuan bu li kai ni su zao wo cheng wei ni qi min shi wo yong yuan bu li kai ni
Z5-2,PnW,这里有荣耀,"哈利路亚，哈利路亚，这里有荣耀。
哈利路亚，哈利路亚，这里有医治涌流。
哈利路亚，哈利路亚，这里有光明自由。
敬拜声音如众水涌流，永活的主祢在这里。
祢是起初的、末后的，昔在今在永在的主。
全心敬拜祢，大声欢呼，荣耀被高举。
公义的日头如光照耀，万国赞颂祢的荣美。
祢是公义主，明亮晨星！
昔在、今在、永在的君王。",ha li lu ya ha li lu ya zhe li you rong yao ha li lu ya ha li lu ya zhe li you yi zhi yong liu ha li lu ya ha li lu ya zhe li you guang ming zi you jing bai sheng yin ru zhong shui yong liu yong huo de zhu mi zai zhe li mi shi qi chu de mo hou de xi zai jin zai yong zai de zhu quan xin jing bai mi da sheng huan hu rong yao bei gao ju gong yi de ri tou ru guang zhao yao wan guo zan song mi de rong mei mi shi gong yi zhu ming liang chen xing xi zai jin zai yong zai de jun wang
Z5-3,PnW,这是神的爱,"每一天我都看见
神奇妙的创造
每一朵园中的小花
和空中的飞鸟
什么使神造这一切？
我一直不明白
直到有人对我说
这就是神的爱！

神为何将独生子
赐给了我和你？
离开他尊贵的天家
降生卑微马槽里？
他为何被朋友陷害
被人戏弄鞭打？
为何为还我的罪债
被钉在十架上？

这是神的爱
他永不更改
这是神的爱
永远不离开
他创造你
他创造我
要我们与他
永远同在
让我们来分享
神无限的爱！

这是神的爱
他永不更改
这是神的爱
永远不离开
他救赎你
他救赎我
要我们与他
永远同在
让我们来分享
神无限的爱！

这是神的爱
他永不更改
这是神的爱
永远不离开
他的创造
他的救赎
叫我不能
不对他另眼相看
叫我完全相信
这是神的爱！
让我们与他永远同在
让我们来分享
神无限的爱",mei yi tian wo dou kan jian shen qi miao de chuang zao mei yi duo yuan zhong de xiao hua he kong zhong de fei niao shen me shi shen zao zhe yi qie wo yi zhi bu ming bai zhi dao you ren dui wo shuo zhe jiu shi shen de ai shen wei he jiang du sheng zi ci gei le wo he ni li kai ta zun gui de tian jia jiang sheng bei wei ma cao li ta wei he bei peng you xian hai bei ren xi nong bian da wei he wei hai wo de zui zhai bei ding zai shi jia shang zhe shi shen de ai ta yong bu geng gai zhe shi shen de ai yong yuan bu li kai ta chuang zao ni ta chuang zao wo yao wo men yu ta yong yuan tong zai rang wo men lai fen xiang shen wu xian de ai zhe shi shen de ai ta yong bu geng gai zhe shi shen de ai yong yuan bu li kai ta jiu shu ni ta jiu shu wo yao wo men yu ta yong yuan tong zai rang wo men lai fen xiang shen wu xian de ai zhe shi shen de ai ta yong bu geng gai zhe shi shen de ai yong yuan bu li kai ta de chuang zao ta de jiu shu jiao wo bu neng bu dui ta ling yan xiang kan jiao wo wan quan xiang xin zhe shi shen de ai rang wo men yu ta yong yuan tong zai rang wo men lai fen xiang shen wu xian de ai
Z5-4,PnW,真实的悔改,"主祢已救赎我们，招聚我们，为祢争战。
主我们同心寻求，祢的国度，祢的公义。
求祢赦免我们得罪了祢，
从今天起我们要顺服祢旨意。
主我们真实的悔改，回转到祢面前，
求祢赦免我们的罪，洁净我们的心；
主再次赐下祢恩典，再次赐下怜悯；
求祢塑造我们生命，为祢而活，一生讨祢喜悦。",zhu mi yi jiu shu wo men zhao ju wo men wei mi zheng zhan zhu wo men tong xin xun qiu mi de guo du mi de gong yi qiu mi she mian wo men de zui le mi cong jin tian qi wo men yao shun fu mi zhi yi zhu wo men zhen shi de hui gai hui zhuan dao mi mian qian qiu mi she mian wo men de zui jie jing wo men de xin zhu zai ci ci xia mi en dian zai ci ci xia lian min qiu mi su zao wo men sheng ming wei mi er huo yi sheng tao mi xi yue
Z5-5,PnW,主爱有多少,"主爱有多少？主恩有多深？
祂甘愿舍命，为救人灵魂。
主爱有多少？主恩有多深？
每当我思想，我心感恩。
天地有多距离，南北有多遥远，
永恒有多长久，无限有多宽广。",zhu ai you duo shao zhu en you duo shen ta gan yuan she ming wei jiu ren ling hun zhu ai you duo shao zhu en you duo shen mei dang wo si xiang wo xin gan en tian di you duo ju li nan bei you duo yao yuan yong heng you duo chang jiu wu xian you duo kuan guang
Z5-6,PnW,主赐我异象,"主赐我异象 把黑暗照亮
主使我看见 灵风在吹
主叫我听见 人心的呐喊
宣告今年为耶和华的禧年
我愿众膝跪下齐来敬拜主
我愿万口称他为生命主
叫被虏得着自由
得丰盛的生命
愿主美好旨意成就在这地",zhu ci wo yi xiang ba hei an zhao liang zhu shi wo kan jian ling feng zai chui zhu jiao wo ting jian ren xin de na han xuan gao jin nian wei ye he hua de xi nian wo yuan zhong xi gui xia qi lai jing bai zhu wo yuan wan kou cheng ta wei sheng ming zhu jiao bei lu de zhe zi you de feng sheng de sheng ming yuan zhu mei hao zhi yi cheng jiu zai zhe di
Z5-7,PnW,注目看耶稣,"凡劳苦重担，当亲近耶稣，必得安息
他怜悯充足，凡饥渴慕义，来寻我耶稣
他享甘泉，他得饱足
注目看耶稣，定睛看耶稣，至圣公义主
十架上耶稣，注目看耶稣，低屈看耶稣
跟随亲近主，愿与他同步
跟随他同步",fan lao ku zhong dan dang qin jin ye su bi dei an xi ta lian min chong zu fan ji ke mu yi lai xun wo ye su ta xiang gan quan ta de bao zu zhu mu kan ye su ding jing kan ye su zhi sheng gong yi zhu shi jia shang ye su zhu mu kan ye su di qu kan ye su gen sui qin jin zhu yuan yu ta tong bu gen sui ta tong bu
Z5-8,PnW,主是我力量,"主是我力量，我力量，主是患难中力量。
主是我帮助，我帮助，主是随时帮助。
主是避难所，我避难所，主是坚固避难所。
主是我力量，我帮助，唯主是避难所。
大地虽会改变，高山虽会摇动，
大海翻腾大浪，战抖但我们却不害怕。
喔哦！喔哦！喔哦！喔哦。",zhu shi wo li liang wo li liang zhu shi huan nan zhong li liang zhu shi wo bang zhu wo bang zhu zhu shi sui shi bang zhu zhu shi bi nan suo wo bi nan suo zhu shi jian gu bi nan suo zhu shi wo li liang wo bang zhu wei zhu shi bi nan suo da di sui hui gai bian gao shan sui hui yao dong da hai fan teng da lang zhan dou dan wo men que bu hai pa o o o o o o o o
Z5-9,PnW,主我跟祢走,"主你跟我走
往普天下走
天涯海角紧紧抓住我
主我跟你走
往普天下走
死荫幽谷紧紧跟你走
开启我的眼
信心的双眼
看哪天使天军在身边
塑造我的心
谦卑地聆听
你的话语深植在我心
因你是万王之王
万主之主
有你跟着我
我还怕什么
因你已战胜死亡
得胜君王
这信心的路
我永不回头",zhu ni gen wo zou wang pu tian xia zou tian ya hai jiao jin jin zhua zhu wo zhu wo gen ni zou wang pu tian xia zou si yin you gu jin jin gen ni zou kai qi wo de yan xin xin de shuang yan kan na tian shi tian jun zai shen bian su zao wo de xin qian bei di ling ting ni de hua yu shen zhi zai wo xin yin ni shi wan wang zhi wang wan zhu zhi zhu you ni gen zhe wo wo hai pa shen me yin ni yi zhan sheng si wang de sheng jun wang zhe xin xin de lu wo yong bu hui tou
Z6-1,PnW,在我的内心里,在我的内心里，深深感谢你，耶稣。因你先爱我，使我归向你。今将我自己，完全献予你，求主陶造我，求主塑造我，今将我生命，完全交托你，求主使用我，哦求主差派我。这是我心愿，我的祷告，求主应允我，求主扶持我，这是我感恩，这是我赞美，哦求主悦纳我。,zai wo de nei xin li shen shen gan xie ni ye su yin ni xian ai wo shi wo gui xiang ni jin jiang wo zi ji wan quan xian yu ni qiu zhu tao zao wo qiu zhu su zao wo jin jiang wo sheng ming wan quan jiao tuo ni qiu zhu shi yong wo o qiu zhu cha pai wo zhe shi wo xin yuan wo de dao gao qiu zhu ying yun wo qiu zhu fu chi wo zhe shi wo gan en zhe shi wo zan mei o qiu zhu yue na wo
Z6-2,PnW,在耶稣的脚前,"在耶稣的脚前，谦卑屈膝敬拜，瞻仰主的荣面。
在耶稣的脚前，安静留心聆听，等候主的旨意。
在耶稣的脚前，放下一切挂虑，完全相信，完全交托。
在耶稣的脚前，献上一切所有，毫无保留我敬拜祢。",zai ye su de jiao qian qian bei qu xi jing bai zhan yang zhu de rong mian zai ye su de jiao qian an jing liu xin ling ting deng hou zhu de zhi yi zai ye su de jiao qian fang xia yi qie gua lv wan quan xiang xin wan quan jiao tuo zai ye su de jiao qian xian shang yi qie suo you hao wu bao liu wo jing bai mi
Z6-3,PnW,这是圣洁之地,"这是圣洁之地，神在这里，前来献上最深的敬拜。
这是圣洁之地，神在这里，设立宝座，在荣耀的敬拜里。
我全心来敬拜你主，高举双手敬拜你主，在你大能荣耀光中，我俯伏在你宝座前。
我全心来敬拜你主，高举双手敬拜你主，在你大能荣耀光中，我与众天使俯伏深深敬拜你。",zhe shi sheng jie zhi di shen zai zhe li qian lai xian shang zui shen de jing bai zhe shi sheng jie zhi di shen zai zhe li she li bao zuo zai rong yao de jing bai li wo quan xin lai jing bai ni zhu gao ju shuang shou jing bai ni zhu zai ni da neng rong yao guang zhong wo fu fu zai ni bao zuo qian wo quan xin lai jing bai ni zhu gao ju shuang shou jing bai ni zhu zai ni da neng rong yao guang zhong wo yu zhong tian shi fu fu shen shen jing bai ni
Z6-5,PnW,主祢是我力量,我的诗歌，我的拯救，你是我患难中随时的帮助。众山怎样围绕耶路撒冷，你必围绕我到永远。主你是我力量，主你是我高台，坚固磐石我信靠你必不动摇。主你是我力量，主你是避难所，我的盼望只在乎你。,wo de shi ge wo de zheng jiu ni shi wo huan nan zhong sui shi de bang zhu zhong shan zen yang wei rao ye lu sa leng ni bi wei rao wo dao yong yuan zhu ni shi wo li liang zhu ni shi wo gao tai jian gu pan shi wo xin kao ni bi bu dong yao zhu ni shi wo li liang zhu ni shi bi nan suo wo de pan wang zhi zai hu ni
Z6-6,PnW,专心仰望耶稣,"既然有这么多的见证人，像云彩围绕着我们，就应该放下各样重担，脱下缠累我们的罪。
既然有这么多的见证人，像云彩围绕着我们，以坚忍的心向前奔跑那摆在我们前面的路程。
让我们专心，专心仰望耶稣，那信心的创始完成者，以合一的心，并存忍耐，奔跑我们前面的路程。
让我们专心，专心依靠耶稣，旷野中的安慰引领者，以喜乐的心，并存盼望，奔跑我们前面的路程。",ji ran you zhe me duo de jian zheng ren xiang yun cai wei rao zhe wo men jiu ying gai fang xia ge yang zhong dan tuo xia chan lei wo men de zui ji ran you zhe me duo de jian zheng ren xiang yun cai wei rao zhe wo men yi jian ren de xin xiang qian ben pao na bai zai wo men qian mian de lu cheng rang wo men zhuan xin zhuan xin yang wang ye su na xin xin de chuang shi wan cheng zhe yi he yi de xin bing cun ren nai ben pao wo men qian mian de lu cheng rang wo men zhuan xin zhuan xin yi kao ye su kuang ye zhong de an wei yin ling zhe yi xi le de xin bing cun pan wang ben pao wo men qian mian de lu cheng
Z6-7,PnW,最珍贵的角落,谢谢你灿烂笑容，照亮我的天空。谢谢你分享心情，把我放在你心中。夜里有时会寒冷，你我生根同暖土。友情是最亮的星，我的生命从此美丽。当你被花朵包围尽情欢欣，我带春风使你舞其中。当你正走在坎坷路，我会伴在你左右。一起向蓝天欢呼，向白云招手，我们要一起笑一起哭，千万人中有个人懂我，你有最珍贵的角落。,xie xie ni can lan xiao rong zhao liang wo de tian kong xie xie ni fen xiang xin qing ba wo fang zai ni xin zhong ye li you shi hui han leng ni wo sheng gen tong nuan tu you qing shi zui liang de xing wo de sheng ming cong ci mei li dang ni bei hua duo bao wei jin qing huan xin wo dai chun feng shi ni wu qi zhong dang ni zheng zou zai kan ke lu wo hui ban zai ni zuo you yi qi xiang lan tian huan hu xiang bai yun zhao shou wo men yao yi qi xiao yi qi ku qian wan ren zhong you ge ren dong wo ni you zui zhen gui de jiao luo
Z6-8,PnW,最知心的朋友,"主祢是我最知心的朋友，主祢是我最亲爱的伴侣。
我的心在天天追想着祢，渴望见到祢的面。
在我人生的每一个台阶，在我人生的每一个小站，
祢的手总是在搀拉着我，把我带在祢身边，
告诉我当走的路，没有滑向死亡线。
祢爱何等的长阔深高，我心发出惊叹，
有了主还要什么！我心与主心相连，
我已起誓要跟随主，永不改变。",zhu mi shi wo zui zhi xin de peng you zhu mi shi wo zui qin ai de ban lv wo de xin zai tian tian zhui xiang zhe mi ke wang jian dao mi de mian zai wo ren sheng de mei yi ge tai jie zai wo ren sheng de mei yi ge xiao zhan mi de shou zong shi zai chan la zhe wo ba wo dai zai mi shen bian gao su wo dang zou de lu mei you hua xiang si wang xian mi ai he deng de zhang kuo shen gao wo xin fa chu jing tan you le zhu hai yao shen me wo xin yu zhu xin xiang lian wo yi qi shi yao gen sui zhu yong bu gai bian
Z7-1,PnW,在基督里有平安,"在世界上，我们有苦难；在基督里，我们有平安。
愿我口不出埋怨，愿我手不行恶端，愿我一生单单颂赞。
我不求外在困难短减，我只求内心平安加添，因我深知有永生恩典，等候在我的面前。
我不求外在困难短减，我只求内心平安加添，因我深信有生命冠冕，在耶稣基督里面。",zai shi jie shang wo men you ku nan zai ji du li wo men you ping an yuan wo kou bu chu man yuan yuan wo shou bu xing e duan yuan wo yi sheng dan dan song zan wo bu qiu wai zai kun nan duan jian wo zhi qiu nei xin ping an jia tian yin wo shen zhi you yong sheng en dian deng hou zai wo de mian qian wo bu qiu wai zai kun nan duan jian wo zhi qiu nei xin ping an jia tian yin wo shen xin you sheng ming guan mian zai ye su ji du li mian
Z7-2,PnW,展开清晨的翅膀,主耶和华，你已经鉴察了我，我坐下我起来你都已晓得我行路我躺卧你都细察，你也深知我一切所行。我舌头上的话，你没有一句不知道，你在我前后环绕着我，按手在我身上。这样的奇妙，是我不能测透，你的至高你的尊贵，是我永远不能所及。我可以往哪里去躲避你的灵，我可以往哪里去逃，可躲避你的面，我若展开清晨的翅膀飞到地极，就在那里，你的双手，也必引导我。,zhu ye he hua ni yi jing jian cha le wo wo zuo xia wo qi lai ni dou yi xiao de wo xing lu wo tang wo ni dou xi cha ni ye shen zhi wo yi qie suo xing wo she tou shang de hua ni mei you yi ju bu zhi dao ni zai wo qian hou huan rao zhe wo an shou zai wo shen shang zhe yang de qi miao shi wo bu neng ce tou ni de zhi gao ni de zun gui shi wo yong yuan bu neng suo ji wo ke yi wang na li qu duo bi ni de ling wo ke yi wang na li qu tao ke duo bi ni de mian wo ruo zhan kai qing chen de chi bang fei dao di ji jiu zai na li ni de shuang shou ye bi yin dao wo
Z7-3,PnW,主啊我要跟你去,"主啊我要跟你去，不随世界的脚步
我曾跌倒有你扶助，我曾软弱你从不离弃
七十年岁月已经将你的恩典
过眼云烟，人生如早晨青草
岁月老年，大限如梦

欢歌笑语，扬声庆祝
载歌载舞，尽情欢呼
作诗作曲，活出主爱
荣神益人，哈利路亚
主啊我要跟你去
荣耀这道路，随你的脚步
做主门徒，从心出发
迈入应许之地",zhu a wo yao gen ni qu bu sui shi jie de jiao bu wo ceng die dao you ni fu zhu wo ceng ruan ruo ni cong bu li qi qi shi nian sui yue yi jing jiang ni de en dian guo yan yun yan ren sheng ru zao chen qing cao sui yue lao nian da xian ru meng huan ge xiao yu yang sheng qing zhu zai ge zai wu jin qing huan hu zuo shi zuo qu huo chu zhu ai rong shen yi ren ha li lu ya zhu a wo yao gen ni qu rong yao zhe dao lu sui ni de jiao bu zuo zhu men tu cong xin chu fa mai ru ying xu zhi di
Z7-4,PnW,主啊我要跟随祢,"主啊我要跟你去，不随世界的脚步
我曾跌倒有你扶助，我曾软弱你从不离弃
七十年岁月短促，修枝剪叶皆有你的模塑
过眼云烟人生如晨早，得主爱方为智慧大智
欢歌笑语，扬声庆祝
载歌载舞，尽情欢呼
作光作盐，活出主爱
荣神益人，哈利路亚
主啊我要跟你去，紧紧追随你的脚步
放下自我，从心出发，迈入应许之地

主啊我要跟你去，不随世界的脚步
从前老我已经脱去，现在的你我披戴基督
七十年沧海一粟，起落沉浮都有你的眷顾
荣誉名利终成过去，背起十架我必义无反顾
欢歌笑语，扬声庆祝
载歌载舞，尽情欢呼
作光作盐，活出主爱
荣神益人，哈利路亚
主啊我要跟你去，紧紧追随你的脚步
全心全意，从心出发，迈入应许之地

主啊我要跟你去，不随世界的脚步
单凭信心六人起步，而今千人在主里集聚
七十年恩典之路，福音召命我从不敢忘记
余生无论多少年日，传扬救恩就是我的志趣
欢歌笑语，扬声庆祝
载歌载舞，尽情欢呼
作光作盐，活出主爱
荣神益人，哈利路亚
主啊我要跟你去，紧紧追随你的脚步
全心全意，我从心出发，迈入应许之地
迈入应许之地",zhu a wo yao gen ni qu bu sui shi jie de jiao bu wo ceng die dao you ni fu zhu wo ceng ruan ruo ni cong bu li qi qi shi nian sui yue duan cu xiu zhi jian ye jie you ni de mo su guo yan yun yan ren sheng ru chen zao de zhu ai fang wei zhi hui da zhi huan ge xiao yu yang sheng qing zhu zai ge zai wu jin qing huan hu zuo guang zuo yan huo chu zhu ai rong shen yi ren ha li lu ya zhu a wo yao gen ni qu jin jin zhui sui ni de jiao bu fang xia zi wo cong xin chu fa mai ru ying xu zhi di zhu a wo yao gen ni qu bu sui shi jie de jiao bu cong qian lao wo yi jing tuo qu xian zai de ni wo pi dai ji du qi shi nian cang hai yi su qi luo chen fu dou you ni de juan gu rong yu ming li zhong cheng guo qu bei qi shi jia wo bi yi wu fan gu huan ge xiao yu yang sheng qing zhu zai ge zai wu jin qing huan hu zuo guang zuo yan huo chu zhu ai rong shen yi ren ha li lu ya zhu a wo yao gen ni qu jin jin zhui sui ni de jiao bu quan xin quan yi cong xin chu fa mai ru ying xu zhi di zhu a wo yao gen ni qu bu sui shi jie de jiao bu dan ping xin xin liu ren qi bu er jin qian ren zai zhu li ji ju qi shi nian en dian zhi lu fu yin zhao ming wo cong bu gan wang ji yu sheng wu lun duo shao nian ri chuan yang jiu en jiu shi wo de zhi qu huan ge xiao yu yang sheng qing zhu zai ge zai wu jin qing huan hu zuo guang zuo yan huo chu zhu ai rong shen yi ren ha li lu ya zhu a wo yao gen ni qu jin jin zhui sui ni de jiao bu quan xin quan yi wo cong xin chu fa mai ru ying xu zhi di mai ru ying xu zhi di
Z7-5,PnW,主我高举祢的名,"主我高举祢的名
主我深爱称颂祢
我甚欣慰祢爱我
我甚欣慰祢救赎我
祢从天上降世间 指引我路
在世间被钉十架 我罪得赎
从十架到坟墓 从坟墓升回天
主我高举祢的名",zhu wo gao ju mi de ming zhu wo shen ai cheng song mi wo shen xin wei mi ai wo wo shen xin wei mi jiu shu wo mi cong tian shang jiang shi jian zhi yin wo lu zai shi jian bei ding shi jia wo zui de shu cong shi jia dao fen mu cong fen mu sheng hui tian zhu wo gao ju mi de ming
Z8-1,PnW,这一生最美的祝福,"在无数的黑夜里 我用星星画出你
你的恩典如晨星 让我真实地见到你
在我的歌声里 我用音符赞美你
你的美好是我今生颂扬的
这一生最美的祝福 就是能认识主耶稣
这一生最美的祝福 就是能信靠主耶稣",zai wu shu de hei ye li wo yong xing xing hua chu ni ni de en dian ru chen xing rang wo zhen shi di jian dao ni zai wo de ge sheng li wo yong yin fu zan mei ni ni de mei hao shi wo jin sheng song yang de zhe yi sheng zui mei de zhu fu jiu shi neng ren shi zhu ye su zhe yi sheng zui mei de zhu fu jiu shi neng xin kao zhu ye su
Z8-2,PnW,主啊我到祢面前,"主啊我到你面前
献上我的今天
我的身体 我的一切
献上当作活祭
主啊我到你面前
献上我的今天
求你更新 求你洁净
我的心思意念
我与你同钉十架
如今不是我活着
因我知道你是深爱我
我只为你而活
主啊我到你面前
献上我的今天
愿我一生蒙你悦纳
成为你的喜悦",zhu a wo dao ni mian qian xian shang wo de jin tian wo de shen ti wo de yi qie xian shang dang zuo huo ji zhu a wo dao ni mian qian xian shang wo de jin tian qiu ni geng xin qiu ni jie jing wo de xin si yi nian wo yu ni tong ding shi jia ru jin bu shi wo huo zhe yin wo zhi dao ni shi shen ai wo wo zhi wei ni er huo zhu a wo dao ni mian qian xian shang wo de jin tian yuan wo yi sheng meng ni yue na cheng wei ni de xi yue
Z8-3,PnW,主的喜乐是我力量,"主的喜乐是我力量
你的救恩是我盼望
虽然橄榄树不效力
也许葡萄树不结果
我仍因救我的神欢欣快乐
我要赞美
无论得时或不得时
我要赞美
每天从日出到日落
我心坚定于你
每天赞美
不停我要赞美
跳舞赞美
我要赞美
自由赞美
大声欢呼
你是永远得胜君王",zhu de xi le shi wo li liang ni de jiu en shi wo pan wang sui ran gan lan shu bu xiao li ye xu pu tao shu bu jie guo wo reng yin jiu wo de shen huan xin kuai le wo yao zan mei wu lun de shi huo bu de shi wo yao zan mei mei tian cong ri chu dao ri luo wo xin jian ding yu ni mei tian zan mei bu ting wo yao zan mei tiao wu zan mei wo yao zan mei zi you zan mei da sheng huan hu ni shi yong yuan de sheng jun wang
Z8-4,PnW,主你是我唯一所爱,"开我耳，听见你的声音；开我眼，看见你的荣面。
拯救我，因你钉痕的手；改变我，用你大能双手。
主你安慰我，经过万里路，你爱我从未离开。
主你释放我，圣灵来充满我，好让我一生经历你，委身为你活。
主你是我的避难所，主你是我一切所有。
唯有倚靠你，我能走过所有一切悲伤和难过。
主你是我唯一所爱，主你是我唯一所求。
我要跟随你，直到最后，这一生永不放弃，为你而活。
圣灵同在，充满我；圣灵大能，改变我。
让我一生为你活，献上所有，永不退后。
圣灵同在，永不退后。
主你是我的避难所，主你是我一切所有。
唯有倚靠你，我能走过所有一切悲伤和难过。
主你是我唯一所爱，主你是我唯一所求。
我要跟随你，直到最后，这一生永不放弃，为你而活。",kai wo er ting jian ni de sheng yin kai wo yan kan jian ni de rong mian zheng jiu wo yin ni ding hen de shou gai bian wo yong ni da neng shuang shou zhu ni an wei wo jing guo wan li lu ni ai wo cong wei li kai zhu ni shi fang wo sheng ling lai chong man wo hao rang wo yi sheng jing li ni wei shen wei ni huo zhu ni shi wo de bi nan suo zhu ni shi wo yi qie suo you wei you yi kao ni wo neng zou guo suo you yi qie bei shang he nan guo zhu ni shi wo wei yi suo ai zhu ni shi wo wei yi suo qiu wo yao gen sui ni zhi dao zui hou zhe yi sheng yong bu fang qi wei ni er huo sheng ling tong zai chong man wo sheng ling da neng gai bian wo rang wo yi sheng wei ni huo xian shang suo you yong bu tui hou sheng ling tong zai yong bu tui hou zhu ni shi wo de bi nan suo zhu ni shi wo yi qie suo you wei you yi kao ni wo neng zou guo suo you yi qie bei shang he nan guo zhu ni shi wo wei yi suo ai zhu ni shi wo wei yi suo qiu wo yao gen sui ni zhi dao zui hou zhe yi sheng yong bu fang qi wei ni er huo
Z8-5,PnW,主祢永远与我同在,"危难临到我信靠你
深知你必领我渡过
你信实为我坚持到最后
当暴风雨向我靠近
有你同在我不至畏惧
你是我的牧者
我所依靠
每个夜 每一天
我知你永远在身边
主你永远与我同在
在你里面没有改变
你的坚定
从昨日到今日
一直到永远
靠你丰盛恩典站立
我的未来在你手中
坚固磐石
全能真神
我敬拜你",wei nan lin dao wo xin kao ni shen zhi ni bi ling wo du guo ni xin shi wei wo jian chi dao zui hou dang bao feng yu xiang wo kao jin you ni tong zai wo bu zhi wei ju ni shi wo de mu zhe wo suo yi kao mei ge ye mei yi tian wo zhi ni yong yuan zai shen bian zhu ni yong yuan yu wo tong zai zai ni li mian mei you gai bian ni de jian ding cong zuo ri dao jin ri yi zhi dao yong yuan kao ni feng sheng en dian zhan li wo de wei lai zai ni shou zhong jian gu pan shi quan neng zhen shen wo jing bai ni
Z9-1,PnW,坐在宝座上圣洁羔羊,"坐在宝座上圣洁羔羊，我们俯伏敬拜祢。
昔在，今在，以后永在，惟有祢是全能真神。
颂赞，尊贵，荣耀，权势，都归给祢直到永远！
万王之王，万主之主，惟有祢配得敬拜和尊崇。
万王之王，万主之主，我们高举祢圣名直到永远。",zuo zai bao zuo shang sheng jie gao yang wo men fu fu jing bai mi xi zai jin zai yi hou yong zai wei you mi shi quan neng zhen shen song zan zun gui rong yao quan shi dou gui gei mi zhi dao yong yuan wan wang zhi wang wan zhu zhi zhu wei you mi pei de jing bai he zun chong wan wang zhi wang wan zhu zhi zhu wo men gao ju mi sheng ming zhi dao yong yuan
W4-1,PnW,完全的爱,"完全的爱，超过人间的思想，虔诚信众，向主屈膝颂扬，为此佳偶，求主厚赐恩无量，主作之合，恩爱地久天长。
完全生命，恳求为他们保守，温柔的爱，永久不移的信，有恒的望，壮胆平静的坚忍，纯洁天真，艰难痛苦不惊惧。
求使他们，欢心消尽了愁心，求赐他们，平安宁息世争；百年偕老，又加灿烂的前程，重见黎明，恩爱生命永恒。阿们。",wan quan de ai chao guo ren jian de si xiang qian cheng xin zhong xiang zhu qu xi song yang wei ci jia ou qiu zhu hou ci en wu liang zhu zuo zhi he en ai di jiu tian chang wan quan sheng ming ken qiu wei ta men bao shou wen rou de ai yong jiu bu yi de xin you heng de wang zhuang dan ping jing de jian ren chun jie tian zhen jian nan tong ku bu jing ju qiu shi ta men huan xin xiao jin le chou xin qiu ci ta men ping an ning xi shi zheng bai nian xie lao you jia can lan de qian cheng zhong jian li ming en ai sheng ming yong heng a men
Y6-1,PnW,扬声欢呼赞美,"扬声欢呼赞美，称颂我的王，高声颂扬欢唱，
哈利路亚，来到主宝座前，称颂赞美他，
我们欢呼喜乐，进入神的面前。
你是创造主，你施行拯救，你已救赎我，
你是主，最大的医生。
你是丰盛之主，你是我的牧者引领我，
耶稣我君王，我赞美你。",yang sheng huan hu zan mei cheng song wo de wang gao sheng song yang huan chang ha li lu ya lai dao zhu bao zuo qian cheng song zan mei ta wo men huan hu xi le jin ru shen de mian qian ni shi chuang zao zhu ni shi xing zheng jiu ni yi jiu shu wo ni shi zhu zui da de yi sheng ni shi feng sheng zhi zhu ni shi wo de mu zhe yin ling wo ye su wo jun wang wo zan mei ni
ZMS-001,Hymn,齐当俯伏拜,"齐当俯伏拜，荣耀大君王！主权力仁慈，须同心颂扬！主亘古如盾牌，护我免灾害，荣光罩若宫闱，颂声环如带。
主权能慈爱，我等当颂赞，光辉是主袍，穹苍是主幔；黑云内藏雷电，主当华车乘，狂风逼逐暴雨，主当道路行。
大地浮空间，满藏珍与宝，全归主能力，不绝施创造；主命全爱全权，万物即建立，主使碧海苍波，周围绕大地。
人舌何能述，我主关切心，主使风吹拂，主使光生明；主使高山泉源，下注遍平壤，主使甘霖时雨，润泽各地方。",qi dang fu fu bai rong yao da jun wang zhu quan li ren ci xu tong xin song yang zhu gen gu ru dun pai hu wo mian zai hai rong guang zhao ruo gong wei song sheng huan ru dai zhu quan neng ci ai wo deng dang song zan guang hui shi zhu pao qiong cang shi zhu man hei yun nei cang lei dian zhu dang hua che cheng kuang feng bi zhu bao yu zhu dang dao lu xing da di fu kong jian man cang zhen yu bao quan gui zhu neng li bu jue shi chuang zao zhu ming quan ai quan quan wan wu ji jian li zhu shi bi hai cang bo zhou wei rao da di ren she he neng shu wo zhu guan qie xin zhu shi feng chui fu zhu shi guang sheng ming zhu shi gao shan quan yuan xia zhu bian ping rang zhu shi gan lin shi yu run ze ge di fang
ZMS-002,Hymn,荣耀归于真神,"荣耀归于真神，祂成就大事，为爱世人甚至赐下独生子，献上祂生命为人赎罪受害，永生门已大开，人人可进来。
赎罪完全救恩，主宝血大功，凡信者得永生，我们当得欢喜；只要诚心接纳主，一经信靠耶稣，必蒙祂大恩赦免。
荣耀归于真神，祂成就大事，藉圣子耶稣我们大欢喜；至圣至善耶稣基督，将来得见耶稣面，何等大恩宠。
赞美主，赞美主，全地听主声音！赞美主，赞美主，万民快乐高兴！请来，藉主耶稣进入父家中，荣耀归主，祂已成就大事工。",rong yao gui yu zhen shen ta cheng jiu da shi wei ai shi ren shen zhi ci xia du sheng zi xian shang ta sheng ming wei ren shu zui shou hai yong sheng men yi da kai ren ren ke jin lai shu zui wan quan jiu en zhu bao xue da gong fan xin zhe de yong sheng wo men dang de huan xi zhi yao cheng xin jie na zhu yi jing xin kao ye su bi meng ta da en she mian rong yao gui yu zhen shen ta cheng jiu da shi ji sheng zi ye su wo men da huan xi zhi sheng zhi shan ye su ji du jiang lai de jian ye su mian he deng da en chong zan mei zhu zan mei zhu quan di ting zhu sheng yin zan mei zhu zan mei zhu wan min kuai le gao xing qing lai ji zhu ye su jin ru fu jia zhong rong yao gui zhu ta yi cheng jiu da shi gong
ZMS-003,Hymn,千古保障,"上帝是人千古保障，是人将来希望；是人居所，抵御风雨，是人永久家乡。
在主宝座荫庇之下，群圣一向安居；惟赖神臂威权保护，永远平安无虑。
山川尚未发现之时，星球未结之先；远自太初直到永远，主是永在神。
在神眼中亿千万年，犹如人间隔宿；恍若初闻子夜钟声，便已随日出。
恩主是我昔日帮助，是我将来盼望；我若遇难求主保护，作我安宅保障。",shang di shi ren qian gu bao zhang shi ren jiang lai xi wang shi ren ju suo di yu feng yu shi ren yong jiu jia xiang zai zhu bao zuo yin bi zhi xia qun sheng yi xiang an ju wei lai shen bi wei quan bao hu yong yuan ping an wu lv shan chuan shang wei fa xian zhi shi xing qiu wei jie zhi xian yuan zi tai chu zhi dao yong yuan zhu shi yong zai shen zai shen yan zhong yi qian wan nian you ru ren jian ge su huang ruo chu wen zi ye zhong sheng bian yi sui ri chu en zhu shi wo xi ri bang zhu shi wo jiang lai pan wang wo ruo yu nan qiu zhu bao hu zuo wo an zhai bao zhang
ZMS-004,Hymn,圣哉圣哉圣哉,"圣哉，圣哉，圣哉！全能大主宰！清晨我众歌声，穿云上达至尊；圣哉，圣哉，圣哉！慈悲与全能，荣耀与赞美，归三一真神。
圣哉，圣哉，圣哉！众圣都崇敬，放下黄金冠冕，环绕晶海之滨；千万天军叩拜，同颂为主名，昔在，而今在，永在全善神。
圣哉，圣哉，圣哉！至圣又主宰，罪人不能仰视，庄严荣耀真神；惟主圣哉，圣哉，惟圣主至圣全权，又全爱美，三一全能真神。
圣哉，圣哉，圣哉！全能大主宰！海天翻腾，寰宇歌声赞美；圣哉，圣哉，圣哉！慈悲与全能，荣耀与赞美，归三一真神。",sheng zai sheng zai sheng zai quan neng da zhu zai qing chen wo zhong ge sheng chuan yun shang da zhi zun sheng zai sheng zai sheng zai ci bei yu quan neng rong yao yu zan mei gui san yi zhen shen sheng zai sheng zai sheng zai zhong sheng dou chong jing fang xia huang jin guan mian huan rao jing hai zhi bin qian wan tian jun kou bai tong song wei zhu ming xi zai er jin zai yong zai quan shan shen sheng zai sheng zai sheng zai zhi sheng you zhu zai zui ren bu neng yang shi zhuang yan rong yao zhen shen wei zhu sheng zai sheng zai wei sheng zhu zhi sheng quan quan you quan ai mei san yi quan neng zhen shen sheng zai sheng zai sheng zai quan neng da zhu zai hai tian fan teng huan yu ge sheng zan mei sheng zai sheng zai sheng zai ci bei yu quan neng rong yao yu zan mei gui san yi zhen shen
ZMS-005,Hymn,亚伯拉罕的神,"亚伯拉罕的神，在天统治万民，古今将来万世之宗，仁爱的神；伟大惟一真神，上天下地同尊，我敬低头赞美圣名，永世无尽。
亚伯拉罕的神，我已奉祢旨意，情愿像美圣使，振翼飞升天；抛弃世俗欢娱，舍下权势名利，我既有主万事俱足，靠主万万年。
主曾亲发誓言，我惟靠主誓言，我将乘鹰翼，飞升于圣地；亲眼见祂面，来同颂主权威，高声颂主奇妙恩慈，永世不移。
天上快乐众军，大家一致颂称，赞美圣父、圣子、圣灵；我高声同应，崇赞亚伯拉罕的神，全能全权威严的主，永世无尽。",ya bo la han de shen zai tian tong zhi wan min gu jin jiang lai wan shi zhi zong ren ai de shen wei da wei yi zhen shen shang tian xia di tong zun wo jing di tou zan mei sheng ming yong shi wu jin ya bo la han de shen wo yi feng mi zhi yi qing yuan xiang mei sheng shi zhen yi fei sheng tian pao qi shi su huan yu she xia quan shi ming li wo ji you zhu wan shi ju zu kao zhu wan wan nian zhu ceng qin fa shi yan wo wei kao zhu shi yan wo jiang cheng ying yi fei sheng yu sheng di qin yan jian ta mian lai tong song zhu quan wei gao sheng song zhu qi miao en ci yong shi bu yi tian shang kuai le zhong jun da jia yi zhi song cheng zan mei sheng fu sheng zi sheng ling wo gao sheng tong ying chong zan ya bo la han de shen quan neng quan quan wei yan de zhu yong shi wu jin
ZMS-007,Hymn,主爱浩大,"主爱极大，主恩奇妙，虚己屈尊降人间，
加我信心，学主谦卑，仁义圣洁将主显；
耶稣祢有恩慈怜悯，纯洁爱心永无尽，
祢以乐歌，鼓舞我心，除我软弱胜试诱。

福雨降下，圣灵充满，慰我胸怀得安息；
我与救主，同得基业，永为主圣怀所守；
更要既蒙恩，不再犯罪，始终凭信祢稳固；
祢是忠信，诚实恩主，使我心释放得自由。

全能恩主，施行拯救，靠祢恩慈胜魔鬼；
使我爱祢，与祢联合，不离圣主安息所；
我要颂赞祢，并奉献自己，忠心事奉永不息；
献上祭物，不住祷告，使我心爱祢至永远。",zhu ai ji da zhu en qi miao xu ji qu zun jiang ren jian jia wo xin xin xue zhu qian bei ren yi sheng jie jiang zhu xian ye su mi you en ci lian min chun jie ai xin yong wu jin mi yi yue ge gu wu wo xin chu wo ruan ruo sheng shi you fu yu jiang xia sheng ling chong man wei wo xiong huai de an xi wo yu jiu zhu tong de ji ye yong wei zhu sheng huai suo shou geng yao ji meng en bu zai fan zui shi zhong ping xin mi wen gu mi shi zhong xin cheng shi en zhu shi wo xin shi fang de zi you quan neng en zhu shi xing zheng jiu kao mi en ci sheng mo gui shi wo ai mi yu mi lian he bu li sheng zhu an xi suo wo yao song zan mi bing feng xian zi ji zhong xin shi feng yong bu xi xian shang ji wu bu zhu dao gao shi wo xin ai mi zhi yong yuan
ZMS-008,Hymn,齐来谢主,"都来感谢恩主，以心，以手，以声音，
主既完成奇事，世人欢颂主圣名；
我从初生时起，蒙主福佑到今，
前受无穷的爱，今仍安慰怜悯。
但愿恩慈之神，时刻伴我到终身，
常将快乐平安，鼓励安慰我中心；
导我脱离迷惑，救我避免忧戚，
无论今生来世，使我蒙主宏恩。
我将感谢颂扬，敬献父、子、与圣灵，
三位本同一体，在天执掌大权能；
独一永生上主，天地崇拜同心，
昔在，现在，永在，千秋万古永恒。",dou lai gan xie en zhu yi xin yi shou yi sheng yin zhu ji wan cheng qi shi shi ren huan song zhu sheng ming wo cong chu sheng shi qi meng zhu fu you dao jin qian shou wu qiong de ai jin reng an wei lian min dan yuan en ci zhi shen shi ke ban wo dao zhong shen chang jiang kuai le ping an gu li an wei wo zhong xin dao wo tuo li mi huo jiu wo bi mian you qi wu lun jin sheng lai shi shi wo meng zhu hong en wo jiang gan xie song yang jing xian fu zi yu sheng ling san wei ben tong yi ti zai tian zhi zhang da quan neng du yi yong sheng shang zhu tian di chong bai tong xin xi zai xian zai yong zai qian qiu wan gu yong heng
ZMS-009,Hymn,爱主的人齐来,"爱主的人齐来，欢乐环绕宝座；齐心歌唱声音和谐，诗音琴韵交作。
不认识主的人，自然无心歌唱；但是上主所选子民，必将喜乐传扬。
未到天上良田，未走黄金街道，锡安山已结百果新鲜，其味甘甜佳妙。
故当欢欣颂称，将眼泪尽抹干，经由以马内利路里，达到美丽天乡。",ai zhu de ren qi lai huan le huan rao bao zuo qi xin ge chang sheng yin he xie shi yin qin yun jiao zuo bu ren shi zhu de ren zi ran wu xin ge chang dan shi shang zhu suo xuan zi min bi jiang xi le chuan yang wei dao tian shang liang tian wei zou huang jin jie dao xi an shan yi jie bai guo xin xian qi wei gan tian jia miao gu dang huan xin song cheng jiang yan lei jin mo gan jing you yi ma nei li lu li da dao mei li tian xiang
ZMS-010,Hymn,齐集主前,"信主弟兄齐集主前，虔诚敬拜永活神；
我传福音，你为代祷，恳切祈求主施恩；
仅凭肉体难奏大功，除非圣灵亲临降；
请弟兄们恳切祈求，神必丰赐生命粮。

举目环顾周遭罪人，昏然沉睡罪边缘；
死亡来临，地狱招手，你岂忍心不救援？
看父母亲，再看儿女，沉溺罪中将沦丧；
请弟兄们恳切祈求，神必丰赐生命粮。

请姊妹们前来相助，摩西之姊曾帮他；
请帮助战栗悔罪者，彼在罪中苦挣扎；
向彼传讲主基督，寻求必得见他；
请姊妹们恳切祈求，神必丰赐生命粮。

但愿彼此相爱相亲，更愿深爱至尊神；
愿爱罪人，为彼代祷，直到万物蒙更新；
主基督必然亲临招待，颁赐甘美生命粮。",xin zhu di xiong qi ji zhu qian qian cheng jing bai yong huo shen wo chuan fu yin ni wei dai dao ken qie qi qiu zhu shi en jin ping rou ti nan zou da gong chu fei sheng ling qin lin jiang qing di xiong men ken qie qi qiu shen bi feng ci sheng ming liang ju mu huan gu zhou zao zui ren hun ran chen shui zui bian yuan si wang lai lin di yu zhao shou ni qi ren xin bu jiu yuan kan fu mu qin zai kan er nv chen ni zui zhong jiang lun sang qing di xiong men ken qie qi qiu shen bi feng ci sheng ming liang qing zi mei men qian lai xiang zhu mo xi zhi zi ceng bang ta qing bang zhu zhan li hui zui zhe bi zai zui zhong ku zheng zha xiang bi chuan jiang zhu ji du xun qiu bi dei jian ta qing zi mei men ken qie qi qiu shen bi feng ci sheng ming liang dan yuan bi ci xiang ai xiang qin geng yuan shen ai zhi zun shen yuan ai zui ren wei bi dai dao zhi dao wan wu meng geng xin zhu ji du bi ran qin lin zhao dai ban ci gan mei sheng ming liang
ZMS-011,Hymn,赞美全能神,"赞美上主，全能真神，宇宙万有君王；
我灵颂主，因主永远是你救赎健康；
听见之民，都来靠近主圣殿，
欢然向主恭敬赞扬。

赞美上主，如此奇妙，统治世间万有；
展开恩翼，如此温柔，将你时常保佑；
你岂不见，有求皆蒙主恩典，
按祂旨意，应允所求。

赞美上主，扶助保护，常使万事顺利；
上主美善，上主慈恩，必天天看顾你；
你岂不见，主恩深长，作你朋友，
何等慈爱安慰你。

赞美上主！但愿天下凡有血气，
同来颂扬；让主子民，重新赞美，
齐来恭敬主圣名；让阿们声，
百姓重新赞美上主，
欢然恭敬，向主敬拜。",zan mei shang zhu quan neng zhen shen yu zhou wan you jun wang wo ling song zhu yin zhu yong yuan shi ni jiu shu jian kang ting jian zhi min dou lai kao jin zhu sheng dian huan ran xiang zhu gong jing zan yang zan mei shang zhu ru ci qi miao tong zhi shi jian wan you zhan kai en yi ru ci wen rou jiang ni shi chang bao you ni qi bu jian you qiu jie meng zhu en dian an ta zhi yi ying yun suo qiu zan mei shang zhu fu zhu bao hu chang shi wan shi shun li shang zhu mei shan shang zhu ci en bi tian tian kan gu ni ni qi bu jian zhu en shen chang zuo ni peng you he deng ci ai an wei ni zan mei shang zhu dan yuan tian xia fan you xue qi tong lai song yang rang zhu zi min chong xin zan mei qi lai gong jing zhu sheng ming rang a men sheng bai xing chong xin zan mei shang zhu huan ran gong jing xiang zhu jing bai
ZMS-012,Hymn,我主我神万般慈仁,"我主我神万般慈仁，每逢救主恩宠，
悟性顿开，不觉淹没在大爱颂赞中。
无法计算安慰之情，时时温柔关怀，
在这幼稚心灵之中，安慰不断涌来。
病痛腐蚀宝贵生命，从主再得壮志，
有时为罪忧愁所围，我主用恩扶持。
在世不断为主生活，更要追求良善。
远展来日死后世界，再叙荣耀话题。",wo zhu wo shen wan ban ci ren mei feng jiu zhu en chong wu xing dun kai bu jue yan mo zai da ai song zan zhong wu fa ji suan an wei zhi qing shi shi wen rou guan huai zai zhe you zhi xin ling zhi zhong an wei bu duan yong lai bing tong fu shi bao gui sheng ming cong zhu zai de zhuang zhi you shi wei zui you chou suo wei wo zhu yong en fu chi zai shi bu duan wei zhu sheng huo geng yao zhui qiu liang shan yuan zhan lai ri si hou shi jie zai xu rong yao hua ti
ZMS-014,Hymn,恳求圣父来临,"恳求圣父来临，助我赞美主名，敬献心声！惟主无上尊荣，惟主完全得胜，求主统治我们，万古之神！
恳求圣父来临，彰显威严大能，垂听呼声！施恩与众子民，使主圣道振兴，建立善义公平，救主良朋！
恳求圣灵来临，显出神圣见证，感化众人！惟主全能至尊，恳求统治众心，永不离开我们，大能圣灵！
圣父，圣子，圣灵，当受万民颂赞，世世无尽！但愿我离凡尘，欢然瞻仰圣明，虔诚亲爱崇敬，直到永恒！",ken qiu sheng fu lai lin zhu wo zan mei zhu ming jing xian xin sheng wei zhu wu shang zun rong wei zhu wan quan de sheng qiu zhu tong zhi wo men wan gu zhi shen ken qiu sheng fu lai lin zhang xian wei yan da neng chui ting hu sheng shi en yu zhong zi min shi zhu sheng dao zhen xing jian li shan yi gong ping jiu zhu liang peng ken qiu sheng ling lai lin xian chu shen sheng jian zheng gan hua zhong ren wei zhu quan neng zhi zun ken qiu tong zhi zhong xin yong bu li kai wo men da neng sheng ling sheng fu sheng zi sheng ling dang shou wan min song zan shi shi wu jin dan yuan wo li fan chen huan ran zhan yang sheng ming qian cheng qin ai chong jing zhi dao yong heng
ZMS-017,Hymn,主手所造,"主手所造万象生灵，同发声音赞美真神，哈利路亚！哈利路亚！温柔明月，光耀日轮，狂风，密云，清晨，黄昏，赞美真神！赞美真神！哈利路亚！哈利路亚！哈利路亚！

清清河水长流不歇，熊熊烈火供人光热，哈利路亚！哈利路亚！大地高山无尽宝藏，滋生万物，花草芬芳，赞美真神！赞美真神！哈利路亚！哈利路亚！哈利路亚！

仁心世人遵守主命，饶恕弟兄，荣神益人，哈利路亚！哈利路亚！世人饱受痛苦忧惊，速将忧虑卸给真神，赞美真神！赞美真神！哈利路亚！哈利路亚！哈利路亚！

万物赞美造物主宰，都当谦卑向主敬拜，哈利路亚！哈利路亚！赞美圣父，圣子，圣灵，同声赞美三一真神，赞美真神！赞美真神！哈利路亚！哈利路亚！哈利路亚！",zhu shou suo zao wan xiang sheng ling tong fa sheng yin zan mei zhen shen ha li lu ya ha li lu ya wen rou ming yue guang yao ri lun kuang feng mi yun qing chen huang hun zan mei zhen shen zan mei zhen shen ha li lu ya ha li lu ya ha li lu ya qing qing he shui chang liu bu xie xiong xiong lie huo gong ren guang re ha li lu ya ha li lu ya da di gao shan wu jin bao zang zi sheng wan wu hua cao fen fang zan mei zhen shen zan mei zhen shen ha li lu ya ha li lu ya ha li lu ya ren xin shi ren zun shou zhu ming rao shu di xiong rong shen yi ren ha li lu ya ha li lu ya shi ren bao shou tong ku you jing su jiang you lv xie gei zhen shen zan mei zhen shen zan mei zhen shen ha li lu ya ha li lu ya ha li lu ya wan wu zan mei zao wu zhu zai dou dang qian bei xiang zhu jing bai ha li lu ya ha li lu ya zan mei sheng fu sheng zi sheng ling tong sheng zan mei san yi zhen shen zan mei zhen shen zan mei zhen shen ha li lu ya ha li lu ya ha li lu ya
ZMS-020,Hymn,上主是我坚固保障,"上主是我坚固保障，是我山寨和避难所，苦海汪洋主为救星，必无生路我仍有望，虽有凶恶仇敌，攻击不留余力，对我仇恨刺骨，常用狡猾引诱，但我救主将我保护。

我若单靠己力行走，每遇争战必仍不能，须有能者随时帮助，即神设立救赎恩主，若问所设为谁？乃主耶稣基督，又称万有主宰，永远并无更改，祂已得胜作我元帅。

若全世界充满鬼魔，救主圣徒仍不退避，仇敌降灾设下网罗，主为道路助我胜过，幽暗魔王其兴起，我辈救主也能抵，敌怒虽然可畏，主旨使他败溃，一言使他倾倒尘埃。

主言有权高过万王，救世圣言永不灭亡，圣灵恩赐全备可信，降于我身何等奇妙，财物眷属虽失，生命亦可丧失，身体可以被杀，真理依然存在，主国永远万世无疆。",shang zhu shi wo jian gu bao zhang shi wo shan zhai he bi nan suo ku hai wang yang zhu wei jiu xing bi wu sheng lu wo reng you wang sui you xiong e chou di gong ji bu liu yu li dui wo chou hen ci gu chang yong jiao hua yin you dan wo jiu zhu jiang wo bao hu wo ruo dan kao ji li xing zou mei yu zheng zhan bi reng bu neng xu you neng zhe sui shi bang zhu ji shen she li jiu shu en zhu ruo wen suo she wei shui nai zhu ye su ji du you cheng wan you zhu zai yong yuan bing wu geng gai ta yi de sheng zuo wo yuan shuai ruo quan shi jie chong man gui mo jiu zhu sheng tu reng bu tui bi chou di jiang zai she xia wang luo zhu wei dao lu zhu wo sheng guo you an mo wang qi xing qi wo bei jiu zhu ye neng di di nu sui ran ke wei zhu zhi shi ta bai kui yi yan shi ta qing dao chen ai zhu yan you quan gao guo wan wang jiu shi sheng yan yong bu mie wang sheng ling en ci quan bei ke xin jiang yu wo shen he deng qi miao cai wu juan shu sui shi sheng ming yi ke sang shi shen ti ke yi bei sha zhen li yi ran cun zai zhu guo yong yuan wan shi wu jiang
ZMS-021,Hymn,快乐快乐我们崇拜,"快乐快乐，我们崇拜，荣耀上主爱之神；
心如花开，到主面前，主如旭日，我欢迎。
罪恶愁云，恳求消化；疑惑黑荫求散尽；
永恒快乐，求主赏赐，旭日光华满我心。

主是不断赞美中心，主所造物都欢欣；
众星天使，围聚讴歌，天地反映主光明；
高山幽谷，沃野森林，草场积翠波如镜；
清歌小鸟，轻注流水，唤起我们颂主心。

永远祝福，永受尊荣，永远赦免永施恩；
生之快乐，活水源头，欢乐安息海般深；
主是父亲，基督是兄，爱中生活皆主民；
求教我们，怎样相爱，同享神圣大欢欣。

晨星引起伟大歌声，奉劝凡夫来响应；
父的慈爱，统治我们，兄弟友爱系人生；
我们前进，歌唱不停，奋斗中间忠勇军；
得胜凯歌声里，欢乐音乐领向光明。",kuai le kuai le wo men chong bai rong yao shang zhu ai zhi shen xin ru hua kai dao zhu mian qian zhu ru xu ri wo huan ying zui e chou yun ken qiu xiao hua yi huo hei yin qiu san jin yong heng kuai le qiu zhu shang ci xu ri guang hua man wo xin zhu shi bu duan zan mei zhong xin zhu suo zao wu dou huan xin zhong xing tian shi wei ju ou ge tian di fan ying zhu guang ming gao shan you gu wo ye sen lin cao chang ji cui bo ru jing qing ge xiao niao qing zhu liu shui huan qi wo men song zhu xin yong yuan zhu fu yong shou zun rong yong yuan she mian yong shi en sheng zhi kuai le huo shui yuan tou huan le an xi hai ban shen zhu shi fu qin ji du shi xiong ai zhong sheng huo jie zhu min qiu jiao wo men zen yang xiang ai tong xiang shen sheng da huan xin chen xing yin qi wei da ge sheng feng quan fan fu lai xiang ying fu de ci ai tong zhi wo men xiong di you ai xi ren sheng wo men qian jin ge chang bu ting fen dou zhong jian zhong yong jun de sheng kai ge sheng li huan le yin yue ling xiang guang ming
ZMS-022,Hymn,你信实何广大,"你信实何广大，上帝我天父，你绝对无阴影，光明永住；你的慈悲怜悯，长存不改变，过去现在如是，今后亦然。
夏天继续春天，冬天接秋天，太阳月亮灿星，循轨运行；我心响应天宇力量，同证主慈爱，上主万恩惠，信实重重常还。
既赐赦罪救恩，又赐祂平安，亲身向我显现，赐光明前途；已受万恩惠，信实重重常还。
祢信实何广大。祢信实何广大。每天清晨我领受新恩赐。我一切需要，你全安排妥当，何等的大信实，主赐给我。",ni xin shi he guang da shang di wo tian fu ni jue dui wu yin ying guang ming yong zhu ni de ci bei lian min chang cun bu gai bian guo qu xian zai ru shi jin hou yi ran xia tian ji xu chun tian dong tian jie qiu tian tai yang yue liang can xing xun gui yun xing wo xin xiang ying tian yu li liang tong zheng zhu ci ai shang zhu wan en hui xin shi chong chong chang hai ji ci she zui jiu en you ci ta ping an qin shen xiang wo xian xian ci guang ming qian tu yi shou wan en hui xin shi chong chong chang hai mi xin shi he guang da mi xin shi he guang da mei tian qing chen wo ling shou xin en ci wo yi qie xu yao ni quan an pai tuo dang he deng de da xin shi zhu ci gei wo
ZMS-023,Hymn,你真伟大,"主啊，我神！我每逢举目观看，你手所造，一切奇妙大工；看见星宿，又听到隆隆雷声，你的大工，遍满了宇宙中。
当我想到，神竟愿差遣爱子，降世舍命，我几乎不领会；主在十架下，甘愿背我的重担，流血舍身，为要救赎我罪。
当主再来，欢呼声响，何等喜乐，我主接我回天家；我要跪下，谦恭的拜敬奉，并要颂扬：“神啊，你真伟大。”
我灵歌唱，赞美救主我神：“你真伟大！何等伟大！”我灵歌唱，赞美救主我神：“你真伟大！何等伟大！”",zhu a wo shen wo mei feng ju mu guan kan ni shou suo zao yi qie qi miao da gong kan jian xing xiu you ting dao long long lei sheng ni de da gong bian man le yu zhou zhong dang wo xiang dao shen jing yuan chai qian ai zi jiang shi she ming wo ji hu bu ling hui zhu zai shi jia xia gan yuan bei wo de zhong dan liu xie she shen wei yao jiu shu wo zui dang zhu zai lai huan hu sheng xiang he deng xi le wo zhu jie wo hui tian jia wo yao gui xia qian gong de bai jing feng bing yao song yang shen a ni zhen wei da wo ling ge chang zan mei jiu zhu wo shen ni zhen wei da he deng wei da wo ling ge chang zan mei jiu zhu wo shen ni zhen wei da he deng wei da
ZMS-024,Hymn,这是天父世界,"这是天父世界：孩童侧耳要听，
宇宙唱歌四围响应，星辰作乐同声。
这是天父世界：我心满有安宁；
树木花草，苍天碧海，述说天父全能。
这是天父世界：小鸟长翅飞鸣；
清晨明亮好花美丽，证明天理精深。
这是天父世界：祂爱普及万千；
风吹之草，将祂表现，天父充满世间。
这是天父世界：求主叫我不忘，
罪恶虽然好像得胜，天父却仍掌管。
这是天父世界：我心不必忧伤；
上帝是王，天地同唱，歌声充满万方。",zhe shi tian fu shi jie hai tong ce er yao ting yu zhou chang ge si wei xiang ying xing chen zuo le tong sheng zhe shi tian fu shi jie wo xin man you an ning shu mu hua cao cang tian bi hai shu shuo tian fu quan neng zhe shi tian fu shi jie xiao niao zhang chi fei ming qing chen ming liang hao hua mei li zheng ming tian li jing shen zhe shi tian fu shi jie ta ai pu ji wan qian feng chui zhi cao jiang ta biao xian tian fu chong man shi jian zhe shi tian fu shi jie qiu zhu jiao wo bu wang zui e sui ran hao xiang de sheng tian fu que reng zhang guan zhe shi tian fu shi jie wo xin bu bi you shang shang di shi wang tian di tong chang ge sheng chong man wan fang
ZMS-027,Hymn,万代之神,"万代之神，用你全能圣手，
美化穹苍，铺张锦绣宇宙；
灿烂辉煌，日月星光纷呈，
敬向宝座，献上感恩歌声。

真神慈爱，历代引导眷顾，
在此乐土，安享自由幸福；
愿主统领，引导护守安居，
你言你道，是我所法所遵。

愿你圣臂，永作我众护卫，
免遭灾祸，脱离战争凶危；
愿你圣道，在众心中滋长，
你的良善，使我众享安康。

道路艰难，求主垂怜百姓，
从此黑暗，导进永远光明；
使我生活蒙主恩爱充满，
颂赞荣耀归主直到永远。",wan dai zhi shen yong ni quan neng sheng shou mei hua qiong cang pu zhang jin xiu yu zhou can lan hui huang ri yue xing guang fen cheng jing xiang bao zuo xian shang gan en ge sheng zhen shen ci ai li dai yin dao juan gu zai ci le tu an xiang zi you xing fu yuan zhu tong ling yin dao hu shou an ju ni yan ni dao shi wo suo fa suo zun yuan ni sheng bi yong zuo wo zhong hu wei mian zao zai huo tuo li zhan zheng xiong wei yuan ni sheng dao zai zhong xin zhong zi zhang ni de liang shan shi wo zhong xiang an kang dao lu jian nan qiu zhu chui lian bai xing cong ci hei an dao jin yong yuan guang ming shi wo sheng huo meng zhu en ai chong man song zan rong yao gui zhu zhi dao yong yuan
ZMS-028,Hymn,唱述父神伟大权力,"唱述父神伟大权力，兴起群山高峰；
更使海洋辽阔无边，布置万里晴空。
唱述父神智慧安排，太阳管理白天；
月光辉煌听祂命令，群星顺服不变。

唱述上主无限美善，使地出产食粮；
祂用言语创造群生，称许万物美良。
称主所造无不奇妙，到处可以寻见；
花草树木，天空云彩，证明父神大能。

一朵小花一棵小树，都被装饰鲜明；
微风吹拂，万物扬美，都听宝座命令。
万物既从主得生命，父神必永眷顾；
天父子民无论何处，父神大能必保护。",chang shu fu shen wei da quan li xing qi qun shan gao feng geng shi hai yang liao kuo wu bian bu zhi wan li qing kong chang shu fu shen zhi hui an pai tai yang guan li bai tian yue guang hui huang ting ta ming ling qun xing shun fu bu bian chang shu shang zhu wu xian mei shan shi di chu chan shi liang ta yong yan yu chuang zao qun sheng cheng xu wan wu mei liang cheng zhu suo zao wu bu qi miao dao chu ke yi xun jian hua cao shu mu tian kong yun cai zheng ming fu shen da neng yi duo xiao hua yi ke xiao shu dou bei zhuang shi xian ming wei feng chui fu wan wu yang mei dou ting bao zuo ming ling wan wu ji cong zhu de sheng ming fu shen bi yong juan gu tian fu zi min wu lun he chu fu shen da neng bi bao hu
ZMS-031,Hymn,你当欢欣,"欢欣救主为君！你当叩拜至尊！
高声感谢主恩，凯歌永远欢欣；
耶稣执掌权衡，真理慈爱之神；
主既使我洁清，今已荣升天庭；
救主倚父怀中，静待仇敌归诚；
死亡阴府钥匙，全交我主权柄；
你当希望欢欣！耶稣必再降临！
接引众主仆人，同享天上家庭；
振起你心！举起你声！欢欣！欢欣！你当欢欣！",huan xin jiu zhu wei jun ni dang kou bai zhi zun gao sheng gan xie zhu en kai ge yong yuan huan xin ye su zhi zhang quan heng zhen li ci ai zhi shen zhu ji shi wo jie qing jin yi rong sheng tian ting jiu zhu yi fu huai zhong jing dai chou di gui cheng si wang yin fu yao shi quan jiao wo zhu quan bing ni dang xi wang huan xin ye su bi zai jiang lin jie yin zhong zhu pu ren tong xiang tian shang jia ting zhen qi ni xin ju qi ni sheng huan xin huan xin ni dang huan xin
ZMS-033,Hymn,颂赞主圣名,"颂赞荣耀都归主宰，至高全能真神，
祂爱世人差独生子，为人受死舍身。
主名超乎万名之名，至高至尊至圣，
今坐父神宝座右边，天使崇拜奉敬。
祂名称为奇妙，策士，和平全能之君，
统治天下万国万民，掌权无穷无尽。
颂赞主圣名，颂赞主圣名，颂赞荣耀归主圣名。
颂赞主圣名，颂赞主圣名，颂赞荣耀归主圣名。",song zan rong yao dou gui zhu zai zhi gao quan neng zhen shen ta ai shi ren cha du sheng zi wei ren shou si she shen zhu ming chao hu wan ming zhi ming zhi gao zhi zun zhi sheng jin zuo fu shen bao zuo you bian tian shi chong bai feng jing ta ming cheng wei qi miao ce shi he ping quan neng zhi jun tong zhi tian xia wan guo wan min zhang quan wu qiong wu jin song zan zhu sheng ming song zan zhu sheng ming song zan rong yao gui zhu sheng ming song zan zhu sheng ming song zan zhu sheng ming song zan rong yao gui zhu sheng ming
ZMS-037,Hymn,救主耶稣万福恩源,"全能真神万福恩源，求使我心常赞美；主赐恩典涌流不断，应当颂扬主恩惠。求主教我歌唱不停，如天使歌颂在天，主的恩典无穷无尽，永远稳定永不变。
我愿纪念救主宏恩，因祂赐福到如今；更求恩主引我前程，使我安然到天庭。我曾漂流迷失正路，主用大爱寻找我，为救我命宝血流出，赐我平安与快乐。
每日主赐恩典无限，负主恩债有万千；愿主恩典如链牵连，系我心在主身边。我深知道我心易变，常离主爱行己路，今将身心完全奉献，从今以后永属主。",quan neng zhen shen wan fu en yuan qiu shi wo xin chang zan mei zhu ci en dian yong liu bu duan ying dang song yang zhu en hui qiu zhu jiao wo ge chang bu ting ru tian shi ge song zai tian zhu de en dian wu qiong wu jin yong yuan wen ding yong bu bian wo yuan ji nian jiu zhu hong en yin ta ci fu dao ru jin geng qiu en zhu yin wo qian cheng shi wo an ran dao tian ting wo ceng piao liu mi shi zheng lu zhu yong da ai xun zhao wo wei jiu wo ming bao xue liu chu ci wo ping an yu kuai le mei ri zhu ci en dian wu xian fu zhu en zhai you wan qian yuan zhu en dian ru lian qian lian xi wo xin zai zhu shen bian wo shen zhi dao wo xin yi bian chang li zhu ai xing ji lu jin jiang shen xin wan quan feng xian cong jin yi hou yong shu zhu
ZMS-038,Hymn,耶稣圣名众当称颂,"耶稣圣名众当称颂，天使均当俯伏，
奉献冠冕大家行礼，尊荣天地主宰！
奉献冠冕大家行礼，尊荣天地主宰！

罪人蒙恩免下阴府，显明主心慈爱，
颂扬耶稣罪人救主，称颂天地主宰！
颂扬耶稣罪人救主，称颂天地主宰！

普天之下万族万民，亚当无数后代，
耶稣跟前伏拜赞美，崇赞天地主宰！
耶稣跟前伏拜赞美，崇赞天地主宰！

但愿圣徒当中有我，在主面前伏拜！
同声唱诗同心欢乐，赞美天地主宰！
同声唱诗同心欢乐，赞美天地主宰！",ye su sheng ming zhong dang cheng song tian shi jun dang fu fu feng xian guan mian da jia xing li zun rong tian di zhu zai feng xian guan mian da jia xing li zun rong tian di zhu zai zui ren meng en mian xia yin fu xian ming zhu xin ci ai song yang ye su zui ren jiu zhu cheng song tian di zhu zai song yang ye su zui ren jiu zhu cheng song tian di zhu zai pu tian zhi xia wan zu wan min ya dang wu shu hou dai ye su gen qian fu bai zan mei chong zan tian di zhu zai ye su gen qian fu bai zan mei chong zan tian di zhu zai dan yuan sheng tu dang zhong you wo zai zhu mian qian fu bai tong sheng chang shi tong xin huan le zan mei tian di zhu zai tong sheng chang shi tong xin huan le zan mei tian di zhu zai
ZMS-040,Hymn,怎能如此,"怎能如此，像我这样罪人，也能蒙主宝血救赎？
因我罪过，使祂受苦，因我罪过，使祂受死。
奇异的爱！何能如此，我主我神，竟为我死。
奇异的爱！何能如此，我主我神，竟为我死。

祂离天上父神施恩宝座，白白，祂恩典无穷无尽；
舍弃一切，除慈爱，流血救赎亚当族类。
奇异的爱！何能如此，我主我神，竟为我死。
奇异的爱！何能如此，我主我神，竟为我死。

不再定罪，今我再不畏惧，耶稣与祂所有属我；
我活在永活元首，穿起公义衣。
奇异的爱！何能如此，我主我神，竟为我死。
奇异的爱！何能如此，我主我神，竟为我死。",zen neng ru ci xiang wo zhe yang zui ren ye neng meng zhu bao xue jiu shu yin wo zui guo shi ta shou ku yin wo zui guo shi ta shou si qi yi de ai he neng ru ci wo zhu wo shen jing wei wo si qi yi de ai he neng ru ci wo zhu wo shen jing wei wo si ta li tian shang fu shen shi en bao zuo bai bai ta en dian wu qiong wu jin she qi yi qie chu ci ai liu xie jiu shu ya dang zu lei qi yi de ai he neng ru ci wo zhu wo shen jing wei wo si qi yi de ai he neng ru ci wo zhu wo shen jing wei wo si bu zai ding zui jin wo zai bu wei ju ye su yu ta suo you shu wo wo huo zai yong huo yuan shou chuan qi gong yi yi qi yi de ai he neng ru ci wo zhu wo shen jing wei wo si qi yi de ai he neng ru ci wo zhu wo shen jing wei wo si
ZMS-041,Hymn,快来拥主为王,"快来拥主为王，圣羔在宝座上，
听啊，好乐传遍诸天，和声压倒筝响；
醒啊，我心同唱，颂祂救恩浩荡，
欢呼为你受死之主，千秋万岁无疆。

来拥戴主为王！主的慈爱无量，
手足肋旁昔被创伤，今显何等辉煌；
荣美发出光芒，天使敬拜颂扬，
满怀惊喜赞其超奇，奥秘不可测想。

来拥戴主为王！无比生命之王，
击败阴间复活得胜，为救我免沉沦；
今来向祂歌颂，赞美我主宏恩，
因祂为罪替我受死，为我带来永生。

来拥戴主为王！人天共戴之王，
万灵称祂奇妙爱名，万世尊祂至上；
世界万国之君，卑伏觌见至尊，
齐摘桂冠，敬伏座前，称颂我主奇恩。",kuai lai yong zhu wei wang sheng gao zai bao zuo shang ting a hao le chuan bian zhu tian he sheng ya dao zheng xiang xing a wo xin tong chang song ta jiu en hao dang huan hu wei ni shou si zhi zhu qian qiu wan sui wu jiang lai yong dai zhu wei wang zhu de ci ai wu liang shou zu le pang xi bei chuang shang jin xian he deng hui huang rong mei fa chu guang mang tian shi jing bai song yang man huai jing xi zan qi chao qi ao mi bu ke ce xiang lai yong dai zhu wei wang wu bi sheng ming zhi wang ji bai yin jian fu huo de sheng wei jiu wo mian chen lun jin lai xiang ta ge song zan mei wo zhu hong en yin ta wei zui ti wo shou si wei wo dai lai yong sheng lai yong dai zhu wei wang ren tian gong dai zhi wang wan ling cheng ta qi miao ai ming wan shi zun ta zhi shang shi jie wan guo zhi jun bei fu di jian zhi zun qi zhai gui guan jing fu zuo qian cheng song wo zhu qi en
ZMS-044,Hymn,美哉主耶稣,"美哉主耶稣，统治万有群生，
世人之子，神明化身；
主我所景仰，主我所崇尊，
主是我灵荣耀、乐歌、欣慰。

美哉芳草地，郊原更加美丽，
他们披服灿烂春衣；
主耶稣更美丽，耶稣更皎洁，
能使忧心发生欢欣。

美哉是朝晖，夜月更觉清妍，
繁星灿烂撒遍诸天；
主耶稣更辉煌，耶稣更清洁，
光华照天上人间。",mei zai zhu ye su tong zhi wan you qun sheng shi ren zhi zi shen ming hua shen zhu wo suo jing yang zhu wo suo chong zun zhu shi wo ling rong yao yue ge xin wei mei zai fang cao di jiao yuan geng jia mei li ta men pi fu can lan chun yi zhu ye su geng mei li ye su geng jiao jie neng shi you xin fa sheng huan xin mei zai shi zhao hui ye yue geng jue qing yan fan xing can lan sa bian zhu tian zhu ye su geng hui huang ye su geng qing jie guang hua zhao tian shang ren jian
ZMS-045,Hymn,忧苦弟兄容我劝你,"忧苦弟兄容我劝你，常常记念耶稣名；
这名使你烦闷变喜，疑惧消散心安平。
处处记念耶稣圣名，当作盾牌抵利剑；
众惑环绕齐来攻击，靠主圣名就得胜。
耶稣名字馨香宝贵，我一听闻就欢欣；
但愿人人得其安慰，同我称颂主圣名。
经历世途艰辛疲累，听见主名甚欢欣；
摘下冠冕主前伏拜，欢称耶稣是我王。
至圣名，何等宝，地之望而天之乐；
至圣名，何等宝，地之望而天之乐。",you ku di xiong rong wo quan ni chang chang ji nian ye su ming zhe ming shi ni fan men bian xi yi ju xiao san xin an ping chu chu ji nian ye su sheng ming dang zuo dun pai di li jian zhong huo huan rao qi lai gong ji kao zhu sheng ming jiu de sheng ye su ming zi xin xiang bao gui wo yi ting wen jiu huan xin dan yuan ren ren de qi an wei tong wo cheng song zhu sheng ming jing li shi tu jian xin pi lei ting jian zhu ming shen huan xin zhai xia guan mian zhu qian fu bai huan cheng ye su shi wo wang zhi sheng ming he deng bao di zhi wang er tian zhi le zhi sheng ming he deng bao di zhi wang er tian zhi le
ZMS-046,Hymn,伟大的救主,"耶稣，罪人奇妙良友；耶稣，爱我灵的主；
友或离我敌或害我，但救主必定看顾。

耶稣，弱者奇妙力量，让我在主里藏躲；
试探来临有时跌倒，靠主力使我胜过。

耶稣，忧愁人的帮助，纵是海浪漫我身，
祂支持安慰破碎心，祂用慈爱伴我同行。

耶稣，我的扶助、前导，在海涛中有拯救，
狂风四围黑夜来临，主是良友，听我求。

耶稣，我愿意接受祢，发现祢恩典真多，
用祢宝血救我罪孽，我属祢，祢也属我。

哈利路亚奇妙救主！哈利路亚我良友！
救我，助我，护我，爱我，与我同在到永久。",ye su zui ren qi miao liang you ye su ai wo ling de zhu you huo li wo di huo hai wo dan jiu zhu bi ding kan gu ye su ruo zhe qi miao li liang rang wo zai zhu li cang duo shi tan lai lin you shi die dao kao zhu li shi wo sheng guo ye su you chou ren de bang zhu zong shi hai lang man wo shen ta zhi chi an wei po sui xin ta yong ci ai ban wo tong hang ye su wo de fu zhu qian dao zai hai tao zhong you zheng jiu kuang feng si wei hei ye lai lin zhu shi liang you ting wo qiu ye su wo yuan yi jie shou mi fa xian mi en dian zhen duo yong mi bao xue jiu wo zui nie wo shu mi mi ye shu wo ha li lu ya qi miao jiu zhu ha li lu ya wo liang you jiu wo zhu wo hu wo ai wo yu wo tong zai dao yong jiu
ZMS-049,Hymn,信徒齐来颂主,"信徒齐来颂主，哈利路亚！阿们！
赞美我主基督，哈利路亚！阿们！
万众一心颂扬，在主座前欢唱，
主必喜悦欣赏，哈利路亚！阿们！

来齐心高声唱，哈利路亚！阿们！
赞美声达穹苍，哈利路亚！阿们！
主是牧者良朋，降卑代赎舍生，
慈爱丰富永恒，哈利路亚！阿们！

赞美基督至尊，哈利路亚！阿们！
生命永远长存，哈利路亚！阿们！
在天福乐岸边，同崇敬主美善，
欢唱亿万万年，哈利路亚！阿们！",xin tu qi lai song zhu ha li lu ya a men zan mei wo zhu ji du ha li lu ya a men wan zhong yi xin song yang zai zhu zuo qian huan chang zhu bi xi yue xin shang ha li lu ya a men lai qi xin gao sheng chang ha li lu ya a men zan mei sheng da qiong cang ha li lu ya a men zhu shi mu zhe liang peng jiang bei dai shu she sheng ci ai feng fu yong heng ha li lu ya a men zan mei ji du zhi zun ha li lu ya a men sheng ming yong yuan chang cun ha li lu ya a men zai tian fu le an bian tong chong jing zhu mei shan huan chang yi wan wan nian ha li lu ya a men
ZMS-053,Hymn,救主耶稣爱心之乐,"救主耶稣，爱心之乐！生命之源！万人之光！
今我撇下世间幸福，转面归向救主君王。

救主真理万古不变；呼主之人，蒙主拯救；
寻主之人，见主善良；得主之人，主是万有。

我灵望主永不厌足；生涯苦海，使我漂流；
瞻主慈容，除我忧愁；因信靠主，便蒙恩佑。

求主为我永恒依靠；使我时刻平安光明；
恳求主来驱除罪恶，黑夜变为圣洁之光。",jiu zhu ye su ai xin zhi le sheng ming zhi yuan wan ren zhi guang jin wo pie xia shi jian xing fu zhuan mian gui xiang jiu zhu jun wang jiu zhu zhen li wan gu bu bian hu zhu zhi ren meng zhu zheng jiu xun zhu zhi ren jian zhu shan liang de zhu zhi ren zhu shi wan you wo ling wang zhu yong bu yan zu sheng ya ku hai shi wo piao liu zhan zhu ci rong chu wo you chou yin xin kao zhu bian meng en you qiu zhu wei wo yong heng yi kao shi wo shi ke ping an guang ming ken qiu zhu lai qu chu zui e hei ye bian wei sheng jie zhi guang
ZMS-055,Hymn,耶稣每逢想念着你,"耶稣，每逢想念着你，愉快充满心怀，若能到你面前安息，何等愉快欢欣。
有声难唱，有心难想，记忆之中难寻，能比慈爱救主圣名，更加甜蜜的名。
痛悔之心得着希望，柔和之心得恩，倾跌之人如何蒙爱，寻者如何相逢。
寻着之人到底如何，笔墨何能形容！耶稣之爱究竟如何，惟有爱能了解。",ye su mei feng xiang nian zhe ni yu kuai chong man xin huai ruo neng dao ni mian qian an xi he deng yu kuai huan xin you sheng nan chang you xin nan xiang ji yi zhi zhong nan xun neng bi ci ai jiu zhu sheng ming geng jia tian mi de ming tong hui zhi xin de zhe xi wang rou he zhi xin de en qing die zhi ren ru he meng ai xun zhe ru he xiang feng xun zhe zhi ren dao di ru he bi mo he neng xing rong ye su zhi ai jiu jing ru he wei you ai neng liao jie
ZMS-069,Hymn,普世欢腾救主下降,"普世欢腾！救主下降：大地接她君王；惟愿众心预备地方，诸天万物歌唱，诸天万物歌唱，诸天，诸天万物歌唱。
普世欢腾！主治万方：万民都当歌唱；沃野洪涛，山石平原，响应歌声嘹亮，响应歌声嘹亮，响应，响应歌声嘹亮。
罪恶忧愁不容再长，世上荆棘消亡；化诅为恩，无远弗届，到处主恩流长，到处主恩流长，到处，到处主恩流长。
主藉真理恩治万方，要万邦证明；上主公义，无限荣光，主爱奇妙莫名，主爱奇妙莫名，主爱，主爱奇妙莫名。",pu shi huan teng jiu zhu xia jiang da di jie ta jun wang wei yuan zhong xin yu bei di fang zhu tian wan wu ge chang zhu tian wan wu ge chang zhu tian zhu tian wan wu ge chang pu shi huan teng zhu zhi wan fang wan min dou dang ge chang wo ye hong tao shan shi ping yuan xiang ying ge sheng liao liang xiang ying ge sheng liao liang xiang ying xiang ying ge sheng liao liang zui e you chou bu rong zai zhang shi shang jing ji xiao wang hua zu wei en wu yuan fu jie dao chu zhu en liu zhang dao chu zhu en liu zhang dao chu dao chu zhu en liu zhang zhu ji zhen li en zhi wan fang yao wan bang zheng ming shang zhu gong yi wu xian rong guang zhu ai qi miao mo ming zhu ai qi miao mo ming zhu ai zhu ai qi miao mo ming
ZMS-070,Hymn,平安夜,"平安夜，圣善夜，万暗中，光华射，照着圣母也照着圣婴，多少慈祥也多少天真，静享天赐安眠，静享天赐安眠。
平安夜，圣善夜，牧羊人，在旷野，忽然看见了天上光华，听见天军唱哈利路亚，救主今夜降生，救主今夜降生。
平安夜，圣善夜，神子爱，光皎洁，救赎宏恩的黎明来到，圣容发出来荣光普照，耶稣我主降生，耶稣我主降生。",ping an ye sheng shan ye wan an zhong guang hua she zhao zhe sheng mu ye zhao zhe sheng ying duo shao ci xiang ye duo shao tian zhen jing xiang tian ci an mian jing xiang tian ci an mian ping an ye sheng shan ye mu yang ren zai kuang ye hu ran kan jian le tian shang guang hua ting jian tian jun chang ha li lu ya jiu zhu jin ye jiang sheng jiu zhu jin ye jiang sheng ping an ye sheng shan ye shen zi ai guang jiao jie jiu shu hong en de li ming lai dao sheng rong fa chu lai rong guang pu zhao ye su wo zhu jiang sheng ye su wo zhu jiang sheng
ZMS-071,Hymn,天使歌唱在高天,"天使歌唱在高天，美妙歌声遍平原，
四周山岭发回声，响应天使欢乐音。
荣耀，荣耀，归于至高真神！
荣耀，荣耀，归于至高真神！

牧人有何大喜悦，快乐歌声不休歇？
有何喜讯感心弦，齐发歌声美难言？
荣耀，荣耀，归于至高真神！
荣耀，荣耀，归于至高真神！

请君同往伯利恒，天使所唱圣婴生，
前来跪拜同声唱：基督救主新生王！
荣耀，荣耀，归于至高真神！
荣耀，荣耀，归于至高真神！",tian shi ge chang zai gao tian mei miao ge sheng bian ping yuan si zhou shan ling fa hui sheng xiang ying tian shi huan le yin rong yao rong yao gui yu zhi gao zhen shen rong yao rong yao gui yu zhi gao zhen shen mu ren you he da xi yue kuai le ge sheng bu xiu xie you he xi xun gan xin xian qi fa ge sheng mei nan yan rong yao rong yao gui yu zhi gao zhen shen rong yao rong yao gui yu zhi gao zhen shen qing jun tong wang bo li heng tian shi suo chang sheng ying sheng qian lai gui bai tong sheng chang ji du jiu zhu xin sheng wang rong yao rong yao gui yu zhi gao zhen shen rong yao rong yao gui yu zhi gao zhen shen
ZMS-072,Hymn,缅想当年方夜半,"缅想当年方夜半，忽来荣耀歌声，
天使屈身临凡境，欣拨金琴；
地上平安，人蒙恩，天庭君王赐福，
世界屏息听天使，歌声响彻云霄。

直到如今依然开，天使仍轻拨琴，
天使展翅临凡境，继续佳音；
愁云惨雾笼罩世，依然望天上，
纷扰声中仍可听，天使美妙歌声。

世人困苦民众啊，肩负重担压身，
奔波劳碌路艰难，脚步痛苦艰辛；
看哪，快乐黄金时，飞翼迅速来临，
疲乏路旁稍安息，静听天使歌声。

因为岁月行不息，佳时转瞬来临，
乃先知早已记明，黄金时代将临；
世界万年循环中，此时必要来临，
和平之歌遍天地，回应天使歌声。",mian xiang dang nian fang ye ban hu lai rong yao ge sheng tian shi qu shen lin fan jing xin bo jin qin di shang ping an ren meng en tian ting jun wang ci fu shi jie bing xi ting tian shi ge sheng xiang che yun xiao zhi dao ru jin yi ran kai tian shi reng qing bo qin tian shi zhan chi lin fan jing ji xu jia yin chou yun can wu long zhao shi yi ran wang tian shang fen rao sheng zhong reng ke ting tian shi mei miao ge sheng shi ren kun ku min zhong a jian fu zhong dan ya shen ben bo lao lu lu jian nan jiao bu tong ku jian xin kan na kuai le huang jin shi fei yi xun su lai lin pi fa lu pang shao an xi jing ting tian shi ge sheng yin wei sui yue xing bu xi jia shi zhuan shun lai lin nai xian zhi zao yi ji ming huang jin shi dai jiang lin shi jie wan nian xun huan zhong ci shi bi yao lai lin he ping zhi ge bian tian di hui ying tian shi ge sheng
ZMS-073,Hymn,美哉小城小伯利恒,"美哉小城，小伯利恒！你是何等清静！
无梦无惊，深深睡着，群星悄然进行；
在你漆黑的街衢，永远的光照启；
万世所求，万人所望，今宵集中于你。

因马利亚诞生圣婴，天上天军齐集，
世界众生，罪酣深睡，天使虔敬守夜。
晨星啊，同来颂扬，同来礼拜虔诚，
同来感谢至尊上主，同祝世界和平！",mei zai xiao cheng xiao bo li heng ni shi he deng qing jing wu meng wu jing shen shen shui zhao qun xing qiao ran jin xing zai ni qi hei de jie qu yong yuan de guang zhao qi wan shi suo qiu wan ren suo wang jin xiao ji zhong yu ni yin ma li ya dan sheng sheng ying tian shang tian jun qi ji shi jie zhong sheng zui han shen shui tian shi qian jing shou ye chen xing a tong lai song yang tong lai li bai qian cheng tong lai gan xie zhi zun shang zhu tong zhu shi jie he ping
ZMS-075,Hymn,远远在马槽里,"远远在马槽里，无枕也无床，
圣婴孩主耶稣，睡觉很安康；
众明星都望着，主睡的地方！
圣婴孩主耶稣，睡在干草上。

众牲畜鸣叫，主耶稣惊醒，
圣婴孩主耶稣，却无啼哭声。
我真爱主耶稣，求近我身旁，
请靠近我床边，守我到天明。

恭敬求主耶稣，靠近我身旁，
爱护我，接受我，做主的小羊；
也保护众孩童，一齐安康，
教我们都能够，跟主到天堂。",yuan yuan zai ma cao li wu zhen ye wu chuang sheng ying hai zhu ye su shui jiao hen an kang zhong ming xing dou wang zhe zhu shui de di fang sheng ying hai zhu ye su shui zai gan cao shang zhong sheng chu ming jiao zhu ye su jing xing sheng ying hai zhu ye su que wu ti ku sheng wo zhen ai zhu ye su qiu jin wo shen pang qing kao jin wo chuang bian shou wo dao tian ming gong jing qiu zhu ye su kao jin wo shen pang ai hu wo jie shou wo zuo zhu de xiao yang ye bao hu zhong hai tong yi qi an kang jiao wo men dou neng gou gen zhu dao tian tang
ZMS-076,Hymn,荣耀天军,"荣耀天军展翅飞腾，遨游大地看世人；
当年欢唱创造权能，今天报告主降生；
齐来崇拜！齐来崇拜！崇拜基督新生王！

牧人夜间巡游旷野，轮流看守众羊群；
圣婴降生光华普照，神人同居何欢欣！
齐来崇拜！齐来崇拜！崇拜基督新生王！

博士放弃学术钻研，仰望大星光灿烂；
万邦渴望今已得见，获此大星福无边。
齐来崇拜！齐来崇拜！崇拜基督新生王！

圣徒屈膝坛前崇敬，祷告等候心专诚；
忽然我主显其慈容，满殿大照主光荣。
齐来崇拜！齐来崇拜！崇拜基督新生王！",rong yao tian jun zhan chi fei teng ao you da di kan shi ren dang nian huan chang chuang zao quan neng jin tian bao gao zhu jiang sheng qi lai chong bai qi lai chong bai chong bai ji du xin sheng wang mu ren ye jian xun you kuang ye lun liu kan shou zhong yang qun sheng ying jiang sheng guang hua pu zhao shen ren tong ju he huan xin qi lai chong bai qi lai chong bai chong bai ji du xin sheng wang bo shi fang qi xue shu zuan yan yang wang da xing guang can lan wan bang ke wang jin yi de jian huo ci da xing fu wu bian qi lai chong bai qi lai chong bai chong bai ji du xin sheng wang sheng tu qu xi tan qian chong jing dao gao deng hou xin zhuan cheng hu ran wo zhu xian qi ci rong man dian da zhao zhu guang rong qi lai chong bai qi lai chong bai chong bai ji du xin sheng wang
ZMS-077,Hymn,听啊天使唱高声,"听啊天使唱高声，报知耶稣今降生，
天上荣光归与神，地上平安人蒙恩；
世间远近大小邦，皆当兴起同颂扬，
天唱地和喜不胜，基督生于伯利恒。
听啊！天使高声唱，荣耀归于新生王。

基督本为永生王，天使敬拜齐颂扬，
竟然离开天上荣，处卑微成人状；
至高真神披肉体，道成肉身住世间，
愿与世人同甘苦，乃我主以马内利。
听啊！天使高声唱，荣耀归于新生王。

美哉耶稣和平王，美哉耶稣为世光，
普照万邦赐生命，医治痛苦赐安康；
舍弃天上大荣耀，降生使人不死亡，
降生罪人能更新，降生罪人与神亲。
听啊！天使高声唱，荣耀归于新生王。

万国救主万国王，愿你来住我心中，
魔鬼权势已败坏，罪人蒙恩得释放；
愿主形像成我心，愿主恩光照我中，
天上荣光归与神，地上平安人蒙恩。
听啊！天使高声唱，荣耀归于新生王。",ting a tian shi chang gao sheng bao zhi ye su jin jiang sheng tian shang rong guang gui yu shen di shang ping an ren meng en shi jian yuan jin da xiao bang jie dang xing qi tong song yang tian chang di he xi bu sheng ji du sheng yu bo li heng ting a tian shi gao sheng chang rong yao gui yu xin sheng wang ji du ben wei yong sheng wang tian shi jing bai qi song yang jing ran li kai tian shang rong chu bei wei cheng ren zhuang zhi gao zhen shen pi rou ti dao cheng rou shen zhu shi jian yuan yu shi ren tong gan ku nai wo zhu yi ma nei li ting a tian shi gao sheng chang rong yao gui yu xin sheng wang mei zai ye su he ping wang mei zai ye su wei shi guang pu zhao wan bang ci sheng ming yi zhi tong ku ci an kang she qi tian shang da rong yao jiang sheng shi ren bu si wang jiang sheng zui ren neng geng xin jiang sheng zui ren yu shen qin ting a tian shi gao sheng chang rong yao gui yu xin sheng wang wan guo jiu zhu wan guo wang yuan ni lai zhu wo xin zhong mo gui quan shi yi bai huai zui ren meng en de shi fang yuan zhu xing xiang cheng wo xin yuan zhu en guang zhao wo zhong tian shang rong guang gui yu shen di shang ping an ren meng en ting a tian shi gao sheng chang rong yao gui yu xin sheng wang
ZMS-078,Hymn,齐来崇主信徒,"齐来崇主信徒，快乐又欢欣，齐来一齐来，大家上伯利恒；来朝见圣婴，天使王已降生。
天使结成乐队，欢然同歌唱，光明众天军，来高声同赞扬；至高的父神，荣耀归与君王。
救主生于今晨，我众来欢迎；天人诸荣耀，完全归主一身；至大哉父本像，藉圣子来显明。
齐来虔诚同崇拜，齐来虔诚同崇拜，齐来虔诚同崇拜，主基督。",qi lai chong zhu xin tu kuai le you huan xin qi lai yi qi lai da jia shang bo li heng lai chao jian sheng ying tian shi wang yi jiang sheng tian shi jie cheng yue dui huan ran tong ge chang guang ming zhong tian jun lai gao sheng tong zan yang zhi gao de fu shen rong yao gui yu jun wang jiu zhu sheng yu jin chen wo zhong lai huan ying tian ren zhu rong yao wan quan gui zhu yi shen zhi da zai fu ben xiang ji sheng zi lai xian ming qi lai qian cheng tong chong bai qi lai qian cheng tong chong bai qi lai qian cheng tong chong bai zhu ji du
ZMS-081,Hymn,是何婴孩,"是何婴孩躺卧安睡，在马利亚胸怀内？
牧人正在看守群羊，天使歌唱是为谁？
祂是基督我王，天使歌唱，牧人欢庆：
快来向祂颂扬，救主，基督，至圣婴。

为何祂在卑贱地方，牛羊驴马之身旁？
好基督徒哀心思量，主为罪人得释放。
祂是基督我王，天使歌唱，牧人欢庆：
快来向祂颂扬，救主，基督，至圣婴。

奉献黄金乳香没药，万民承认祂为王；
万王之王恩赐救赎，心灵当尊祂为王。
祂是基督我王，天使歌唱，牧人欢庆：
快来向祂颂扬，救主，基督，至圣婴。",shi he ying hai tang wo an shui zai ma li ya xiong huai nei mu ren zheng zai kan shou qun yang tian shi ge chang shi wei shui ta shi ji du wo wang tian shi ge chang mu ren huan qing kuai lai xiang ta song yang jiu zhu ji du zhi sheng ying wei he ta zai bei jian di fang niu yang lv ma zhi shen pang hao ji du tu ai xin si liang zhu wei zui ren de shi fang ta shi ji du wo wang tian shi ge chang mu ren huan qing kuai lai xiang ta song yang jiu zhu ji du zhi sheng ying feng xian huang jin ru xiang mo yao wan min cheng ren ta wei wang wan wang zhi wang en ci jiu shu xin ling dang zun ta wei wang ta shi ji du wo wang tian shi ge chang mu ren huan qing kuai lai xiang ta song yang jiu zhu ji du zhi sheng ying
ZMS-085,Hymn,耶稣奇妙的主,"祂生在牛群中十分贫苦，
活着近加利利湖，
死得羞辱，那耶稣奇妙的主。

我疲乏祂是唯一安息，
饥渴祂恩使我饱足，
赐我恩助，那耶稣奇妙的主。

孤者之友竟然被卖，
弱者之助哭在客西马尼，
黑暗中死，那耶稣奇妙的主。

奇妙又奇妙的耶稣是我知己，
永远诚实，温柔忠诚；
祂为救我罪人代死，
耶稣奇妙的主。",ta sheng zai niu qun zhong shi fen pin ku huo zhe jin jia li li hu si de xiu ru na ye su qi miao de zhu wo pi fa ta shi wei yi an xi ji ke ta en shi wo bao zu ci wo en zhu na ye su qi miao de zhu gu zhe zhi you jing ran bei mai ruo zhe zhi zhu ku zai ke xi ma ni hei an zhong si na ye su qi miao de zhu qi miao you qi miao de ye su shi wo zhi ji yong yuan cheng shi wen rou zhong cheng ta wei jiu wo zui ren dai si ye su qi miao de zhu
ZMS-087,Hymn,最美丽圣名,"我知一圣名，最美丽圣名，由天使送达人间；
昔年有一夜，天使向童女，细语此名，乐无限。

我知一圣名，最美丽圣名，赐给一可爱圣婴；
昔年欢乐夜，景星放光明，众天使赞美不停。

唯一的尊名，就是我救主，曾在十架上；
昔我罪钉死祂，亲担我累负，祂为我受尽苦刑。

我爱这圣名，最奇妙美名，远超过诸天上；
昔年在我心，细语此圣名，我将生命献耶稣。

最美丽圣名，最美丽圣名，使我脱罪与痛苦！
最美丽圣名，最奇妙圣名，最大之名是耶稣。",wo zhi yi sheng ming zui mei li sheng ming you tian shi song da ren jian xi nian you yi ye tian shi xiang tong nv xi yu ci ming le wu xian wo zhi yi sheng ming zui mei li sheng ming ci gei yi ke ai sheng ying xi nian huan le ye jing xing fang guang ming zhong tian shi zan mei bu ting wei yi de zun ming jiu shi wo jiu zhu ceng zai shi jia shang xi wo zui ding si ta qin dan wo lei fu ta wei wo shou jin ku xing wo ai zhe sheng ming zui qi miao mei ming yuan chao guo zhu tian shang xi nian zai wo xin xi yu ci sheng ming wo jiang sheng ming xian ye su zui mei li sheng ming zui mei li sheng ming shi wo tuo zui yu tong ku zui mei li sheng ming zui qi miao sheng ming zui da zhi ming shi ye su
ZMS-080,Hymn,古人喜乐,"古代人们心喜乐，仰望明星作引导；
欣然欢迎它光彩，灿烂辉煌前路照；
求主使我亦如此，追随景星行主道。

他们欢然行远路，走向卑微马槽旁；
屈膝虔诚恭敬拜，天人崇敬一大君王；
求主使我亦虔诚，永寻耶稣施恩座。

他们敬将好礼物，奉献婴孩在座前；
求使我亦欣然，清洁无罪灵魂安；
求主使我亦献重礼，向主奉献身心灵。

恳求救主领我众，奔走窄路赴窄门；
来待到世成过去，有主赎救灵魂近主；
求主携我不需星光照，有主荣耀永光明。",gu dai ren men xin xi le yang wang ming xing zuo yin dao xin ran huan ying ta guang cai can lan hui huang qian lu zhao qiu zhu shi wo yi ru ci zhui sui jing xing xing zhu dao ta men huan ran xing yuan lu zou xiang bei wei ma cao pang qu xi qian cheng gong jing bai tian ren chong jing yi da jun wang qiu zhu shi wo yi qian cheng yong xun ye su shi en zuo ta men jing jiang hao li wu feng xian ying hai zai zuo qian qiu shi wo yi xin ran qing jie wu zui ling hun an qiu zhu shi wo yi xian zhong li xiang zhu feng xian shen xin ling ken qiu jiu zhu ling wo zhong ben zou zhai lu fu zhai men lai dai dao shi cheng guo qu you zhu shu jiu ling hun jin zhu qiu zhu xie wo bu xu xing guang zhao you zhu rong yao yong guang ming
ZMS-089,Hymn,骑驴进行,"荣耀君王骑驴进行！沿途民众，一片歌声，温柔救主向前进行，棕枝、衣服，满路铺陈。
荣耀君王骑驴进行！卑微模样，就义成仁，基督得胜，从此开始，死亡败退，罪恶戢平。
荣耀君王骑驴进行！天上众军俯首定睛，遥看救主去作牺牲，满怀忧虑，无限伤心。
荣耀君王骑驴进行！卑微模样，就义成仁，低头忍受肉身苦痛，终得权柄，掌管万民。",rong yao jun wang qi lv jin xing yan tu min zhong yi pian ge sheng wen rou jiu zhu xiang qian jin xing zong zhi yi fu man lu pu chen rong yao jun wang qi lv jin xing bei wei mu yang jiu yi cheng ren ji du de sheng cong ci kai shi si wang bai tui zui e ji ping rong yao jun wang qi lv jin xing tian shang zhong jun fu shou ding jing yao kan jiu zhu qu zuo xi sheng man huai you lv wu xian shang xin rong yao jun wang qi lv jin xing bei wei mu yang jiu yi cheng ren di tou ren shou rou shen ku tong zhong de quan bing zhang guan wan min
ZMS-082,Hymn,天使初报圣诞佳音,"天使初报圣诞佳音，先向田间贫苦牧人；牧人正当看守羊群，严冬方冷，长夜已深。
牧人抬头一见景星，远在东方灿烂晶明；发出奇光照耀尘寰，不分昼夜，光彩永恒。
博士三人因见星光，远道跋涉来拜君王；一心寻求犹太君王，殷勤跟随景星前往。
博士三人大家走进，屈膝拜献虔诚心；将礼物奉献至尊，乳香没药，又有黄金。
欢欣，欢欣，欢欣，欢欣，天国君王今日降生。",tian shi chu bao sheng dan jia yin xian xiang tian jian pin ku mu ren mu ren zheng dang kan shou yang qun yan dong fang leng chang ye yi shen mu ren tai tou yi jian jing xing yuan zai dong fang can lan jing ming fa chu qi guang zhao yao chen huan bu fen zhou ye guang cai yong heng bo shi san ren yin jian xing guang yuan dao ba she lai bai jun wang yi xin xun qiu you tai jun wang yin qin gen sui jing xing qian wang bo shi san ren da jia zou jin qu xi bai xian qian cheng xin jiang li wu feng xian zhi zun ru xiang mo yao you you huang jin huan xin huan xin huan xin huan xin tian guo jun wang jin ri jiang sheng
ZMS-084,Hymn,述说主耶稣,"请向我述说主耶稣，深印每句在我心；
对我述主宝贵故事，最奇妙甜美佳音。
述说天使如何歌颂，庆贺主耶稣降生；
天上荣耀归与真神，喜信与世人。
请向我述说主耶稣，深印每句在我心；
对我述主宝贵故事，最奇妙甜美佳音。
述主旷野之中禁食，一生传道施恩怜；
述主曾受恶魔试探，坚忍不移终得胜。
述说长年如何劳苦，如何独困忧伤；
说到主爱为我舍身，我不禁流泪感恩。
请向我述说主耶稣，深印每句在我心；
对我述主宝贵故事，最奇妙甜美佳音。
述说救主被钉十架，如何受苦担罪过；
述说救主葬在坟墓，三日后复活。
述说故事中的大慈恩，愿我更加明白；
说到主爱为我舍身，我不禁流泪感恩。
请向我述说主耶稣，深印每句在我心；
对我述主宝贵故事，最奇妙甜美佳音。",qing xiang wo shu shuo zhu ye su shen yin mei ju zai wo xin dui wo shu zhu bao gui gu shi zui qi miao tian mei jia yin shu shuo tian shi ru he ge song qing he zhu ye su jiang sheng tian shang rong yao gui yu zhen shen xi xin yu shi ren qing xiang wo shu shuo zhu ye su shen yin mei ju zai wo xin dui wo shu zhu bao gui gu shi zui qi miao tian mei jia yin shu zhu kuang ye zhi zhong jin shi yi sheng chuan dao shi en lian shu zhu ceng shou e mo shi tan jian ren bu yi zhong de sheng shu shuo chang nian ru he lao ku ru he du kun you shang shuo dao zhu ai wei wo she shen wo bu jin liu lei gan en qing xiang wo shu shuo zhu ye su shen yin mei ju zai wo xin dui wo shu zhu bao gui gu shi zui qi miao tian mei jia yin shu shuo jiu zhu bei ding shi jia ru he shou ku dan zui guo shu shuo jiu zhu zang zai fen mu san ri hou fu huo shu shuo gu shi zhong de da ci en yuan wo geng jia ming bai shuo dao zhu ai wei wo she shen wo bu jin liu lei gan en qing xiang wo shu shuo zhu ye su shen yin mei ju zai wo xin dui wo shu zhu bao gui gu shi zui qi miao tian mei jia yin
ZMS-095,Hymn,为我受伤,"为我受伤，为我受伤；在十字架耶稣为我受伤；罪孽赦免我今得着释放，都因救主耶稣为我受伤。
为我受死，为我受死；在十字架耶稣为我受死；因祂受死我得救赎福气，都因救主耶稣为我受死。
为我复活，为我复活；由坟墓里主已为我复活；死亡毒钩今后不能害我，都因救主耶稣为我复活。
为我再来，为我再来；必有一天主要为我再来；见主爱脸何等喜乐畅快，满心赞美主祂为我再来。",wei wo shou shang wei wo shou shang zai shi zi jia ye su wei wo shou shang zui nie she mian wo jin de zhe shi fang dou yin jiu zhu ye su wei wo shou shang wei wo shou si wei wo shou si zai shi zi jia ye su wei wo shou si yin ta shou si wo de jiu shu fu qi dou yin jiu zhu ye su wei wo shou si wei wo fu huo wei wo fu huo you fen mu li zhu yi wei wo fu huo si wang du gou jin hou bu neng hai wo dou yin jiu zhu ye su wei wo fu huo wei wo zai lai wei wo zai lai bi you yi tian zhu yao wei wo zai lai jian zhu ai lian he deng xi le chang kuai man xin zan mei zhu ta wei wo zai lai
ZMS-091,Hymn,永久磐石为我开,"永久磐石为我开，容我藏身在你怀，
愿你所流血与水，解决我的众罪孽；
赎我免去罪永刑，救我脱离罪权能。

纵我双手不能休，不能满足你要求；
纵我热心能持久，纵我眼泪永远流，
仍不足以赎愆尤，必须你施拯救。

当我此生年日逝，当我临终闭目时，
当我进入永世时，当我到你宝座前，
永久磐石为我开，让我藏身在你怀。",yong jiu pan shi wei wo kai rong wo cang shen zai ni huai yuan ni suo liu xie yu shui jie jue wo de zhong zui nie shu wo mian qu zui yong xing jiu wo tuo li zui quan neng zong wo shuang shou bu neng xiu bu neng man zu ni yao qiu zong wo re xin neng chi jiu zong wo yan lei yong yuan liu reng bu zu yi shu qian you bi xu ni shi zheng jiu dang wo ci sheng nian ri shi dang wo lin zhong bi mu shi dang wo jin ru yong shi shi dang wo dao ni bao zuo qian yong jiu pan shi wei wo kai rang wo cang shen zai ni huai
ZMS-092,Hymn,受难歌,"至圣之主受重创，
希世痛苦难当，
遍压荆冠皆耻辱，
讥评，嫌怨，忧伤，
仰瞻慈容何惨淡？
想见满怀凄怆！
此刻愁云掩圣范，
当年基督辉光。

我主你受尽苦楚，
罪人得蒙恩典，
你受创痛至死亡，
是因我的罪愆；
思念苦刑我当受，
俯伏我主脚边；
恳求继续赐恩典，
愿常瞻仰圣颜。

我用何词作谢颂，
如斯恩谊丰隆，
成仁临难之悲哀，
无量慈怜恩宠，
恳求收我为弟子，
忠爱永不变更！
千万千万莫容我
离开主爱偷生。",zhi sheng zhi zhu shou zhong chuang xi shi tong ku nan dang bian ya jing guan jie chi ru ji ping xian yuan you shang yang zhan ci rong he can dan xiang jian man huai qi chuang ci ke chou yun yan sheng fan dang nian ji du hui guang wo zhu ni shou jin ku chu zui ren de meng en dian ni shou chuang tong zhi si wang shi yin wo de zui qian si nian ku xing wo dang shou fu fu wo zhu jiao bian ken qiu ji xu ci en dian yuan chang zhan yang sheng yan wo yong he ci zuo xie song ru si en yi feng long cheng ren lin nan zhi bei ai wu liang ci lian en chong ken qiu shou wo wei di zi zhong ai yong bu bian geng qian wan qian wan mo rong wo li kai zhu ai tou sheng
ZMS-094,Hymn,痛哉主血倾流,"痛哉！我主身流宝血，为何忍受死亡？
为何甘为卑微的我，遍历痛苦忧伤？

救主忍痛十架之上，果真为我罪愆？
大哉慈悲！奇哉恩阔！广哉主爱无边！

当主基督，造物之主，愿为罪人受难，
红日自向黑暗稍藏，掩蔽光辉灿烂。

纵使流泪，痛伤心怀，难偿爱心之债！
我惟向主奉献身心，稍报深恩为快。",tong zai wo zhu shen liu bao xue wei he ren shou si wang wei he gan wei bei wei de wo bian li tong ku you shang jiu zhu ren tong shi jia zhi shang guo zhen wei wo zui qian da zai ci bei qi zai en kuo guang zai zhu ai wu bian dang zhu ji du zao wu zhi zhu yuan wei zui ren shou nan hong ri zi xiang hei an shao cang yan bi guang hui can lan zong shi liu lei tong shang xin huai nan chang ai xin zhi zhai wo wei xiang zhu feng xian shen xin shao bao shen en wei kuai
ZMS-099,Hymn,奇妙十架,"每逢思想奇妙十架，荣耀之主在上悬挂，
万般尊贵顿看有损，从前所夸今觉鄙下。
求主禁我别有所夸，但夸我主代赎十架，
从前所爱虚荣假乐，今因主血甘尽丢下。
试看其头其足其手，慈爱忧愁和血并流，
从来爱忧如此相遇，荆棘反成荣耀冕旒。
宇宙万物若归我管，奉献仍难偿主恩眷，
主爱如此奇妙深厚，图报必将身心全献。",mei feng si xiang qi miao shi jia rong yao zhi zhu zai shang xuan gua wan ban zun gui dun kan you sun cong qian suo kua jin jue bi xia qiu zhu jin wo bie you suo kua dan kua wo zhu dai shu shi jia cong qian suo ai xu rong jia le jin yin zhu xue gan jin diu xia shi kan qi tou qi zu qi shou ci ai you chou he xue bing liu cong lai ai you ru ci xiang yu jing ji fan cheng rong yao mian liu yu zhou wan wu ruo gui wo guan feng xian reng nan chang zhu en juan zhu ai ru ci qi miao shen hou tu bao bi jiang shen xin quan xian
ZMS-106,Hymn,你要怎样对耶稣,"主耶稣在彼拉多院里，被出卖，众朋友都远离；
听啊，有声音不时问你；你要怎样对耶稣？
主今天仍然被人所控，你可以随时都不顺从；
或全心信靠不论吉凶；你要怎样对耶稣？
主啊我今日全心归祢，快跟随我主耶稣到底；
全心意服从不论顺逆；你要怎样对耶稣？
你要怎样对耶稣？不能中立两可；
有一天你心会自问：祂将怎样对我？",zhu ye su zai bi la duo yuan li bei chu mai zhong peng you dou yuan li ting a you sheng yin bu shi wen ni ni yao zen yang dui ye su zhu jin tian reng ran bei ren suo kong ni ke yi sui shi dou bu shun cong huo quan xin xin kao bu lun ji xiong ni yao zen yang dui ye su zhu a wo jin ri quan xin gui mi kuai gen sui wo zhu ye su dao di quan xin yi fu cong bu lun shun ni ni yao zen yang dui ye su ni yao zen yang dui ye su bu neng zhong li liang ke you yi tian ni xin hui zi wen ta jiang zen yang dui wo
ZMS-096,Hymn,同来加冕生命之王,"同来加冕生命之王，荣耀都归给祢；
恐我忘记主荆棘冕，领我到加略山。

求主示我埋祢坟墓，祢为我尝死味；
愿我像天使穿白衣，看守主在坟墓。

我真甘心我真情愿，背十字架跟主；
愿我尝主苦杯滋味，祢曾忍受为我苦。

使我莫忘客西马尼，使我莫忘主之痛苦，
使我莫忘主爱为我，领我到加略山。",tong lai jia mian sheng ming zhi wang rong yao dou gui gei mi kong wo wang ji zhu jing ji mian ling wo dao jia lve shan qiu zhu shi wo mai mi fen mu mi wei wo chang si wei yuan wo xiang tian shi chuan bai yi kan shou zhu zai fen mu wo zhen gan xin wo zhen qing yuan bei shi zi jia gen zhu yuan wo chang zhu ku bei zi wei mi ceng ren shou wei wo ku shi wo mo wang ke xi ma ni shi wo mo wang zhu zhi tong ku shi wo mo wang zhu ai wei wo ling wo dao jia lve shan
ZMS-098,Hymn,奇妙十架,"每逢思念奇妙十架，荣耀之主在上悬挂；从前所乐、富贵荣华，我看其损，若物虚空。
求主禁我别有所夸，但夸基督代赎十架；从前所爱，今甘牺牲，愿将荣耀全归主。
看其头、其脚和手，慈爱忧情和血并流；试问爱忧何处相遇，荆棘编成如此冕旒。
宇宙万物若归我手，奉献仍难偿主恩；如此奇爱我不配受，愿将身心全献主。",mei feng si nian qi miao shi jia rong yao zhi zhu zai shang xuan gua cong qian suo le fu gui rong hua wo kan qi sun ruo wu xu kong qiu zhu jin wo bie you suo kua dan kua ji du dai shu shi jia cong qian suo ai jin gan xi sheng yuan jiang rong yao quan gui zhu kan qi tou qi jiao he shou ci ai you qing he xue bing liu shi wen ai you he chu xiang yu jing ji bian cheng ru ci mian liu yu zhou wan wu ruo gui wo shou feng xian reng nan chang zhu en ru ci qi ai wo bu pei shou yuan jiang shen xin quan xian zhu
ZMS-100,Hymn,在各各他山上,"在各各他山上，孤立十字架，备受痛苦羞辱记号；
圣子耶稣，为世间至爱，甘愿为我舍命。

在世人眼光中，十字架是羞辱，仍然吸引我心中；
神的羔羊，离开天上荣华，降临为我受苦。

各各他十字架，满有圣血迹，宝贵无比神爱功绩；
耶稣在此，为我受苦死，赦我罪并使成圣。

故我爱慕十字架，不理世人如何讥诮；
主日临迎接我，同升天，永享荣耀无疆。

故我高声赞颂十架，直到在主台前见主面；
我一生要背负十架，将来可换公义冕冠。",zai ge ge ta shan shang gu li shi zi jia bei shou tong ku xiu ru ji hao sheng zi ye su wei shi jian zhi ai gan yuan wei wo she ming zai shi ren yan guang zhong shi zi jia shi xiu ru reng ran xi yin wo xin zhong shen de gao yang li kai tian shang rong hua jiang lin wei wo shou ku ge ge ta shi zi jia man you sheng xue ji bao gui wu bi shen ai gong ji ye su zai ci wei wo shou ku si she wo zui bing shi cheng sheng gu wo ai mu shi zi jia bu li shi ren ru he ji qiao zhu ri lin ying jie wo tong sheng tian yong xiang rong yao wu jiang gu wo gao sheng zan song shi jia zhi dao zai zhu tai qian jian zhu mian wo yi sheng yao bei fu shi jia jiang lai ke huan gong yi mian guan
ZMS-101,Hymn,我主可曾流血 / 在年代久百物毁灭,"我主，我救主，可曾流血？因我罪受加害？
祂肯舍命，救我罪身，为我钉十架？
在十字架，在十字架，我先看见亮光，
从我心重担全脱落；
因信我得蒙主恩光，
从此我心欢乐。

在年代久，百物毁灭，十架巍然多荣耀；
世人颂念，圣经事迹，细述光辉照四方。
人生安危，荣辱多变，常得主爱抚慰；
忧愁痛苦，因架成圣，带来安乐常相随。
道路崎岖，平安围绕，爱光照耀我途程；
圣架荣光，给我力量，胜过忧愁与恐惊。
荣华痛苦，因架成圣，福乐由此赐下；
苦乐皆因十架蒙恩，永勿衰残常坚强。",wo zhu wo jiu zhu ke zeng liu xie yin wo zui shou jia hai ta ken she ming jiu wo zui shen wei wo ding shi jia zai shi zi jia zai shi zi jia wo xian kan jian liang guang cong wo xin zhong dan quan tuo luo yin xin wo de meng zhu en guang cong ci wo xin huan le zai nian dai jiu bai wu hui mie shi jia wei ran duo rong yao shi ren song nian sheng jing shi ji xi shu guang hui zhao si fang ren sheng an wei rong ru duo bian chang de zhu ai fu wei you chou tong ku yin jia cheng sheng dai lai an le chang xiang sui dao lu qi qu ping an wei rao ai guang zhao yao wo tu cheng sheng jia rong guang gei wo li liang sheng guo you chou yu kong jing rong hua tong ku yin jia cheng sheng fu le you ci ci xia ku le jie yin shi jia meng en yong wu shuai can chang jian qiang
ZMS-117,Hymn,神爱世人,"神爱世上的人，赐下祂独生子，钉死在十架上，使我得着释放。
一日主必再来，那时何等荣耀。奇妙主这样爱我。",shen ai shi shang de ren ci xia ta du sheng zi ding si zai shi jia shang shi wo de zhe shi fang yi ri zhu bi zai lai na shi he deng rong yao qi miao zhu zhe yang ai wo
ZMS-108,Hymn,今日基督已复活,"基督耶稣已复活，哈利路亚！
天使世人齐欢唱，哈利路亚！
快乐凯歌高声唱，哈利路亚！
诸天，大地同声唱，哈利路亚！

荣耀之王墓已空，哈利路亚！
死的毒钩在哪里？哈利路亚！
主献身救众罪人，哈利路亚！
死亡权势今何存？哈利路亚！

救赎大功已完成，哈利路亚！
战争完毕，全得胜，哈利路亚！
死亡岂能留住主，哈利路亚！
基督开了乐园门，哈利路亚！

有主带领我跟随，哈利路亚！
跟从元首成主军，哈利路亚！
新造人像主一样，哈利路亚！
同复活同升天上，哈利路亚！",ji du ye su yi fu huo ha li lu ya tian shi shi ren qi huan chang ha li lu ya kuai le kai ge gao sheng chang ha li lu ya zhu tian da di tong sheng chang ha li lu ya rong yao zhi wang mu yi kong ha li lu ya si de du gou zai na li ha li lu ya zhu xian shen jiu zhong zui ren ha li lu ya si wang quan shi jin he cun ha li lu ya jiu shu da gong yi wan cheng ha li lu ya zhan zheng wan bi quan de sheng ha li lu ya si wang qi neng liu zhu zhu ha li lu ya ji du kai le le yuan men ha li lu ya you zhu dai ling wo gen sui ha li lu ya gen cong yuan shou cheng zhu jun ha li lu ya xin zao ren xiang zhu yi yang ha li lu ya tong fu huo tong sheng tian shang ha li lu ya
ZMS-109,Hymn,我知救赎主活着,"我知道救赎主永活着，祂必再来掌管万有；
也知祂将永生赐给我，恩典、权柄皆操祂手。

我知祂应许永不落空，祂的话永在，永不废去；
虽残死向我进攻，我必亲眼见祂面。

我知祂为我预备美地，我将住在祂的居所；
啊！何等福气，祂眷顾我，祂必再来接我。

我深知，我深知，我救主活着，祂必再来；
我深知道祂赐我永生，恩典、权柄皆操祂手。",wo zhi dao jiu shu zhu yong huo zhe ta bi zai lai zhang guan wan you ye zhi ta jiang yong sheng ci gei wo en dian quan bing jie cao ta shou wo zhi ta ying xu yong bu luo kong ta de hua yong zai yong bu fei qu sui can si xiang wo jin gong wo bi qin yan jian ta mian wo zhi ta wei wo yu bei mei di wo jiang zhu zai ta de ju suo a he deng fu qi ta juan gu wo ta bi zai lai jie wo wo shen zhi wo shen zhi wo jiu zhu huo zhe ta bi zai lai wo shen zhi dao ta ci wo yong sheng en dian quan bing jie cao ta shou
ZMS-126,Hymn,愿主向我吹气,"愿主向我吹气，使我充满爱心，使我能爱我主所爱，行主所要我行。
愿主向我吹气，直到我心清洁，使我志愿与主合一，完全顺服主旨。
愿主向我吹气，使我完全成圣，使我身心如主圣洁，永远与主同在。
愿主向我吹气，赐我永远生命，使我永远与主同在，永远与主同行。",yuan zhu xiang wo chui qi shi wo chong man ai xin shi wo neng ai wo zhu suo ai xing zhu suo yao wo xing yuan zhu xiang wo chui qi zhi dao wo xin qing jie shi wo zhi yuan yu zhu he yi wan quan shun fu zhu zhi yuan zhu xiang wo chui qi shi wo wan quan cheng sheng shi wo shen xin ru zhu sheng jie yong yuan yu zhu tong zai yuan zhu xiang wo chui qi ci wo yong yuan sheng ming shi wo yong yuan yu zhu tong zai yong yuan yu zhu tong hang
ZMS-125,Hymn,愿开我眼,"愿开我眼，使我能见，主所赐我真理亮光；
求将钥匙，在手里能开，所有疑问得全了解；
现在安静，我等候主，上帝旨意，得以领悟。
求开我眼，去我障物，上帝圣灵。

愿开我耳，使我能听，主所赐我真理声音；
天上言语，进入我心里，一切疑惑顿时停息；
现在安静，我等候主，上帝旨意，得以领悟。
求开我耳，去我障物，上帝圣灵。

愿开我口，使我能说，主所赐我真理恩言；
求启我心，使我得能力，把爱分给天父子民；
现在安静，我等候主，上帝旨意，得以领悟。
求开我口，去我障物，上帝圣灵。",yuan kai wo yan shi wo neng jian zhu suo ci wo zhen li liang guang qiu jiang yao shi zai shou li neng kai suo you yi wen de quan liao jie xian zai an jing wo deng hou zhu shang di zhi yi de yi ling wu qiu kai wo yan qu wo zhang wu shang di sheng ling yuan kai wo er shi wo neng ting zhu suo ci wo zhen li sheng yin tian shang yan yu jin ru wo xin li yi qie yi huo dun shi ting xi xian zai an jing wo deng hou zhu shang di zhi yi de yi ling wu qiu kai wo er qu wo zhang wu shang di sheng ling yuan kai wo kou shi wo neng shuo zhu suo ci wo zhen li en yan qiu qi wo xin shi wo de neng li ba ai fen gei tian fu zi min xian zai an jing wo deng hou zhu shang di zhi yi de yi ling wu qiu kai wo kou qu wo zhang wu shang di sheng ling
ZMS-110,Hymn,主活着,"我奉一位复活主，祂今在世活着；
我知道祂确活着，不管人怎么说；
我见祂手施怜悯，我闻祂安慰声；
每次当我需求祂，祂总必答应。

在我所处环境中，主爱常在我旁；
虽然有时心烦恼，但我决不失望；
我知救主引领我，冲破狂风怒潮；
一日我主必再来，大显荣耀。

欢欣圣徒当欢欣，大家高声赞扬；
不息的哈利路亚，归于基督我王；
祂是寻者的盼望，求者的帮助；
无人有祂的爱，仁慈良善。

主活着，主活着，基督耶稣今仍然活着！
祂与我谈，祂伴我走，生命窄路同过；
我要传扬救恩临到万邦；
你问我怎知主活着？因主活在我心。",wo feng yi wei fu huo zhu ta jin zai shi huo zhe wo zhi dao ta que huo zhe bu guan ren zen me shuo wo jian ta shou shi lian min wo wen ta an wei sheng mei ci dang wo xu qiu ta ta zong bi da ying zai wo suo chu huan jing zhong zhu ai chang zai wo pang sui ran you shi xin fan nao dan wo jue bu shi wang wo zhi jiu zhu yin ling wo chong po kuang feng nu chao yi ri wo zhu bi zai lai da xian rong yao huan xin sheng tu dang huan xin da jia gao sheng zan yang bu xi de ha li lu ya gui yu ji du wo wang ta shi xun zhe de pan wang qiu zhe de bang zhu wu ren you ta de ai ren ci liang shan zhu huo zhe zhu huo zhe ji du ye su jin reng ran huo zhe ta yu wo tan ta ban wo zou sheng ming zhai lu tong guo wo yao chuan yang jiu en lin dao wan bang ni wen wo zen zhi zhu huo zhe yin zhu huo zai wo xin
ZMS-134,Hymn,求主擘生命饼,"求主擘生命饼，供我灵需，正如当年擘饼在加利利；我愿看主圣经，见主圣颜，寸心迫切思慕生命之言。
求主将真理道，感化我心，正如在加利利当年所行；从兹锁链脱身，束缚我尽脱，真理使我自由安乐，我永爱你。
求主赐我圣灵，在我心中，照我心灵眼睛使我能看；求主启示你的真理，使我明白，更使我由圣经得见你。",qiu zhu bai sheng ming bing gong wo ling xu zheng ru dang nian bai bing zai jia li li wo yuan kan zhu sheng jing jian zhu sheng yan cun xin po qie si mu sheng ming zhi yan qiu zhu jiang zhen li dao gan hua wo xin zheng ru zai jia li li dang nian suo xing cong zi suo lian tuo shen shu fu wo jin tuo zhen li shi wo zi you an le wo yong ai ni qiu zhu ci wo sheng ling zai wo xin zhong zhao wo xin ling yan jing shi wo neng kan qiu zhu qi shi ni de zhen li shi wo ming bai geng shi wo you sheng jing de jian ni
ZMS-123,Hymn,真理圣灵在我心中,"真理圣灵在我心中，自由运行作善工；
发出亮光，照耀启示，使我识主并自己。
将我器皿完全倒空，污秽渣滓除净；
用主言语使我成圣，赐我喜乐中得胜。
有如渴鹿爱慕溪水，我惟渴慕仰赖主圣灵；
活水泉源愿灵开启，使干渴心灵得满足。
不是倚靠势力才能，惟独仰赖主圣灵；
心中自己求主除去，完全为主所使用。
充满我！充满我！求主今来充满我！
荣耀圣灵今充满我，求主现今充满我！",zhen li sheng ling zai wo xin zhong zi you yun xing zuo shan gong fa chu liang guang zhao yao qi shi shi wo shi zhu bing zi ji jiang wo qi min wan quan dao kong wu hui zha zi chu jing yong zhu yan yu shi wo cheng sheng ci wo xi le zhong de sheng you ru ke lu ai mu xi shui wo wei ke mu yang lai zhu sheng ling huo shui quan yuan yuan ling kai qi shi gan ke xin ling de man zu bu shi yi kao shi li cai neng wei du yang lai zhu sheng ling xin zhong zi ji qiu zhu chu qu wan quan wei zhu suo shi yong chong man wo chong man wo qiu zhu jin lai chong man wo rong yao sheng ling jin chong man wo qiu zhu xian jin chong man wo
ZMS-127,Hymn,求主察看,"恳求救主，鉴察知我心念，求主今试验，私意尽洞见；若在我心隐藏罪恶念头，求主为我清除，使我自由。
赞美我主，因将我罪洗清，愿主的真道使我心洁净；求主以火焚尽往羞耻，满足我心愿望，荣耀主名。
恳求我主，使我完全归祢，贫穷的心使充满祢爱热情；求主管理我意志、私情狂妄，我今奉献所有，惟尊主为王。
恳求圣灵，赐下广大复兴，先复兴我，使我充满祢火热情；祢言应许供应一切需要，求主现在赐福，是我恳祷。",ken qiu jiu zhu jian cha zhi wo xin nian qiu zhu jin shi yan si yi jin dong jian ruo zai wo xin yin cang zui e nian tou qiu zhu wei wo qing chu shi wo zi you zan mei wo zhu yin jiang wo zui xi qing yuan zhu de zhen dao shi wo xin jie jing qiu zhu yi huo fen jin wang xiu chi man zu wo xin yuan wang rong yao zhu ming ken qiu wo zhu shi wo wan quan gui mi pin qiong de xin shi chong man mi ai re qing qiu zhu guan li wo yi zhi si qing kuang wang wo jin feng xian suo you wei zun zhu wei wang ken qiu sheng ling ci xia guang da fu xing xian fu xing wo shi wo chong man mi huo re qing mi yan ying xu gong ying yi qie xu yao qiu zhu xian zai ci fu shi wo ken dao
ZMS-140,Hymn,奇异恩典,"奇异恩典，何等甘甜，我罪已得赦免；
前我失丧，今被寻回，瞎眼今得看见。
如此恩典，使我敬畏，使我心得安慰；
初信之时，即蒙恩惠，真是何等宝贵！
许多危险，试炼网罗，我已安然经过；
靠主恩典，安全不怕，更引导我归家。
将来禧年，圣徒欢聚，恩光爱谊千年；
喜乐颂赞，在父座前，深望那日快现。",qi yi en dian he deng gan tian wo zui yi de she mian qian wo shi sang jin bei xun hui xia yan jin de kan jian ru ci en dian shi wo jing wei shi wo xin de an wei chu xin zhi shi ji meng en hui zhen shi he deng bao gui xu duo wei xian shi lian wang luo wo yi an ran jing guo kao zhu en dian an quan bu pa geng yin dao wo gui jia jiang lai xi nian sheng tu huan ju en guang ai yi qian nian xi le song zan zai fu zuo qian shen wang na ri kuai xian
ZMS-135,Hymn,坚立在应许上,"坚立在我主基督的应许上，万古千秋永将主圣名颂扬；荣耀归至高真神，我当歌唱；坚立在我主的应许上。

坚立在我主不变的应许上，当疑虑忧惊的风浪肆凶狂；藉神生命言语我立坚强，坚立在我主的应许上。

坚立在我主宝贵的应许上，永远系在主的爱索不动摇；藉圣灵宝剑我打胜仗，坚立在我主的应许上。

坚立在我主应许不至跌倒，时刻注意倾听圣灵训导；靠着救主是我一切定可靠，坚立在我主的应许上。

坚立，坚立，坚立在我主基督宝贵应许上；信靠，信靠，坚立在我主宝贵应许上。",jian li zai wo zhu ji du de ying xu shang wan gu qian qiu yong jiang zhu sheng ming song yang rong yao gui zhi gao zhen shen wo dang ge chang jian li zai wo zhu de ying xu shang jian li zai wo zhu bu bian de ying xu shang dang yi lv you jing de feng lang si xiong kuang ji shen sheng ming yan yu wo li jian qiang jian li zai wo zhu de ying xu shang jian li zai wo zhu bao gui de ying xu shang yong yuan xi zai zhu de ai suo bu dong yao ji sheng ling bao jian wo da sheng zhang jian li zai wo zhu de ying xu shang jian li zai wo zhu ying xu bu zhi die dao shi ke zhu yi qing ting sheng ling xun dao kao zhe jiu zhu shi wo yi qie ding ke kao jian li zai wo zhu de ying xu shang jian li jian li jian li zai wo zhu ji du bao gui ying xu shang xin kao xin kao jian li zai wo zhu bao gui ying xu shang
ZMS-138,Hymn,主言美妙,"主言正像美妙花园，奇花异草妍丽；寻求的人尽可前来，芬芳任采任携。
主言正像天上繁星，放射灿烂光芒；照耀指引世途旅客，前程带步进辉煌。
主言正像大军武库，壮士藉此复兴；各样武器尽可储备，前去战胜敌兵。
主言正像深藏珍矿，实难测量广深；内藏无量稀世奇宝，供人开探探寻。
主言正像荣耀歌队，扬起美妙圣歌；虽有音调奇多部分，万口同声应和。
愿我爱慕宝贵经言，探索真理宝藏；愿采园中奇花芬芳，愿沐主言亮光。",zhu yan zheng xiang mei miao hua yuan qi hua yi cao yan li xun qiu de ren jin ke qian lai fen fang ren cai ren xie zhu yan zheng xiang tian shang fan xing fang she can lan guang mang zhao yao zhi yin shi tu lv ke qian cheng dai bu jin hui huang zhu yan zheng xiang da jun wu ku zhuang shi ji ci fu xing ge yang wu qi jin ke chu bei qian qu zhan sheng di bing zhu yan zheng xiang shen cang zhen kuang shi nan ce liang guang shen nei cang wu liang xi shi qi bao gong ren kai tan tan xun zhu yan zheng xiang rong yao ge dui yang qi mei miao sheng ge sui you yin diao qi duo bu fen wan kou tong sheng ying he yuan wo ai mu bao gui jing yan tan suo zhen li bao zang yuan cai yuan zhong qi hua fen fang yuan mu zhu yan liang guang
ZMS-145,Hymn,我听救主说道,"我听救主说道：“你的力量微小，”我要儆醒祈祷，因主为我中保。
我今确实知道，惟主赦罪权能，可使麻风洁净，融化心中顽石。
我无嘉言善行，藉此可得救恩，惟主所流宝血，能洗一切罪痕。
将来身体得赎，荣耀站主面前，我口仍要歌唱，主赐救恩完全。
主替我舍身，罪债全还清，无数罪孽污秽心，主洗比雪更白。",wo ting jiu zhu shuo dao ni de li liang wei xiao wo yao jing xing qi dao yin zhu wei wo zhong bao wo jin que shi zhi dao wei zhu she zui quan neng ke shi ma feng jie jing rong hua xin zhong wan shi wo wu jia yan shan xing ji ci ke de jiu en wei zhu suo liu bao xue neng xi yi qie zui hen jiang lai shen ti de shu rong yao zhan zhu mian qian wo kou reng yao ge chang zhu ci jiu en wan quan zhu ti wo she shen zui zhai quan huan qing wu shu zui nie wu hui xin zhu xi bi xue geng bai
ZMS-139,Hymn,生命之道极奇,"请再为我歌唱传诵，奇妙生命之道；
使我见祂美丽荣光，奇妙生命之道。
美哉生命之道，教我忠诚信靠；

基督耶稣将福音给世人，奇妙生命之道；
呼召罪人安享救恩，奇妙生命之道。
美哉生命之道，教我忠诚信靠；

快将福音传救罪人，奇妙生命之道；
主赐罪人赦免平安，奇妙生命之道。
美哉生命之道，教我忠诚信靠；

美哉主道，奇哉主道，生命之道奇妙；
美哉主道，奇哉主道，生命之道奇妙。",qing zai wei wo ge chang chuan song qi miao sheng ming zhi dao shi wo jian ta mei li rong guang qi miao sheng ming zhi dao mei zai sheng ming zhi dao jiao wo zhong cheng xin kao ji du ye su jiang fu yin gei shi ren qi miao sheng ming zhi dao hu zhao zui ren an xiang jiu en qi miao sheng ming zhi dao mei zai sheng ming zhi dao jiao wo zhong cheng xin kao kuai jiang fu yin chuan jiu zui ren qi miao sheng ming zhi dao zhu ci zui ren she mian ping an qi miao sheng ming zhi dao mei zai sheng ming zhi dao jiao wo zhong cheng xin kao mei zai zhu dao qi zai zhu dao sheng ming zhi dao qi miao mei zai zhu dao qi zai zhu dao sheng ming zhi dao qi miao
ZMS-141,Hymn,耶稣奇妙的救恩,"耶稣奇妙的救恩，远超过我众过犯；
我口舌不能述说，歌喉不能唱尽；
除我罪担，使我灵魂得自由；
耶稣奇妙的救恩临及我。

耶稣奇妙的救恩，临及失丧的人；
借救主大能的救助，使我顺服归神；
解脱捆绑，使我得着释放；
耶稣奇妙的救恩临及我。

耶稣奇妙的救恩，施及软弱的人；
主能使我成圣洁，使我得着永生；
赐我平安满足，使我得享天福；
耶稣奇妙的救恩临及我。

耶稣奇妙无比的救恩，深过波涛滚滚海洋；
高过最高山，阔过最深渊，够我需用也够万人；
宽过我一生所行的过犯，大过我一切罪污邪情；
我要称扬主圣名，我要颂赞主圣名。",ye su qi miao de jiu en yuan chao guo wo zhong guo fan wo kou she bu neng shu shuo ge hou bu neng chang jin chu wo zui dan shi wo ling hun de zi you ye su qi miao de jiu en lin ji wo ye su qi miao de jiu en lin ji shi sang de ren jie jiu zhu da neng de jiu zhu shi wo shun fu gui shen jie tuo kun bang shi wo de zhe shi fang ye su qi miao de jiu en lin ji wo ye su qi miao de jiu en shi ji ruan ruo de ren zhu neng shi wo cheng sheng jie shi wo de zhe yong sheng ci wo ping an man zu shi wo de xiang tian fu ye su qi miao de jiu en lin ji wo ye su qi miao wu bi de jiu en shen guo bo tao gun gun hai yang gao guo zui gao shan kuo guo zui shen yuan gou wo xu yong ye gou wan ren kuan guo wo yi sheng suo xing de guo fan da guo wo yi qie zui wu xie qing wo yao cheng yang zhu sheng ming wo yao song zan zhu sheng ming
ZMS-146,Hymn,我知所信是谁,"不知何以上主恩惠，待我如此深厚，
不堪如我，亦蒙选召，主恩何等奇妙。

不知何以因信得救，恩门向我已开，
不知为何，因一信主话，平安便满心怀。

不知如何圣灵感动，使人知罪恶，
由于圣经将主显明，引人必信靠主。

不知明日将遇何事，前途或顺或逆，
但知圣主慈爱，永不更改，主必眷顾到底。

惟我深知所信的是谁，并且也深信他能够
保守我一切所交付他的，都全备直到那日。",bu zhi he yi shang zhu en hui dai wo ru ci shen hou bu kan ru wo yi meng xuan zhao zhu en he deng qi miao bu zhi he yi yin xin de jiu en men xiang wo yi kai bu zhi wei he yin yi xin zhu hua ping an bian man xin huai bu zhi ru he sheng ling gan dong shi ren zhi zui e you yu sheng jing jiang zhu xian ming yin ren bi xin kao zhu bu zhi ming ri jiang yu he shi qian tu huo shun huo ni dan zhi sheng zhu ci ai yong bu geng gai zhu bi juan gu dao di wei wo shen zhi suo xin de shi shui bing qie ye shen xin ta neng gou bao shou wo yi qie suo jiao fu ta de dou quan bei zhi dao na ri
ZMS-176,Hymn,只有宝血,"何能使我脱罪担？只有主耶稣之宝血；
何能使我得平安？只有主耶稣之宝血。
何能使我出黑暗？只有主耶稣之宝血；
何能使我入光明？只有主耶稣之宝血。
何能使我得称义？只有主耶稣之宝血；
何能使我得成圣？只有主耶稣之宝血。
何能使我常得胜？只有主耶稣之宝血；
何能使我得荣耀？只有主耶稣之宝血。
主在十架流血，洗我罪恶清洁，
使我白超乎雪，全赖主耶稣之宝血。",he neng shi wo tuo zui dan zhi you zhu ye su zhi bao xue he neng shi wo de ping an zhi you zhu ye su zhi bao xue he neng shi wo chu hei an zhi you zhu ye su zhi bao xue he neng shi wo ru guang ming zhi you zhu ye su zhi bao xue he neng shi wo de cheng yi zhi you zhu ye su zhi bao xue he neng shi wo de cheng sheng zhi you zhu ye su zhi bao xue he neng shi wo chang de sheng zhi you zhu ye su zhi bao xue he neng shi wo de rong yao zhi you zhu ye su zhi bao xue zhu zai shi jia liu xie xi wo zui e qing jie shi wo bai chao hu xue quan lai zhu ye su zhi bao xue
ZMS-147,Hymn,当转眼仰望耶稣,"你心是否困倦且愁烦？
眼前一片黑暗朦胧？
只要仰望主就得光明，
生命变更自由丰盛。

主已从死亡进入永生，
我们当信靠随主不疑；
罪恶权势就不能再辖制，
因靠主必得胜有余。

救主的应许永不改变，
我们当信靠万事安稳；
快传扬祂完全救恩，
使凡信者不至沉沦。

当转眼仰望耶稣，
定睛在祂奇妙慈容，
在救主荣耀恩典大光中，
世上事必然显为虚空。",ni xin shi fou kun juan qie chou fan yan qian yi pian hei an meng long zhi yao yang wang zhu jiu de guang ming sheng ming bian geng zi you feng sheng zhu yi cong si wang jin ru yong sheng wo men dang xin kao sui zhu bu yi zui e quan shi jiu bu neng zai xia zhi yin kao zhu bi dei sheng you yu jiu zhu de ying xu yong bu gai bian wo men dang xin kao wan shi an wen kuai chuan yang ta wan quan jiu en shi fan xin zhe bu zhi chen lun dang zhuan yan yang wang ye su ding jing zai ta qi miao ci rong zai jiu zhu rong yao en dian da guang zhong shi shang shi bi ran xian wei xu kong
ZMS-181,Hymn,先贤之信万世永存,"先贤之信万世永存，火中不灭，刀下犹生；
我众思念先贤圣迹，心中亦觉踊跃奋兴。

先贤守信，虽进牢狱，不减快乐，自由精神；
后人若能因信舍身，从容就义，立地永生。

先贤守信，为爱牺牲，我愿兼爱仇敌友人；
专用温柔善良生活，梯山航海，广宣此信。

先贤之信，圣洁坚贞，我愿到死坚守此信。",xian xian zhi xin wan shi yong cun huo zhong bu mie dao xia you sheng wo zhong si nian xian xian sheng ji xin zhong yi jue yong yue fen xing xian xian shou xin sui jin lao yu bu jian kuai le zi you jing shen hou ren ruo neng yin xin she shen cong rong jiu yi li di yong sheng xian xian shou xin wei ai xi sheng wo yuan jian ai chou di you ren zhuan yong wen rou shan liang sheng huo ti shan hang hai guang xuan ci xin xian xian zhi xin sheng jie jian zhen wo yuan dao si jian shou ci xin
ZMS-173,Hymn,求主满我杯,"像那妇人在井旁，我在寻求，寻求不能满足的事，那时我听闻救主说道，我这里汲取不渴泉水。
这世界有千万人在寻求，地上事物所供给的享乐，无一能与奇妙宝贝相比，那宝贝我在主里已得着。
弟兄们，若你从这世界所得，仍然使你饥饿难受，我主会施恩使你得救，若你跪下向祂所求。
求主，充满我杯，我举起我的杯，求你解除我枯干心灵饥渴，求以天粮喂养我使得饱足；满我杯，使我得满足喜乐。",xiang na fu ren zai jing pang wo zai xun qiu xun qiu bu neng man zu de shi na shi wo ting wen jiu zhu shuo dao wo zhe li ji qu bu ke quan shui zhe shi jie you qian wan ren zai xun qiu di shang shi wu suo gong ji de xiang le wu yi neng yu qi miao bao bei xiang bi na bao bei wo zai zhu li yi de zhe di xiong men ruo ni cong zhe shi jie suo de reng ran shi ni ji e nan shou wo zhu hui shi en shi ni de jiu ruo ni gui xia xiang ta suo qiu qiu zhu chong man wo bei wo ju qi wo de bei qiu ni jie chu wo ku gan xin ling ji ke qiu yi tian liang wei yang wo shi de bao zu man wo bei shi wo de man zu xi le
ZMS-183,Hymn,快乐之日我今立志,"快乐之日我今立志，全心归属救主耶稣；今日心中实在高兴，我愿到处传主救恩。
救赎大恩今已完成，主是属我，我也属主；我惟靠主度此一生，全能耶稣救我到底。
藉着洗礼与主联合，与主同死亦同主活；一举一动新生样式，不随肉体只从圣灵。
主是爱我，为我舍命，我今奉献全心全身；前途所遇或顺或逆，主爱与我永不分离。
快乐日，快乐日，耶稣洗净我众罪孽；靠主宝血，洁白如雪，今日永远，不能忘记，快乐日，快乐日，耶稣洗净我众罪孽。",kuai le zhi ri wo jin li zhi quan xin gui shu jiu zhu ye su jin ri xin zhong shi zai gao xing wo yuan dao chu chuan zhu jiu en jiu shu da en jin yi wan cheng zhu shi shu wo wo ye shu zhu wo wei kao zhu du ci yi sheng quan neng ye su jiu wo dao di ji zhe xi li yu zhu lian he yu zhu tong si yi tong zhu huo yi ju yi dong xin sheng yang shi bu sui rou ti zhi cong sheng ling zhu shi ai wo wei wo she ming wo jin feng xian quan xin quan shen qian tu suo yu huo shun huo ni zhu ai yu wo yong bu fen li kuai le ri kuai le ri ye su xi jing wo zhong zui nie kao zhu bao xue jie bai ru xue jin ri yong yuan bu neng wang ji kuai le ri kuai le ri ye su xi jing wo zhong zui nie
ZMS-167,Hymn,恩典大过我罪,"慈爱主满有奇妙宏恩，超过我罪愆过犯；
远在犹太各各他山上，羔羊之血能洗净罪愆。
恩典，恩典，神恩典，能赦免我罪，洗净我内心；
恩典，恩典，神恩典，比我众罪更广大高深。
罪恶绝望如风浪凶险，威胁灵魂永远沉沦；
恩典更大，无限无量，指向十架大能救恩。
罪恶阴影无人能躲藏，有何方法能洗净；
请看宝血泉源流出，今日你可洁白如雪。
奇妙无限恩典白白赐给凡相信之人；
你若渴想见到祂面，此刻立即接受主救恩。",ci ai zhu man you qi miao hong en chao guo wo zui qian guo fan yuan zai you tai ge ge ta shan shang gao yang zhi xue neng xi jing zui qian en dian en dian shen en dian neng she mian wo zui xi jing wo nei xin en dian en dian shen en dian bi wo zhong zui geng guang da gao shen zui e jue wang ru feng lang xiong xian wei xie ling hun yong yuan chen lun en dian geng da wu xian wu liang zhi xiang shi jia da neng jiu en zui e yin ying wu ren neng duo cang you he fang fa neng xi jing qing kan bao xue quan yuan liu chu jin ri ni ke jie bai ru xue qi miao wu xian en dian bai bai ci gei fan xiang xin zhi ren ni ruo ke xiang jian dao ta mian ci ke li ji jie shou zhu jiu en
ZMS-196,Hymn,照我本相,"照我本相，无善足称，但因我主流血深恩，又因我主召我亲近，救主耶稣，我来，我来。
照我本相，污秽可憎，已欲洗净至今不能，惟主宝血，一洗便清，救主耶稣，我来，我来。
照我本相，飘荡不安，多少冲突多少疑难，我心内外，不断争战，救主耶稣，我来，我来。
照我本相，被魔捆拘，大受苦难为他之奴，主能释放，使我自由，救主耶稣，我来，我来。",zhao wo ben xiang wu shan zu cheng dan yin wo zhu liu xie shen en you yin wo zhu zhao wo qin jin jiu zhu ye su wo lai wo lai zhao wo ben xiang wu hui ke zeng yi yu xi jing zhi jin bu neng wei zhu bao xue yi xi bian qing jiu zhu ye su wo lai wo lai zhao wo ben xiang piao dang bu an duo shao chong tu duo shao yi nan wo xin nei wai bu duan zheng zhan jiu zhu ye su wo lai wo lai zhao wo ben xiang bei mo kun ju da shou ku nan wei ta zhi nu zhu neng shi fang shi wo zi you jiu zhu ye su wo lai wo lai
ZMS-178,Hymn,教会唯一的根基,"教会唯一的根基，是主耶稣基督；
从水与道又新造，作主圣洁新妇；
主从天上来寻她，舍命将她买赎；
一身一灵，一信一主，永远蒙祝福。

虽从万邦选出来，信徒却成一体；
同有救恩的凭据，一主一信一洗；
同尊唯一的圣名，同餐唯一灵粮；
同怀唯一的希望，同蒙恩爱久长。

虽经争战劳苦，热泪满了眼睛；
等候成就和平，她总忍耐等候；
直到荣耀的异象，照亮她眼睛；
教会得胜安息，直到永远光荣。

她在地却联合，真神三位一体；
已享安息众圣徒，奥秘甜蜜团契；
愿主赐恩给我们，同众圣徒相同；
温柔谦卑在天家，永远与你同住。",jiao hui wei yi de gen ji shi zhu ye su ji du cong shui yu dao you xin zao zuo zhu sheng jie xin fu zhu cong tian shang lai xun ta she ming jiang ta mai shu yi shen yi ling yi xin yi zhu yong yuan meng zhu fu sui cong wan bang xuan chu lai xin tu que cheng yi ti tong you jiu en de ping ju yi zhu yi xin yi xi tong zun wei yi de sheng ming tong can wei yi ling liang tong huai wei yi de xi wang tong meng en ai jiu chang sui jing zheng zhan lao ku re lei man le yan jing deng hou cheng jiu he ping ta zong ren nai deng hou zhi dao rong yao de yi xiang zhao liang ta yan jing jiao hui de sheng an xi zhi dao yong yuan guang rong ta zai di que lian he zhen shen san wei yi ti yi xiang an xi zhong sheng tu ao mi tian mi tuan qi yuan zhu ci en gei wo men tong zhong sheng tu xiang tong wen rou qian bei zai tian jia yong yuan yu ni tong zhu
ZMS-158,Hymn,今有一处流血之泉,"今有一处流血之泉，从耶稣身发源，
罪人只要在此一洗，能去全身罪愆。
能去全身罪愆，能去全身罪愆，
罪人只要在此一洗，能去全身罪愆。

盗贼临死切心求救，得见此泉欢喜，
我罪虽多永生无望，主能洗我完全。
主能洗我完全，主能洗我完全，
我罪虽多永生无望，主能洗我完全。

亲爱救主祢宝贝血，永不失其效能，
直到天父所赎教会，罪恶死亡全净。
罪恶死亡全净，罪恶死亡全净，
直到天父所赎教会，罪恶死亡全净。

自从一看主伤流血，成这赎罪泉源，
此生赎恩常要传扬，至死仍要传。
至死仍要传，至死仍要传，
自从一看主伤流血，至死仍要传。",jin you yi chu liu xie zhi quan cong ye su shen fa yuan zui ren zhi yao zai ci yi xi neng qu quan shen zui qian neng qu quan shen zui qian neng qu quan shen zui qian zui ren zhi yao zai ci yi xi neng qu quan shen zui qian dao zei lin si qie xin qiu jiu de jian ci quan huan xi wo zui sui duo yong sheng wu wang zhu neng xi wo wan quan zhu neng xi wo wan quan zhu neng xi wo wan quan wo zui sui duo yong sheng wu wang zhu neng xi wo wan quan qin ai jiu zhu mi bao bei xue yong bu shi qi xiao neng zhi dao tian fu suo shu jiao hui zui e si wang quan jing zui e si wang quan jing zui e si wang quan jing zhi dao tian fu suo shu jiao hui zui e si wang quan jing zi cong yi kan zhu shang liu xie cheng zhe shu zui quan yuan ci sheng shu en chang yao chuan yang zhi si reng yao chuan zhi si reng yao chuan zhi si reng yao chuan zi cong yi kan zhu shang liu xie zhi si reng yao chuan
ZMS-199,Hymn,我听主声欢迎,"我听主声欢迎，召我与主相亲，在主所流宝血里面；我心能得洗净。
虽我软弱卑污，救主赐我能力，将我污点完全洗净，丝毫不留痕迹。
耶稣招我向前，达到完全信望，完全仁爱平安，信靠，在世如在天堂。
主啊，我今来，我今来就主；求用宝血洁净我，洗净一切罪污。",wo ting zhu sheng huan ying zhao wo yu zhu xiang qin zai zhu suo liu bao xue li mian wo xin neng de xi jing sui wo ruan ruo bei wu jiu zhu ci wo neng li jiang wo wu dian wan quan xi jing si hao bu liu hen ji ye su zhao wo xiang qian da dao wan quan xin wang wan quan ren ai ping an xin kao zai shi ru zai tian tang zhu a wo jin lai wo jin lai jiu zhu qiu yong bao xue jie jing wo xi jing yi qie zui wu
ZMS-198,Hymn,耶稣我来,"脱离捆绑、忧愁与黑影，耶稣，我来！耶稣，我来！
进入自由，喜乐与光明，耶稣，我来就你！
脱离疾病，进入你完全；脱离贫乏，进入你富源，
脱离罪恶，进入主里面，耶稣，我来就你！

脱离失败、幻灭和羞耻，耶稣，我来！耶稣，我来！
进入十架荣耀的福祉，耶稣，我来就你！
脱离痛苦，进入你安宁；脱离风波，进入你平静；
脱离怨叹，进入你讴称，耶稣，我来就你！

脱离狂骄不平的血气，耶稣，我来！耶稣，我来！
进入完全有福的旨意，耶稣，我来就你！
脱离自己，住在你爱里；脱离绝望，进入永欣喜；
离地上腾，如鹰展双翼，耶稣，我来就你！

脱离幽冥阴府的可怕，耶稣，我来！耶稣，我来！
进入欢乐光明的父家，耶稣，我来就你！
脱离败坏、无底的深渊，进入护庇、安歇的羊圈，
永永远远，瞻仰你荣颜，耶稣，我来就你！",tuo li kun bang you chou yu hei ying ye su wo lai ye su wo lai jin ru zi you xi le yu guang ming ye su wo lai jiu ni tuo li ji bing jin ru ni wan quan tuo li pin fa jin ru ni fu yuan tuo li zui e jin ru zhu li mian ye su wo lai jiu ni tuo li shi bai huan mie he xiu chi ye su wo lai ye su wo lai jin ru shi jia rong yao de fu zhi ye su wo lai jiu ni tuo li tong ku jin ru ni an ning tuo li feng bo jin ru ni ping jing tuo li yuan tan jin ru ni ou cheng ye su wo lai jiu ni tuo li kuang jiao bu ping de xue qi ye su wo lai ye su wo lai jin ru wan quan you fu de zhi yi ye su wo lai jiu ni tuo li zi ji zhu zai ni ai li tuo li jue wang jin ru yong xin xi li di shang teng ru ying zhan shuang yi ye su wo lai jiu ni tuo li you ming yin fu de ke pa ye su wo lai ye su wo lai jin ru huan le guang ming de fu jia ye su wo lai jiu ni tuo li bai huai wu di de shen yuan jin ru hu bi an xie de yang juan yong yong yuan yuan zhan yang ni rong yan ye su wo lai jiu ni
ZMS-201,Hymn,你真肯吗恩主问道,"“你真肯吗？”恩主问道，与我同钉十字架？
人生如梦何不回答，愿此生在主手下。

“你真肯吗？”请你记得，同钉十字架盗，
向主举目求祂赦免，立时应许进乐园。

“你真肯吗？”众影遮蔽，好像立在乱草坟地，
只要相信终必胜利，身心灵交主手。

“你真肯吗？”仍然恩主，微声传进永生处，
勇敢回答快快跟随，好像当年加利利。

啊，我真肯，因我已属你，重新创造我像你性格；
你引导光芒透进我里外，与神更相像；满有忠诚慈爱。",ni zhen ken ma en zhu wen dao yu wo tong ding shi zi jia ren sheng ru meng he bu hui da yuan ci sheng zai zhu shou xia ni zhen ken ma qing ni ji de tong ding shi zi jia dao xiang zhu ju mu qiu ta she mian li shi ying xu jin le yuan ni zhen ken ma zhong ying zhe bi hao xiang li zai luan cao fen di zhi yao xiang xin zhong bi sheng li shen xin ling jiao zhu shou ni zhen ken ma reng ran en zhu wei sheng chuan jin yong sheng chu yong gan hui da kuai kuai gen sui hao xiang dang nian jia li li a wo zhen ken yin wo yi shu ni chong xin chuang zao wo xiang ni xing ge ni yin dao guang mang tou jin wo li wai yu shen geng xiang xiang man you zhong cheng ci ai
ZMS-182,Hymn,福哉系连妙结,"福哉系连妙结，在主爱中同心；
兄弟姊妹心灵团契，在地如同在天。

我们在父座前，同心虔诚祈祷；
同一艰难安乐关心，同一希望牵挂。

大家分担忧患，大家分担重担；
大家共洒同情之泪，同情更见深厚。

我们纵有分离，仍享主的同在；
天上人间藉主同心，大家盼望重逢。",fu zai xi lian miao jie zai zhu ai zhong tong xin xiong di zi mei xin ling tuan qi zai di ru tong zai tian wo men zai fu zuo qian tong xin qian cheng qi dao tong yi jian nan an le guan xin tong yi xi wang qian gua da jia fen dan you huan da jia fen dan zhong dan da jia gong sa tong qing zhi lei tong qing geng jian shen hou wo men zong you fen li reng xiang zhu de tong zai tian shang ren jian ji zhu tong xin da jia pan wang chong feng
ZMS-205,Hymn,有福的确据,"有福的确据，耶稣属我！何等的荣耀，向我显明！
被救主赎回，为神后嗣，从圣灵重生，主血洗净。

完全顺服主，满心欢喜；天堂的荣耀，显在我心；
仿佛有天使，由天降临，报明主慈爱，并述主怜悯。

完全献与主，万事安宁；荣耀的圣灵，充满我心；
时时仰望主，儆醒等候，不住的祈祷，并颂主恩。

这是我信息，或讲或唱，赞美我救主，心里欢畅；
常谈主慈爱，并颂主恩，赞美我救主，昼夜不分。",you fu di que ju ye su shu wo he deng de rong yao xiang wo xian ming bei jiu zhu shu hui wei shen hou si cong sheng ling chong sheng zhu xue xi jing wan quan shun fu zhu man xin huan xi tian tang de rong yao xian zai wo xin fang fu you tian shi you tian jiang lin bao ming zhu ci ai bing shu zhu lian min wan quan xian yu zhu wan shi an ning rong yao de sheng ling chong man wo xin shi shi yang wang zhu jing xing deng hou bu zhu de qi dao bing song zhu en zhe shi wo xin xi huo jiang huo chang zan mei wo jiu zhu xin li huan chang chang tan zhu ci ai bing song zhu en zan mei wo jiu zhu zhou ye bu fen
ZMS-207,Hymn,因祂活着,因祂活着，我能面对明天；因祂活着，惧怕消失；我确知道，主掌管未来，生命值得活下去，是因祂活着。,yin ta huo zhe wo neng mian dui ming tian yin ta huo zhe ju pa xiao shi wo que zhi dao zhu zhang guan wei lai sheng ming zhi de huo xia qu shi yin ta huo zhe
ZMS-193,Hymn,让耶稣进入你心,"你若愿意脱离罪恶，在主里面得着安息，让耶稣进入你心。
你心中若有疑惑，就在今朝决志信靠，让耶稣进入你心。

你若感到心灵空虚，生命之路渺茫难凭，让耶稣进入你心。
你心中若觉黑暗，在主光中享受光明，让耶稣进入你心。

你若不能胜过罪污，从来不能唱得胜歌，让耶稣进入你心。
你心中若波浪汹涌，风浪借主即刻平静，让耶稣进入你心。

你若有意亲近天门，而无力去进到窄门，让耶稣进入你心。
你心中若常觉忧伤，在你心中享受安宁，让耶稣进入你心。

现在，除去你的疑心；现在，不必再推辞；现在，打开你的心门，让耶稣进入你心。",ni ruo yuan yi tuo li zui e zai zhu li mian de zhe an xi rang ye su jin ru ni xin ni xin zhong ruo you yi huo jiu zai jin zhao jue zhi xin kao rang ye su jin ru ni xin ni ruo gan dao xin ling kong xu sheng ming zhi lu miao mang nan ping rang ye su jin ru ni xin ni xin zhong ruo jue hei an zai zhu guang zhong xiang shou guang ming rang ye su jin ru ni xin ni ruo bu neng sheng guo zui wu cong lai bu neng chang de sheng ge rang ye su jin ru ni xin ni xin zhong ruo bo lang xiong yong feng lang jie zhu ji ke ping jing rang ye su jin ru ni xin ni ruo you yi qin jin tian men er wu li qu jin dao zhai men rang ye su jin ru ni xin ni xin zhong ruo chang jue you shang zai ni xin zhong xiang shou an ning rang ye su jin ru ni xin xian zai chu qu ni de yi xin xian zai bu bi zai tui ci xian zai da kai ni de xin men rang ye su jin ru ni xin
ZMS-216,Hymn,坚固磐石,"我心所望别无根基，惟有救主流血公义；
除此以外，虚空无凭，我独靠主耶稣圣名。

有时黑云遮没我面，耶稣恩典永无改变；
大风巨浪，我亦不怕，因望如锚海底抛牢。

主流宝血立此新约，应许救我扶助怜恤；
良朋密友虽都远离，我靠救主安慰到底。

末日听见号筒声音，与主相遇永远相亲；
穿上救主雪白义袍，洁白无瑕同受荣耀。

立在基督磐石坚固，其余根基全是沙土，
其余根基全是沙土。",wo xin suo wang bie wu gen ji wei you jiu zhu liu xie gong yi chu ci yi wai xu kong wu ping wo du kao zhu ye su sheng ming you shi hei yun zhe mei wo mian ye su en dian yong wu gai bian da feng ju lang wo yi bu pa yin wang ru mao hai di pao lao zhu liu bao xue li ci xin yue ying xu jiu wo fu zhu lian xu liang peng mi you sui dou yuan li wo kao jiu zhu an wei dao di mo ri ting jian hao tong sheng yin yu zhu xiang yu yong yuan xiang qin chuan shang jiu zhu xue bai yi pao jie bai wu xia tong shou rong yao li zai ji du pan shi jian gu qi yu gen ji quan shi sha tu qi yu gen ji quan shi sha tu
ZMS-202,Hymn,耶稣召你,"耶稣发慈声呼召你回来，今日召你，今日召你；为什么远避，离开主慈怀，有谁能像主这样爱你。
救主召你，今日召你，耶稣今召你；慈声召你，主今日发慈声召你。
耶稣今招呼劳苦者得安，今日召你，今日召你；可将你重担托于主宝前，主必拯救你到底。
救主召你，今日召你，耶稣今召你；慈声召你，主今日发慈声召你。
耶稣今等你归回莫迟延，今日召你，今日召你；速将你的罪承认主宝前，切莫耽延误自己。
救主召你，今日召你，耶稣今召你；慈声召你，主今日发慈声召你。",ye su fa ci sheng hu zhao ni hui lai jin ri zhao ni jin ri zhao ni wei shen me yuan bi li kai zhu ci huai you shui neng xiang zhu zhe yang ai ni jiu zhu zhao ni jin ri zhao ni ye su jin zhao ni ci sheng zhao ni zhu jin ri fa ci sheng zhao ni ye su jin zhao hu lao ku zhe de an jin ri zhao ni jin ri zhao ni ke jiang ni zhong dan tuo yu zhu bao qian zhu bi zheng jiu ni dao di jiu zhu zhao ni jin ri zhao ni ye su jin zhao ni ci sheng zhao ni zhu jin ri fa ci sheng zhao ni ye su jin deng ni gui hui mo chi yan jin ri zhao ni jin ri zhao ni su jiang ni de zui cheng ren zhu bao qian qie mo dan yan wu zi ji jiu zhu zhao ni jin ri zhao ni ye su jin zhao ni ci sheng zhao ni zhu jin ri fa ci sheng zhao ni
ZMS-218,Hymn,时刻蒙恩,"与耶稣同死，因死反得生，
与耶稣同活，蒙恩日加增；
仰望我恩主，荣光必照临，
时也而刻也我为主子民。

无有一试探，我主不辅助，
无有一重担，我主不担当；
无有一忧愁，我主不与分，
时也而刻也我蒙主鸿恩。

无有一伤感，我主不安慰，
无有一眼泪，我主不察顾；
无有一危险，刻刻遇主福，
时也而刻也我得主恩爱。

无有一懦弱，我主不扶助，
无有一病患，我主不看顾；
无有一时，时而刻刻，
耶稣我救主，时常保佑我。

时也而刻也蒙主之保佑，
时也而刻也因主我得救；
仰望主耶稣荣光必照临，
时也而刻也我为主子民。",yu ye su tong si yin si fan de sheng yu ye su tong huo meng en ri jia zeng yang wang wo en zhu rong guang bi zhao lin shi ye er ke ye wo wei zhu zi min wu you yi shi tan wo zhu bu fu zhu wu you yi zhong dan wo zhu bu dan dang wu you yi you chou wo zhu bu yu fen shi ye er ke ye wo meng zhu hong en wu you yi shang gan wo zhu bu an wei wu you yi yan lei wo zhu bu cha gu wu you yi wei xian ke ke yu zhu fu shi ye er ke ye wo de zhu en ai wu you yi nuo ruo wo zhu bu fu zhu wu you yi bing huan wo zhu bu kan gu wu you yi shi shi er ke ke ye su wo jiu zhu shi chang bao you wo shi ye er ke ye meng zhu zhi bao you shi ye er ke ye yin zhu wo de jiu yang wang zhu ye su rong guang bi zhao lin shi ye er ke ye wo wei zhu zi min
ZMS-226,Hymn,祂藏我灵,"何等奇妙救主是耶稣我主，祂真是我奇妙的主；祂把我灵魂深藏磐石之中，得喜乐如江河无穷。

何等奇妙救主是耶稣我主，祂挪去我一切重负；我永不动摇，因有主手扶持，一生力量是祂所赐。

时时刻刻祂赐我恩惠无穷，祂灵又充满我心中，当我被提时一定大声歌唱，哦，奇妙救主配得尊荣。

穿上神赐衣裳我要会祂面，就在空中向祂朝见，愿与众圣徒一齐歌唱欢呼，完美救恩奇妙主爱。

祂藏我灵魂，在磐石洞穴里，如干旱之地得荫庇。祂藏我生命在祂大慈爱里，用祂全能手来扶持，用祂全能手来扶持。",he deng qi miao jiu zhu shi ye su wo zhu ta zhen shi wo qi miao de zhu ta ba wo ling hun shen cang pan shi zhi zhong de xi le ru jiang he wu qiong he deng qi miao jiu zhu shi ye su wo zhu ta nuo qu wo yi qie zhong fu wo yong bu dong yao yin you zhu shou fu chi yi sheng li liang shi ta suo ci shi shi ke ke ta ci wo en hui wu qiong ta ling you chong man wo xin zhong dang wo bei ti shi yi ding da sheng ge chang o qi miao jiu zhu pei de zun rong chuan shang shen ci yi shang wo yao hui ta mian jiu zai kong zhong xiang ta chao jian yuan yu zhong sheng tu yi qi ge chang huan hu wan mei jiu en qi miao zhu ai ta cang wo ling hun zai pan shi dong xue li ru gan han zhi di de yin bi ta cang wo sheng ming zai ta da ci ai li yong ta quan neng shou lai fu chi yong ta quan neng shou lai fu chi
ZMS-230,Hymn,我平时当靠救主,"我平时当靠救主，遇难时求主救护；
我信心虽还不足，惟要靠我主领路。

求圣灵照亮我心，叫我心满得光明；
求救主领我正路，惟要靠我主保护。

路平安当颂主名，路黑暗有主同行；
若危险主必保护，惟要靠我主领路。

靠耶稣度过今世，靠耶稣能行万事；
我离世即往天去，惟要靠我主耶稣。

靠耶稣度过今世，靠耶稣能行万事；
我不论走何险路，惟要信靠我的主。",wo ping shi dang kao jiu zhu yu nan shi qiu zhu jiu hu wo xin xin sui hai bu zu wei yao kao wo zhu ling lu qiu sheng ling zhao liang wo xin jiao wo xin man de guang ming qiu jiu zhu ling wo zheng lu wei yao kao wo zhu bao hu lu ping an dang song zhu ming lu hei an you zhu tong hang ruo wei xian zhu bi bao hu wei yao kao wo zhu ling lu kao ye su du guo jin shi kao ye su neng xing wan shi wo li shi ji wang tian qu wei yao kao wo zhu ye su kao ye su du guo jin shi kao ye su neng xing wan shi wo bu lun zou he xian lu wei yao xin kao wo de zhu
ZMS-210,Hymn,信靠顺服,"我与救主同行，在主光明福音，何等荣耀照亮我路程；只要听主命令，主肯与我同行，信靠顺服人，主肯同行。
信靠顺服，此外并无别法，若要得耶稣喜乐，必要信靠顺服。

没有黑影遮暗，也无云雾弥漫，我主笑容使云雾消散；没有疑惑畏惧，也没有叹息忧虑，信靠顺服人，主永不弃。
信靠顺服，此外并无别法，若要得耶稣喜乐，必要信靠顺服。

不要背负重担，不要愁闷悲哀，一切劳苦主都能酬代；没有伤心眼泪，主也没有差错，信靠顺服人，全受福气。
信靠顺服，此外并无别法，若要得耶稣喜乐，必要信靠顺服。

主与我做朋友，我可常向主求，救主携我手与我一路同行；主命我就遵，主差遣我就行，信靠顺服人，终无不成。
信靠顺服，此外并无别法，若要得耶稣喜乐，必要信靠顺服。",wo yu jiu zhu tong hang zai zhu guang ming fu yin he deng rong yao zhao liang wo lu cheng zhi yao ting zhu ming ling zhu ken yu wo tong hang xin kao shun fu ren zhu ken tong hang xin kao shun fu ci wai bing wu bie fa ruo yao de ye su xi le bi yao xin kao shun fu mei you hei ying zhe an ye wu yun wu mi man wo zhu xiao rong shi yun wu xiao san mei you yi huo wei ju ye mei you tan xi you lv xin kao shun fu ren zhu yong bu qi xin kao shun fu ci wai bing wu bie fa ruo yao de ye su xi le bi yao xin kao shun fu bu yao bei fu zhong dan bu yao chou men bei ai yi qie lao ku zhu dou neng chou dai mei you shang xin yan lei zhu ye mei you cha cuo xin kao shun fu ren quan shou fu qi xin kao shun fu ci wai bing wu bie fa ruo yao de ye su xi le bi yao xin kao shun fu zhu yu wo zuo peng you wo ke chang xiang zhu qiu jiu zhu xie wo shou yu wo yi lu tong hang zhu ming wo jiu zun zhu chai qian wo jiu xing xin kao shun fu ren zhong wu bu cheng xin kao shun fu ci wai bing wu bie fa ruo yao de ye su xi le bi yao xin kao shun fu
ZMS-228,Hymn,是否有我名号,"主啊，我不求财富，也不求金和银，只求心中有凭据，能与主在天境，在你国度生命册每页都有文告，请问耶稣我救主，是否有我名号？是否有我名号在那生命册上？在天国那生命册是否有我名号。

主啊，我的罪甚多，好像海边的沙，你为我流宝血，足能洗净我罪，因你应许已写明字句非常真确，你的罪虽像朱红，必定洁白如雪，是否有我名号在那生命册上？在天国那生命册是否有我名号。

在那美丽新城中，遍立光明居所，天家有荣耀活物，皆穿洁白衣袍，再无罪恶来侵扰，再无人生烦恼，天使众目睽睽下，确有我的名号，确定有我名号在那生命册上，在天国那生命册确定有我名号。",zhu a wo bu qiu cai fu ye bu qiu jin he yin zhi qiu xin zhong you ping ju neng yu zhu zai tian jing zai ni guo du sheng ming ce mei ye dou you wen gao qing wen ye su wo jiu zhu shi fou you wo ming hao shi fou you wo ming hao zai na sheng ming ce shang zai tian guo na sheng ming ce shi fou you wo ming hao zhu a wo de zui shen duo hao xiang hai bian de sha ni wei wo liu bao xue zu neng xi jing wo zui yin ni ying xu yi xie ming zi ju fei chang zhen que ni de zui sui xiang zhu hong bi ding jie bai ru xue shi fou you wo ming hao zai na sheng ming ce shang zai tian guo na sheng ming ce shi fou you wo ming hao zai na mei li xin cheng zhong bian li guang ming ju suo tian jia you rong yao huo wu jie chuan jie bai yi pao zai wu zui e lai qin rao zai wu ren sheng fan nao tian shi zhong mu kui kui xia que you wo de ming hao que ding you wo ming hao zai na sheng ming ce shang zai tian guo na sheng ming ce que ding you wo ming hao
ZMS-233,Hymn,主所赐的平安,"主所赐的平安，好像大江流，使我心觉欢欣，永无尽无休；主的恩典完全，越受越丰富满，主的安乐长存，永世不间断。

藏主膀臂之下，灾殃不能临，仇敌我不惧怕，因祂不能侵；并无烦恼波涛，并无忧愁影，主没有一点焦急，因有主保护。

各样欢乐忧伤，皆是主安排，就是遇见灾殃，主也不离开；须要依靠救主，万事交托主，只要信心坚固，主定保承担。

我依靠主耶稣，满心得安乐，照着主的应许，句句都不错！",zhu suo ci de ping an hao xiang da jiang liu shi wo xin jue huan xin yong wu jin wu xiu zhu de en dian wan quan yue shou yue feng fu man zhu de an le chang cun yong shi bu jian duan cang zhu bang bi zhi xia zai yang bu neng lin chou di wo bu ju pa yin ta bu neng qin bing wu fan nao bo tao bing wu you chou ying zhu mei you yi dian jiao ji yin you zhu bao hu ge yang huan le you shang jie shi zhu an pai jiu shi yu jian zai yang zhu ye bu li kai xu yao yi kao jiu zhu wan shi jiao tuo zhu zhi yao xin xin jian gu zhu ding bao cheng dan wo yi kao zhu ye su man xin de an le zhao zhe zhu de ying xu ju ju dou bu cuo
ZMS-219,Hymn,信靠耶稣何等甜蜜,"信靠耶稣何等甜蜜，信靠主宝言；
主的应许无一可疑，我真认识主。
耶稣，耶稣，我信靠你，我愿人前见证你；
耶稣，耶稣，宝贵耶稣，我把身心交托你。

信靠耶稣真甜蜜，信祂洁净宝血；
单纯信心将罪脱离，污心洁净在主宝血。
耶稣，耶稣，我信靠你，我愿人前见证你；
耶稣，耶稣，宝贵耶稣，我把身心交托你。

信靠耶稣何等甜蜜，从罪恶与己释；
只要从耶稣亲自取，生命、安息、喜乐、平安。
耶稣，耶稣，我信靠你，我愿人前见证你；
耶稣，耶稣，宝贵耶稣，我把身心交托你。

我靠耶稣真欢喜，宝贵耶稣，救主良友；
深知救主与我同在，直到末期。
耶稣，耶稣，我信靠你，我愿人前见证你；
耶稣，耶稣，宝贵耶稣，我把身心交托你。",xin kao ye su he deng tian mi xin kao zhu bao yan zhu de ying xu wu yi ke yi wo zhen ren shi zhu ye su ye su wo xin kao ni wo yuan ren qian jian zheng ni ye su ye su bao gui ye su wo ba shen xin jiao tuo ni xin kao ye su zhen tian mi xin ta jie jing bao xue dan chun xin xin jiang zui tuo li wu xin jie jing zai zhu bao xue ye su ye su wo xin kao ni wo yuan ren qian jian zheng ni ye su ye su bao gui ye su wo ba shen xin jiao tuo ni xin kao ye su he deng tian mi cong zui e yu ji shi zhi yao cong ye su qin zi qu sheng ming an xi xi le ping an ye su ye su wo xin kao ni wo yuan ren qian jian zheng ni ye su ye su bao gui ye su wo ba shen xin jiao tuo ni wo kao ye su zhen huan xi bao gui ye su jiu zhu liang you shen zhi jiu zhu yu wo tong zai zhi dao mo qi ye su ye su wo xin kao ni wo yuan ren qian jian zheng ni ye su ye su bao gui ye su wo ba shen xin jiao tuo ni
ZMS-252,Hymn,向高处行,"我今直往高处而行，灵性地位日日高升，
我行天路有时软弱，求主扶助进入乐境。
世上时有疑虑忧惊，非我安然久居之所，
别人或愿宫室久居，我惟注目更美之处。
我愿跳出世界范围，魔鬼利剑非我所畏，
我因有信常闻天歌，妙音佳节使我快乐。
我必上升穹苍极处，进入天堂荣华美景，
如今我灵不住祈求，求主同行直到天庭。
求主扶助使我坚立，因信站在属灵高原，
使我逐日所处地位，较之往日有进无退。",wo jin zhi wang gao chu er xing ling xing di wei ri ri gao sheng wo xing tian lu you shi ruan ruo qiu zhu fu zhu jin ru le jing shi shang shi you yi lv you jing fei wo an ran jiu ju zhi suo bie ren huo yuan gong shi jiu ju wo wei zhu mu geng mei zhi chu wo yuan tiao chu shi jie fan wei mo gui li jian fei wo suo wei wo yin you xin chang wen tian ge miao yin jia jie shi wo kuai le wo bi shang sheng qiong cang ji chu jin ru tian tang rong hua mei jing ru jin wo ling bu zhu qi qiu qiu zhu tong hang zhi dao tian ting qiu zhu fu zhu shi wo jian li yin xin zhan zai shu ling gao yuan shi wo zhu ri suo chu di wei jiao zhi wang ri you jin wu tui
ZMS-237,Hymn,平安有时如宁静河,"平安有时如宁静河环绕我，悲伤有时如大风浪；
不论何境遇，主都教我深知，我心灵可安宁，可安宁。

撒但虽来侵，众试炼虽来临，但我有确据在我心；
耶稣知道我，极软弱无掌权，已为我流宝血，救赎我。

求主快再来，使信心得亲见，云彩将卷起在主前；
号筒声吹响，主再临掌权柄，愿主来临！我心必安宁。

我心灵有平安，有平安，
我心灵有平安，有平安。",ping an you shi ru ning jing he huan rao wo bei shang you shi ru da feng lang bu lun he jing yu zhu dou jiao wo shen zhi wo xin ling ke an ning ke an ning sa dan sui lai qin zhong shi lian sui lai lin dan wo you que ju zai wo xin ye su zhi dao wo ji ruan ruo wu zhang quan yi wei wo liu bao xue jiu shu wo qiu zhu kuai zai lai shi xin xin de qin jian yun cai jiang juan qi zai zhu qian hao tong sheng chui xiang zhu zai lin zhang quan bing yuan zhu lai lin wo xin bi an ning wo xin ling you ping an you ping an wo xin ling you ping an you ping an
ZMS-244,Hymn,更像我主,"更像我主，永远像我主，
更多柔和，更多谦卑；
更热心工作，更勇于真理，
更愿献己，为主使用。
求主取我心，愿我永属你；
求主取我心，全归我主。
洁净我罪污，主啊，今垂听；
洗净保守我，永远属主。

更像我主，是我每日祷告，
更多力量，背负十架；
更恳切努力，建立主的国，
更多圣灵，引人归主。
求主取我心，愿我永属你；
求主取我心，全归我主。
洁净我罪污，主啊，今垂听；
洗净保守我，永远属主。

更像我主，我愿生活长进，
更多主爱，向人表明；
更多舍己，像主在加利利，
我愿更像主，永远像主。
求主取我心，愿我永属你；
求主取我心，全归我主。
洁净我罪污，主啊，今垂听；
洗净保守我，永远属主。",geng xiang wo zhu yong yuan xiang wo zhu geng duo rou he geng duo qian bei geng re xin gong zuo geng yong yu zhen li geng yuan xian ji wei zhu shi yong qiu zhu qu wo xin yuan wo yong shu ni qiu zhu qu wo xin quan gui wo zhu jie jing wo zui wu zhu a jin chui ting xi jing bao shou wo yong yuan shu zhu geng xiang wo zhu shi wo mei ri dao gao geng duo li liang bei fu shi jia geng ken qie nu li jian li zhu de guo geng duo sheng ling yin ren gui zhu qiu zhu qu wo xin yuan wo yong shu ni qiu zhu qu wo xin quan gui wo zhu jie jing wo zui wu zhu a jin chui ting xi jing bao shou wo yong yuan shu zhu geng xiang wo zhu wo yuan sheng huo zhang jin geng duo zhu ai xiang ren biao ming geng duo she ji xiang zhu zai jia li li wo yuan geng xiang zhu yong yuan xiang zhu qiu zhu qu wo xin yuan wo yong shu ni qiu zhu qu wo xin quan gui wo zhu jie jing wo zui wu zhu a jin chui ting xi jing bao shou wo yong yuan shu zhu
ZMS-253,Hymn,主啊我属祢,"主啊我属祢，祢也深知我，祢曾说过祢爱我，
今求主赐恩，加增我信心，我愿以信与主亲。
愿主吸我，日近十架前；以信心靠主身边。
愿主吸我，引我，靠近主身边，容我洗于宝血泉。

今归主为圣，终身归主用，求赐能力作圣工，
以信心仰望，以口舌宣讲，心口一致常赞扬。
愿主吸我，日近十架前；以信心靠主身边。
愿主吸我，引我，靠近主身边，容我洗于宝血泉。

跪祷于神前，与主面对面，如同朋友之畅谈，
心里有平安，得祝福无限，喜乐陶陶如涌泉。
愿主吸我，日近十架前；以信心靠主身边。
愿主吸我，引我，靠近主身边，容我洗于宝血泉。

何等深厚爱，何等广慈怀，皆藉主恩显出来，
何等快乐哉，有圣灵同在，儆醒预备等主来。
愿主吸我，日近十架前；以信心靠主身边。
愿主吸我，引我，靠近主身边，容我洗于宝血泉。",zhu a wo shu mi mi ye shen zhi wo mi ceng shuo guo mi ai wo jin qiu zhu ci en jia zeng wo xin xin wo yuan yi xin yu zhu qin yuan zhu xi wo ri jin shi jia qian yi xin xin kao zhu shen bian yuan zhu xi wo yin wo kao jin zhu shen bian rong wo xi yu bao xue quan jin gui zhu wei sheng zhong shen gui zhu yong qiu ci neng li zuo sheng gong yi xin xin yang wang yi kou she xuan jiang xin kou yi zhi chang zan yang yuan zhu xi wo ri jin shi jia qian yi xin xin kao zhu shen bian yuan zhu xi wo yin wo kao jin zhu shen bian rong wo xi yu bao xue quan gui dao yu shen qian yu zhu mian dui mian ru tong peng you zhi chang tan xin li you ping an de zhu fu wu xian xi le tao tao ru yong quan yuan zhu xi wo ri jin shi jia qian yi xin xin kao zhu shen bian yuan zhu xi wo yin wo kao jin zhu shen bian rong wo xi yu bao xue quan he deng shen hou ai he deng guang ci huai jie ji zhu en xian chu lai he deng kuai le zai you sheng ling tong zai jing xing yu bei deng zhu lai yuan zhu xi wo ri jin shi jia qian yi xin xin kao zhu shen bian yuan zhu xi wo yin wo kao jin zhu shen bian rong wo xi yu bao xue quan
ZMS-243,Hymn,我要真诚,"我要真诚，莫负人家信任深；我要洁净，因为有人关心；我要刚强，人不免痛苦才能当；我要胆壮，奋斗才能得胜。
我要爱人，爱敌也爱沦落人；我要施赠，心不望人酬报；我要谦卑，因我自知多软弱；我要瞻向上，笑爱扶助人。
我要祈祷，繁忙更要多祷告；我要恒心，与神时常相亲近；我要静听，神慈声微小；我要信靠，学主步踪得胜。",wo yao zhen cheng mo fu ren jia xin ren shen wo yao jie jing yin wei you ren guan xin wo yao gang qiang ren bu mian tong ku cai neng dang wo yao dan zhuang fen dou cai neng de sheng wo yao ai ren ai di ye ai lun luo ren wo yao shi zeng xin bu wang ren chou bao wo yao qian bei yin wo zi zhi duo ruan ruo wo yao zhan xiang shang xiao ai fu zhu ren wo yao qi dao fan mang geng yao duo dao gao wo yao heng xin yu shen shi chang xiang qin jin wo yao jing ting shen ci sheng wei xiao wo yao xin kao xue zhu bu zong de sheng
ZMS-258,Hymn,宝架清影,"在主宝架清影中，我愿脚步立定，
好像炎暑远行辛苦，投进磐石阴影；
好像旷野欣逢居处，长途喜见凉亭；
到此得息肩头重担，养力奔赴前程。

神圣庄严的十架，我常抬头仰望，
灵眼如见宝血倾流，为我忍受死亡？
热泪满眶，寸心如裂，两事仔细思想；
思量我罪深重可憎，蒙恩主爱非常。

神圣十架的荫下，是我安乐之乡；
主面光华辉煌照耀，何须别有光亮？
世界虚荣，不足贪图；得失非所计量；
但思我身不配受恩，宝架为我荣光。",zai zhu bao jia qing ying zhong wo yuan jiao bu li ding hao xiang yan shu yuan xing xin ku tou jin pan shi yin ying hao xiang kuang ye xin feng ju chu chang tu xi jian liang ting dao ci de xi jian tou zhong dan yang li ben fu qian cheng shen sheng zhuang yan de shi jia wo chang tai tou yang wang ling yan ru jian bao xue qing liu wei wo ren shou si wang re lei man kuang cun xin ru lie liang shi zi xi si xiang si liang wo zui shen zhong ke zeng meng en zhu ai fei chang shen sheng shi jia de yin xia shi wo an le zhi xiang zhu mian guang hua hui huang zhao yao he xu bie you guang liang shi jie xu rong bu zu tan tu de shi fei suo ji liang dan si wo shen bu pei shou en bao jia wei wo rong guang
ZMS-254,Hymn,亲近更亲近,"亲近，更亲近，近慈爱主；恳求荣耀救主引领我路；在主怀抱中得享安抚；主保护我永住在安身处，主保护我永住在安身处。

亲近，更亲近，一无所有；空手赤贫如我去见耶稣；奉献我全心痛悔罪过；蒙救主宝血洗清罪垢，蒙救主宝血洗清罪垢。

亲近，更亲近，奉献全身；罪恶世乐都不再扰我心；世上荣华富贵皆丢弃；只要救主钉十字架，只要救主钉十字架。

亲近，更亲近，今生途中；直到安抵荣耀中享安息；与主同居住永无量期；亲近救主，更要亲近救主，亲近救主。",qin jin geng qin jin jin ci ai zhu ken qiu rong yao jiu zhu yin ling wo lu zai zhu huai bao zhong de xiang an fu zhu bao hu wo yong zhu zai an shen chu zhu bao hu wo yong zhu zai an shen chu qin jin geng qin jin yi wu suo you kong shou chi pin ru wo qu jian ye su feng xian wo quan xin tong hui zui guo meng jiu zhu bao xue xi qing zui gou meng jiu zhu bao xue xi qing zui gou qin jin geng qin jin feng xian quan shen zui e shi le du bu zai rao wo xin shi shang rong hua fu gui jie diu qi zhi yao jiu zhu ding shi zi jia zhi yao jiu zhu ding shi zi jia qin jin geng qin jin jin sheng tu zhong zhi dao an di rong yao zhong xiang an xi yu zhu tong ju zhu yong wu liang qi qin jin jiu zhu geng yao qin jin jiu zhu qin jin jiu zhu
ZMS-255,Hymn,我时刻需要你,"我时刻需要你，救主恩深；谁也无温柔声音，足慰我心。
我时刻需要你，因你相近；恶魔与试探，便能得胜。
我时刻需要你，或乐或苦；求你速来同住，此生全虚。
我时刻需要你，至圣恩主；使我完全属你，蒙福圣子。
我需你，我真需你，时时刻刻我需你；望主随时施恩典，我来就你。",wo shi ke xu yao ni jiu zhu en shen shui ye wu wen rou sheng yin zu wei wo xin wo shi ke xu yao ni yin ni xiang jin e mo yu shi tan bian neng de sheng wo shi ke xu yao ni huo le huo ku qiu ni su lai tong zhu ci sheng quan xu wo shi ke xu yao ni zhi sheng en zhu shi wo wan quan shu ni meng fu sheng zi wo xu ni wo zhen xu ni shi shi ke ke wo xu ni wang zhu sui shi shi en dian wo lai jiu ni
ZMS-265,Hymn,总要追求圣洁,"总要追求圣洁，多与主亲近，常住在祂爱里，常见祂容美；与神儿女为友，扶助弱肢体，你的一切工作，当求主欢喜。

总要追求圣洁，世界忙无功，你当在主怀里，享受祂安息；时时仰望耶稣，好变成祂形，使你同伴看见，你的好言行。

总要追求圣洁，让主作你首，不可自逞豪侠，把主撇一旁；或遭风波疑难，只管学顺从，时时仰望耶稣，必安然渡过。

总要追求圣洁，内心常镇定，让主管理一切，意念或感情，当靠圣灵领你，到爱的泉源，把你造成全备，永活祂面前。",zong yao zhui qiu sheng jie duo yu zhu qin jin chang zhu zai ta ai li chang jian ta rong mei yu shen er nv wei you fu zhu ruo zhi ti ni de yi qie gong zuo dang qiu zhu huan xi zong yao zhui qiu sheng jie shi jie mang wu gong ni dang zai zhu huai li xiang shou ta an xi shi shi yang wang ye su hao bian cheng ta xing shi ni tong ban kan jian ni de hao yan xing zong yao zhui qiu sheng jie rang zhu zuo ni shou bu ke zi cheng hao xia ba zhu pie yi pang huo zao feng bo yi nan zhi guan xue shun cong shi shi yang wang ye su bi an ran du guo zong yao zhui qiu sheng jie nei xin chang zhen ding rang zhu guan li yi qie yi nian huo gan qing dang kao sheng ling ling ni dao ai de quan yuan ba ni zao cheng quan bei yong huo ta mian qian
ZMS-256,Hymn,深刻更加深刻,"进入耶稣的心中，深刻更加的深刻。
查究主行事原因，为何单单爱我，
为何他来拯救我，脱离污秽罪恶，
虽然迷失面临危险，主仍拯救使完全。

进入耶稣的旨意，深刻更加的深刻。
求赐恩典助跟随，更知我主道路，
甘心全然奉献，俯伏在主脚前，
求主收留献自我，直到我能合主用。

进入耶稣的十架，深刻更加的深刻。
同入客西马尼园，面临仇敌刀剑，
甘尝忧苦杯，经历苦痛伤心，
求耶稣显亲面，赐我软弱中恩典。

进入耶稣的喜乐，深刻更加的深刻。
使我心灵往上升，世俗无法侵犯，
忧中仍然喜乐，痛苦中有平安，
耶稣必赐，耶稣必赐，他必扶持保守。",jin ru ye su de xin zhong shen ke geng jia de shen ke cha jiu zhu xing shi yuan yin wei he dan dan ai wo wei he ta lai zheng jiu wo tuo li wu hui zui e sui ran mi shi mian lin wei xian zhu reng zheng jiu shi wan quan jin ru ye su de zhi yi shen ke geng jia de shen ke qiu ci en dian zhu gen sui geng zhi wo zhu dao lu gan xin quan ran feng xian fu fu zai zhu jiao qian qiu zhu shou liu xian zi wo zhi dao wo neng he zhu yong jin ru ye su de shi jia shen ke geng jia de shen ke tong ru ke xi ma ni yuan mian lin chou di dao jian gan chang you ku bei jing li ku tong shang xin qiu ye su xian qin mian ci wo ruan ruo zhong en dian jin ru ye su de xi le shen ke geng jia de shen ke shi wo xin ling wang shang sheng shi su wu fa qin fan you zhong reng ran xi le tong ku zhong you ping an ye su bi ci ye su bi ci ta bi fu chi bao shou
ZMS-264,Hymn,求赐我神圣心,"求赐我神圣心，内衷更奋励；苦中更有忍耐，为罪孽悲怀；越对救主信靠，觉主爱越饱，为主效劳多乐，祷告有目标。
赐我有感恩心，信赖主我王；更以主荣为荣，主言满希望；为主忧伤流泪，表同情哀痛，试炼中更柔顺，得救乐赞颂。
赐我纯洁性格，力能克罪瑕；脱离属世罪污，羡慕天家；越为合主国，使我更有用，且赐恩福圣洁，更肖主圣容。",qiu ci wo shen sheng xin nei zhong geng fen li ku zhong geng you ren nai wei zui nie bei huai yue dui jiu zhu xin kao jue zhu ai yue bao wei zhu xiao lao duo le dao gao you mu biao ci wo you gan en xin xin lai zhu wo wang geng yi zhu rong wei rong zhu yan man xi wang wei zhu you shang liu lei biao tong qing ai tong shi lian zhong geng rou shun de jiu le zan song ci wo chun jie xing ge li neng ke zui xia tuo li shu shi zui wu xian mu tian jia yue wei he zhu guo shi wo geng you yong qie ci en fu sheng jie geng xiao zhu sheng rong
ZMS-269,Hymn,与主接近,"更加与主接近，更加接近！纵使在十字架，高举我身；我心依然歌咏，更加与主接近，更加与主接近，更加接近！
虽在旷野游行，红日西沉，黑暗笼罩我身，依石为枕；梦里依旧追寻，更加与主接近，更加与主接近，更加接近！
忽有阶梯显现，上达天庭；一生蒙主所赐，慈悲充盈，欣看天使招迎，更加与主接近，更加与主接近，更加接近！
醒来赞美满心，思想光明，愁心之中见主，石坛为证；苦痛也使我心更加与主接近，更加与主接近，更加接近！
喜乐如翼加身，向天飞升，超过日月星辰，上进不停，我心依然歌咏，更加与主接近，更加与主接近，更加接近！",geng jia yu zhu jie jin geng jia jie jin zong shi zai shi zi jia gao ju wo shen wo xin yi ran ge yong geng jia yu zhu jie jin geng jia yu zhu jie jin geng jia jie jin sui zai kuang ye you xing hong ri xi chen hei an long zhao wo shen yi shi wei zhen meng li yi jiu zhui xun geng jia yu zhu jie jin geng jia yu zhu jie jin geng jia jie jin hu you jie ti xian xian shang da tian ting yi sheng meng zhu suo ci ci bei chong ying xin kan tian shi zhao ying geng jia yu zhu jie jin geng jia yu zhu jie jin geng jia jie jin xing lai zan mei man xin si xiang guang ming chou xin zhi zhong jian zhu shi tan wei zheng ku tong ye shi wo xin geng jia yu zhu jie jin geng jia yu zhu jie jin geng jia jie jin xi le ru yi jia shen xiang tian fei sheng chao guo ri yue xing chen shang jin bu ting wo xin yi ran ge yong geng jia yu zhu jie jin geng jia yu zhu jie jin geng jia jie jin
ZMS-259,Hymn,成为我异象,"恳求心中王，成为我异象，
万事无所慕，惟主是希望！
愿祢居首位，日夜导思想，
工作或睡觉，慈容作我光。

成为我智慧，成为我箴言，
我愿常跟祢，祢作我良伴。
祢是我圣父，我是祢子，
祢常居我心中，我与祢联合。

不挂意富裕，不羡慕虚荣，
主我得基业，直到永恒享。
愿祢居首位，在我心中王，
天上大君王，我宝我珍藏。

天上大君王，辉煌的太阳，
主我得胜后，我心中王。
无论何境遇，求祢仍作我异象，
掌管万有。",ken qiu xin zhong wang cheng wei wo yi xiang wan shi wu suo mu wei zhu shi xi wang yuan mi ju shou wei ri ye dao si xiang gong zuo huo shui jiao ci rong zuo wo guang cheng wei wo zhi hui cheng wei wo zhen yan wo yuan chang gen mi mi zuo wo liang ban mi shi wo sheng fu wo shi mi zi mi chang ju wo xin zhong wo yu mi lian he bu gua yi fu yu bu xian mu xu rong zhu wo de ji ye zhi dao yong heng xiang yuan mi ju shou wei zai wo xin zhong wang tian shang da jun wang wo bao wo zhen cang tian shang da jun wang hui huang de tai yang zhu wo de sheng hou wo xin zhong wang wu lun he jing yu qiu mi reng zuo wo yi xiang zhang guan wan you
ZMS-281,Hymn,求主使我近十架,"求主使我近十架，至宝赎罪泉源，
由各各他山流下，白白赐人洗罪。

我来到主十架前，蒙救主的爱怜；
祂赐我圣灵亮光，照亮我的心田。

求主使我依十架，思念昔日情景；
常在十架荫庇下，紧紧跟主前行。

儆醒等候十架前，盼望信心加增；
直到走完世路程，天家永享安稳。

十字架，十字架，永是我的荣耀！
我众罪都洗清洁，惟靠耶稣宝血。",qiu zhu shi wo jin shi jia zhi bao shu zui quan yuan you ge ge ta shan liu xia bai bai ci ren xi zui wo lai dao zhu shi jia qian meng jiu zhu de ai lian ta ci wo sheng ling liang guang zhao liang wo de xin tian qiu zhu shi wo yi shi jia si nian xi ri qing jing chang zai shi jia yin bi xia jin jin gen zhu qian xing jing xing deng hou shi jia qian pan wang xin xin jia zeng zhi dao zou wan shi lu cheng tian jia yong xiang an wen shi zi jia shi zi jia yong shi wo de rong yao wo zhong zui dou xi qing jie wei kao ye su bao xue
ZMS-261,Hymn,我真需要生命之律,"我真需要生命之律，能儆醒存敬畏。
能有敏感，觉悟罪恶，畏罪如畏痛苦。
助我首先发现自我，骄傲邪恶私情。
即刻发现幻想之意，立时用火烧净。

因为靠主不会迷失，不使你心担忧。
赐我灵知，即刻了悟，赐我温柔良心。
开我眼界，属灵眼光，重新造一良心。
苏醒我灵，罪恶临近，保守一直儆醒。

全能之神有真有爱，使我有你权能。
我心重担，即能解除，硬心变为柔心。
但愿我这灵醒之灵，有时少有痛苦。
助我每日更近宝血，医治创伤完全。",wo zhen xu yao sheng ming zhi lv neng jing xing cun jing wei neng you min gan jue wu zui e wei zui ru wei tong ku zhu wo shou xian fa xian zi wo jiao ao xie e si qing ji ke fa xian huan xiang zhi yi li shi yong huo shao jing yin wei kao zhu bu hui mi shi bu shi ni xin dan you ci wo ling zhi ji ke liao wu ci wo wen rou liang xin kai wo yan jie shu ling yan guang chong xin zao yi liang xin su xing wo ling zui e lin jin bao shou yi zhi jing xing quan neng zhi shen you zhen you ai shi wo you ni quan neng wo xin zhong dan ji neng jie chu ying xin bian wei rou xin dan yuan wo zhe ling xing zhi ling you shi shao you tong ku zhu wo mei ri geng jin bao xue yi zhi chuang shang wan quan
ZMS-279,Hymn,何等恩友慈仁救主,"何等恩友慈仁救主，负我罪孽担我忧；
何等权利能将万事，来到主座前求！
多少平安我们坐失，多少痛苦冤枉受，
都是因为未将万事，来到主座前求。

我们有无试探引诱，有无难过苦关头？
决不应当因此灰心，仍当到主座前求！
哪能像祂忠实朋友，担当一切苦与忧？
我们弱点主都知道，放心到祂座前求！

我们有无软弱多愁，劳苦重担压肩头？
主仍做我避难处所，奔向耶稣座前求！
你若正逢友叛亲离，来到耶稣座前求；
到祂怀中祂必保护，有主安慰便无忧。",he deng en you ci ren jiu zhu fu wo zui nie dan wo you he deng quan li neng jiang wan shi lai dao zhu zuo qian qiu duo shao ping an wo men zuo shi duo shao tong ku yuan wang shou dou shi yin wei wei jiang wan shi lai dao zhu zuo qian qiu wo men you wu shi tan yin you you wu nan guo ku guan tou jue bu ying dang yin ci hui xin reng dang dao zhu zuo qian qiu na neng xiang ta zhong shi peng you dan dang yi qie ku yu you wo men ruo dian zhu dou zhi dao fang xin dao ta zuo qian qiu wo men you wu ruan ruo duo chou lao ku zhong dan ya jian tou zhu reng zuo wo bi nan chu suo ben xiang ye su zuo qian qiu ni ruo zheng feng you pan qin li lai dao ye su zuo qian qiu dao ta huai zhong ta bi bao hu you zhu an wei bian wu you
ZMS-287,Hymn,我灵镇静,"我灵，镇静：我主与你同在，十架道路你要忍耐奔跑，信靠我主为你所有安排，虽遇艰难，有祂何必惊慌，我灵镇静：天友最是善良，经过荆棘引到欢乐地方。
我灵，镇静：我主必然担当，未来引导仍似过去一样，莫让何事摇动对祂信仰，目前难处，待后都成光明，我灵镇静：风浪依旧听遵，救主当年所发吩咐声音。
我灵，镇静：日月过去如飞，到时我们永聚在祂四围，失望惊惶完全消灭踪迹，忧愁忘记，使你进入欢欣，我灵镇静：世界泪痕全逝，我们欢聚天家永享平康。",wo ling zhen jing wo zhu yu ni tong zai shi jia dao lu ni yao ren nai ben pao xin kao wo zhu wei ni suo you an pai sui yu jian nan you ta he bi jing huang wo ling zhen jing tian you zui shi shan liang jing guo jing ji yin dao huan le di fang wo ling zhen jing wo zhu bi ran dan dang wei lai yin dao reng shi guo qu yi yang mo rang he shi yao dong dui ta xin yang mu qian nan chu dai hou dou cheng guang ming wo ling zhen jing feng lang yi jiu ting zun jiu zhu dang nian suo fa fen fu sheng yin wo ling zhen jing ri yue guo qu ru fei dao shi wo men yong ju zai ta si wei shi wang jing huang wan quan xiao mie zong ji you chou wang ji shi ni jin ru huan xin wo ling zhen jing shi jie lei hen quan shi wo men huan ju tian jia yong xiang ping kang
ZMS-290,Hymn,救主像牧人领我路,"恳求大牧导我前行，我真需要主关心，
恳求引到快乐草场，预备羊栏安我身；
赐福救主，赐福救主，我们蒙救作主民。

虽然我们多罪困贫，主已应许收我灵，
主有慈悲普救爱心，释放权能洗涤恩；
赐福救主，赐福救主，我愿早日归家庭。

我愿早蒙主的深恩，早奉主命向前奔，
敬求救主独一救主，将祢妙爱充我心！
赐福救主，赐福救主，永远温柔爱我们。",ken qiu da mu dao wo qian xing wo zhen xu yao zhu guan xin ken qiu yin dao kuai le cao chang yu bei yang lan an wo shen ci fu jiu zhu ci fu jiu zhu wo men meng jiu zuo zhu min sui ran wo men duo zui kun pin zhu yi ying xu shou wo ling zhu you ci bei pu jiu ai xin shi fang quan neng xi di en ci fu jiu zhu ci fu jiu zhu wo yuan zao ri gui jia ting wo yuan zao meng zhu de shen en zao feng zhu ming xiang qian ben jing qiu jiu zhu du yi jiu zhu jiang mi miao ai chong wo xin ci fu jiu zhu ci fu jiu zhu yong yuan wen rou ai wo men
ZMS-280,Hymn,我以信心仰望,"我以信心仰望你，在十字架上，羔羊，救主，神圣！我的救主！求你听我祷告，除我罪孽全消，使我从今到老，永远属主。
主赐丰富恩惠，坚固我软弱心，燃起热情！你既为我流血，愿我爱你深切，纯洁、热烈，到永远，如火通明。
我今行走世路，困难痛苦起，求你引领！黑暗变为白昼，擦干忧伤泪，免我迷失路程，离主而行。
人生短梦一过，死亡冷河要起波，求主施恩！那时求主施恩，消我忧惧，将我平安带到天家，赎我灵魂。",wo yi xin xin yang wang ni zai shi zi jia shang gao yang jiu zhu shen sheng wo de jiu zhu qiu ni ting wo dao gao chu wo zui nie quan xiao shi wo cong jin dao lao yong yuan shu zhu zhu ci feng fu en hui jian gu wo ruan ruo xin ran qi re qing ni ji wei wo liu xie yuan wo ai ni shen qie chun jie re lie dao yong yuan ru huo tong ming wo jin xing zou shi lu kun nan tong ku qi qiu ni yin ling hei an bian wei bai zhou ca gan you shang lei mian wo mi shi lu cheng li zhu er xing ren sheng duan meng yi guo si wang leng he yao qi bo qiu zhu shi en na shi qiu zhu shi en xiao wo you ju jiang wo ping an dai dao tian jia shu wo ling hun
ZMS-289,Hymn,天父必看顾你,"任遭何事不要惊怕，天父必看顾你；
必将你藏祂恩翅下，天父必看顾你。
有时劳苦心中失望，天父必看顾你；
危险临到，你无处躲藏，天父必看顾你。
凡你所需，祂必供应，天父必看顾你；
凡你所求，祂必垂听，天父必看顾你。
无论经过何等试炼，天父必看顾你；
软弱困顿，靠祂胸前，天父必看顾你。
天父必看顾你，时时看顾，处处看顾；
祂必要看顾你，天父必看顾你。",ren zao he shi bu yao jing pa tian fu bi kan gu ni bi jiang ni cang ta en chi xia tian fu bi kan gu ni you shi lao ku xin zhong shi wang tian fu bi kan gu ni wei xian lin dao ni wu chu duo cang tian fu bi kan gu ni fan ni suo xu ta bi gong ying tian fu bi kan gu ni fan ni suo qiu ta bi chui ting tian fu bi kan gu ni wu lun jing guo he deng shi lian tian fu bi kan gu ni ruan ruo kun dun kao ta xiong qian tian fu bi kan gu ni tian fu bi kan gu ni shi shi kan gu chu chu kan gu ta bi yao kan gu ni tian fu bi kan gu ni
ZMS-294,Hymn,耶和华是我的牧者,"主耶和华是我牧者，我必不至缺乏，
使我躺卧在青草地，领我安歇水边。
祂使我灵得着苏醒，为着自己的名，
祂引导我行走义路，引导我行义路。
虽然行过死荫幽谷，我也不怕遭害，
祢杖祢竿都安慰我，因祢与我同在。
在敌面前祢又为我摆设美好筵席，
祢用油膏膏我的头，使我福杯满溢。
我主恩惠我主慈爱，一生一世不离，
我必居住在主殿中，直到永永远远。",zhu ye he hua shi wo mu zhe wo bi bu zhi que fa shi wo tang wo zai qing cao di ling wo an xie shui bian ta shi wo ling de zhe su xing wei zhe zi ji de ming ta yin dao wo xing zou yi lu yin dao wo xing yi lu sui ran xing guo si yin you gu wo ye bu pa zao hai mi zhang mi gan dou an wei wo yin mi yu wo tong zai zai di mian qian mi you wei wo bai she mei hao yan xi mi yong you gao gao wo de tou shi wo fu bei man yi wo zhu en hui wo zhu ci ai yi sheng yi shi bu li wo bi ju zhu zai zhu dian zhong zhi dao yong yong yuan yuan
ZMS-284,Hymn,全路程我救主领我,"全路程我救主领我，舍此外我复何求？
毕生时刻作我前导，奇妙爱古今无匹；
天上平安，属灵福乐，凭信心享受无缺；
因我知无论遭何事，主所作尽美尽善。

全路程我救主领我，艰难时赐我安康，
试炼中有丰盛恩惠，赐灵食解我饥渴；
虽我脚步有时倾跌，我心灵干渴难名；
在我前磐石涌活泉，喜乐如水常丰富。

全路程我救主领我，主大爱何等完全，
曾应许赐我永安息，在天家何等甘美！
时日且至，我将变化，见主荣面享光荣；
直到永远我唱此歌，耶稣领我全路程。",quan lu cheng wo jiu zhu ling wo she ci wai wo fu he qiu bi sheng shi ke zuo wo qian dao qi miao ai gu jin wu pi tian shang ping an shu ling fu le ping xin xin xiang shou wu que yin wo zhi wu lun zao he shi zhu suo zuo jin mei jin shan quan lu cheng wo jiu zhu ling wo jian nan shi ci wo an kang shi lian zhong you feng sheng en hui ci ling shi jie wo ji ke sui wo jiao bu you shi qing die wo xin ling gan ke nan ming zai wo qian pan shi yong huo quan xi le ru shui chang feng fu quan lu cheng wo jiu zhu ling wo zhu da ai he deng wan quan ceng ying xu ci wo yong an xi zai tian jia he deng gan mei shi ri qie zhi wo jiang bian hua jian zhu rong mian xiang guang rong zhi dao yong yuan wo chang ci ge ye su ling wo quan lu cheng
ZMS-285,Hymn,耶稣领我,"耶稣领我，我真喜欢，
蒙主引导，心中平安；
无论何往，无论何做，
耶稣圣手常领我。

有时遭遇困苦忧伤，
有时大得恩惠无量；
平安行路，或遇危险，
耶稣亲手领我。

我愿紧握主圣手，
甘心乐意跟主行走；
无论遭遇何事，
耶稣亲手领我。

等到行完此世路程，
靠主恩典得胜完成；
死亡冷河我也不惧，
有耶稣亲手领我。

耶稣领我，耶稣领我，
耶稣天天亲手领我；
愿从我主，坚信不移，
因蒙恩主亲手领我。",ye su ling wo wo zhen xi huan meng zhu yin dao xin zhong ping an wu lun he wang wu lun he zuo ye su sheng shou chang ling wo you shi zao yu kun ku you shang you shi da de en hui wu liang ping an xing lu huo yu wei xian ye su qin shou ling wo wo yuan jin wo zhu sheng shou gan xin le yi gen zhu xing zou wu lun zao yu he shi ye su qin shou ling wo deng dao xing wan ci shi lu cheng kao zhu en dian de sheng wan cheng si wang leng he wo ye bu ju you ye su qin shou ling wo ye su ling wo ye su ling wo ye su tian tian qin shou ling wo yuan cong wo zhu jian xin bu yi yin meng en zhu qin shou ling wo
ZMS-293,Hymn,主耶和华求你领我,"主耶和华求你领我，走过今世旷野路；
我无力量主有能力，愿主圣手常保护；
天上灵粮，天上灵粮，求主时常赐给我！
求主时常赐给我！

求主开通永生泉源，使旷野中不干涸；
求主使我云柱火柱，引我前路不走错；
全能救主，全能救主，做我盾牌保护我！
做我盾牌保护我！

当我走到约但河畔，烦恼惊惶惧怕全消散；
救主已经胜过死权，我靠救主也得胜；
圣诗赞歌，圣诗赞歌，我要常唱给你听！
我要常唱给你听！",zhu ye he hua qiu ni ling wo zou guo jin shi kuang ye lu wo wu li liang zhu you neng li yuan zhu sheng shou chang bao hu tian shang ling liang tian shang ling liang qiu zhu shi chang ci gei wo qiu zhu shi chang ci gei wo qiu zhu kai tong yong sheng quan yuan shi kuang ye zhong bu gan he qiu zhu shi wo yun zhu huo zhu yin wo qian lu bu zou cuo quan neng jiu zhu quan neng jiu zhu zuo wo dun pai bao hu wo zuo wo dun pai bao hu wo dang wo zou dao yue dan he pan fan nao jing huang ju pa quan xiao san jiu zhu yi jing sheng guo si quan wo kao jiu zhu ye de sheng sheng shi zan ge sheng shi zan ge wo yao chang chang gei ni ting wo yao chang chang gei ni ting
ZMS-296,Hymn,每一天,"每一天所度过的每一刻，我得着能力胜过试探；
我依靠天父周详的供应，我不用再恐慌与挂念。
祂的心极仁慈无可测度，祂每天都有最好安排，
不论忧或喜祂慈爱显明，劳苦中祂赐安泰。

每一天主自己与我相亲，每时刻赐下格外怜悯；
我挂虑，主愿安慰与担当，祂的名为策士与权能。
祂保护祂的儿女与珍宝，祂热心必要成全这事，
“你日子如何力量也如何，”这是祂向我应许。

每当遭遇患难求主搭救，全靠我主真诚的应许；
我确信主的体贴与安慰，深信圣经应许不落空。
恳求主，患难困苦中拯救，平稳与试炼皆由父旨，
我一生年日便如飞而去，直待进应许美地。",mei yi tian suo du guo de mei yi ke wo de zhe neng li sheng guo shi tan wo yi kao tian fu zhou xiang de gong ying wo bu yong zai kong huang yu gua nian ta de xin ji ren ci wu ke ce duo ta mei tian dou you zui hao an pai bu lun you huo xi ta ci ai xian ming lao ku zhong ta ci an tai mei yi tian zhu zi ji yu wo xiang qin mei shi ke ci xia ge wai lian min wo gua lv zhu yuan an wei yu dan dang ta de ming wei ce shi yu quan neng ta bao hu ta de er nv yu zhen bao ta re xin bi yao cheng quan zhe shi ni ri zi ru he li liang ye ru he zhe shi ta xiang wo ying xu mei dang zao yu huan nan qiu zhu da jiu quan kao wo zhu zhen cheng de ying xu wo que xin zhu de ti tie yu an wei shen xin sheng jing ying xu bu luo kong ken qiu zhu huan nan kun ku zhong zheng jiu ping wen yu shi lian jie you fu zhi wo yi sheng nian ri bian ru fei er qu zhi dai jin ying xu mei di
ZMS-306,Hymn,基督精兵前进,"基督精兵前进，为耶稣力战，高举圣架旌旗，胜仇敌万万，元帅就是耶稣，领大军败敌，务要努力前趋，奔向战场走。
军兵齐声大呼，众魔鬼逃遁，前往忠勇门徒，将群敌围困，战胜魔鬼权力，令地狱震动，弟兄高歌呼喊，赞美中惊恐。
世界诸国终倾，大权势失落，惟有天国永存，万年亦振兴，恶魔尽其权能，终不胜教会，皆因基督为主，十架永得胜。",ji du jing bing qian jin wei ye su li zhan gao ju sheng jia jing qi sheng chou di wan wan yuan shuai jiu shi ye su ling da jun bai di wu yao nu li qian qu ben xiang zhan chang zou jun bing qi sheng da hu zhong mo gui tao dun qian wang zhong yong men tu jiang qun di wei kun zhan sheng mo gui quan li ling di yu zhen dong di xiong gao ge hu han zan mei zhong jing kong shi jie zhu guo zhong qing da quan shi shi luo wei you tian guo yong cun wan nian yi zhen xing e mo jin qi quan neng zhong bu sheng jiao hui jie yin ji du wei zhu shi jia yong de sheng
ZMS-299,Hymn,永恒之君求前导,"永恒之君，求前导，出发时期已到，
此后旌旗所指处，我家便是战壕；
训练之期已过了，主恩造就英豪，
今朝永恒的君王，请听战歌声高。

永恒之君，求前导，直到血战完成，
圣善心怀好低唱，甘美和平阿们；
不藉刀剑的交锋，不藉战鼓催前进；
乃藉仁慈与大爱，天国才能降临。

永恒之君，求前导，从者毫无忧惊，
喜乐随着圣容来，好比破晓黎明；
辉煌十架正当头，在它光中前进；
华冠悬待凯旋人，全能神求前导。",yong heng zhi jun qiu qian dao chu fa shi qi yi dao ci hou jing qi suo zhi chu wo jia bian shi zhan hao xun lian zhi qi yi guo le zhu en zao jiu ying hao jin zhao yong heng de jun wang qing ting zhan ge sheng gao yong heng zhi jun qiu qian dao zhi dao xue zhan wan cheng sheng shan xin huai hao di chang gan mei he ping a men bu ji dao jian de jiao feng bu ji zhan gu cui qian jin nai ji ren ci yu da ai tian guo cai neng jiang lin yong heng zhi jun qiu qian dao cong zhe hao wu you jing xi le sui zhe sheng rong lai hao bi po xiao li ming hui huang shi jia zheng dang tou zai ta guang zhong qian jin hua guan xuan dai kai xuan ren quan neng shen qiu qian dao
ZMS-305,Hymn,世间似有两军对敌,"世间似有两军对敌，即是善与恶，
我等必须立定主意，归从那一个。
主已示我多数命令，明载圣经内，
救主助我遵此恩命，永远不违背。
日日与我仇敌争斗，明是我私心，
恶俗迷惑我意引诱，魔鬼常来侵。
仁爱诚实是我盔甲，圣道是我剑，
信德是我坚固藤牌，鬼魔发火箭。
我是耶稣基督精兵，必从我元帅，
仇敌虽恶，主能保护，有胜必无败。",shi jian shi you liang jun dui di ji shi shan yu e wo deng bi xu li ding zhu yi gui cong na yi ge zhu yi shi wo duo shu ming ling ming zai sheng jing nei jiu zhu zhu wo zun ci en ming yong yuan bu wei bei ri ri yu wo chou di zheng dou ming shi wo si xin e su mi huo wo yi yin you mo gui chang lai qin ren ai cheng shi shi wo kui jia sheng dao shi wo jian xin de shi wo jian gu teng pai gui mo fa huo jian wo shi ye su ji du jing bing bi cong wo yuan shuai chou di sui e zhu neng bao hu you sheng bi wu bai
ZMS-314,Hymn,趁快工作夜将临,"趁快工作，夜将临，趁着早晨清醒，
急行天路莫逍遥，工作要辛勤；
阳光渐渐更明亮，我当更加奋兴；
趁快工作夜将临，夜临工当成。

趁快工作，夜将临，趁着白昼光明，
尽心，尽意，尽力量，勤励惜分阴；
分阴飞逝难留住，应当充实善行；
趁快工作夜将临，夜临工必停。

趁快工作，夜将临，趁着暮色未深，
红霞笼罩群山顶，落日正西沉；
尚有多人未得救，虽劳切莫暂停；
趁快工作夜将临，夜临工便成。",chen kuai gong zuo ye jiang lin chen zhe zao chen qing xing ji xing tian lu mo xiao yao gong zuo yao xin qin yang guang jian jian geng ming liang wo dang geng jia fen xing chen kuai gong zuo ye jiang lin ye lin gong dang cheng chen kuai gong zuo ye jiang lin chen zhe bai zhou guang ming jin xin jin yi jin li liang qin li xi fen yin fen yin fei shi nan liu zhu ying dang chong shi shan xing chen kuai gong zuo ye jiang lin ye lin gong bi ting chen kuai gong zuo ye jiang lin chen zhe mu se wei shen hong xia long zhao qun shan ding luo ri zheng xi chen shang you duo ren wei de jiu sui lao qie mo zan ting chen kuai gong zuo ye jiang lin ye lin gong bian cheng
ZMS-313,Hymn,求主教我听主恩音,"求主教我听主恩音，使我向人作主回声，
使我寻找迷路同胞，如主追寻沦落子民。

求主传授无价珍言，使我也能向人传述，
使我言辞如同双翼，能飞入人心深处。

求主赐我丰富生命，愿主丰盛充满我心，
思想言语日日发圣热，宣扬主爱，赞美乐。

求主用我，不将我弃，愿遵主旨，随时随地，
直到一见主面，如常分享主安息。",qiu zhu jiao wo ting zhu en yin shi wo xiang ren zuo zhu hui sheng shi wo xun zhao mi lu tong bao ru zhu zhui xun lun luo zi min qiu zhu chuan shou wu jia zhen yan shi wo ye neng xiang ren chuan shu shi wo yan ci ru tong shuang yi neng fei ru ren xin shen chu qiu zhu ci wo feng fu sheng ming yuan zhu feng sheng chong man wo xin si xiang yan yu ri ri fa sheng re xuan yang zhu ai zan mei le qiu zhu yong wo bu jiang wo qi yuan zun zhu zhi sui shi sui di zhi dao yi jian zhu mian ru chang fen xiang zhu an xi
ZMS-329,Hymn,主啊容我与你同行,"主啊，容我与你同行，甘愿自卑，服事他人；
求主示我，治事秘诀，教我忍耐克服艰辛。

求主助我善用爱心，常以良言，感化邻人；
随时随地，引人离恶，归依救主行走天程。

求主教我学你忍耐，与主相亲，与主同在；
工作之时，加我信心，使我刚强，将敌战败。

求主助我盼望常存，展望前程，远大光明；
无上平安惟主能赐，主啊，容我，与你同行！",zhu a rong wo yu ni tong hang gan yuan zi bei fu shi ta ren qiu zhu shi wo zhi shi mi jue jiao wo ren nai ke fu jian xin qiu zhu zhu wo shan yong ai xin chang yi liang yan gan hua lin ren sui shi sui di yin ren li e gui yi jiu zhu xing zou tian cheng qiu zhu jiao wo xue ni ren nai yu zhu xiang qin yu zhu tong zai gong zuo zhi shi jia wo xin xin shi wo gang qiang jiang di zhan bai qiu zhu zhu wo pan wang chang cun zhan wang qian cheng yuan da guang ming wu shang ping an wei zhu neng ci zhu a rong wo yu ni tong hang
ZMS-317,Hymn,早起撒主种子,"早起撒主种子，落于人心田里，晌午仍要出去，莫等日落下。盼望庄稼熟了，时候快快临到，我们就要欢乐，收成在天家。
收成在天家，收成在天家，我们同来欢乐，收成在天家；收成在天家，收成在天家，我们同来欢乐，收成在天家。
暑日撒主种子，时刻勤做主工，虽遇狂风暴雨，也不可惧怕。等到工夫完毕，目前安乐无穷，我们就要欢乐，收成在天家。
收成在天家，收成在天家，我们同来欢乐，收成在天家；收成在天家，收成在天家，我们同来欢乐，收成在天家。
流泪撒主种子，惟恐有不结实，莫讨人的喜欢，须求主夸奖。流泪快要过去，工人永蒙福祉，我们就要欢乐，收成在天家。
收成在天家，收成在天家，我们同来欢乐，收成在天家；收成在天家，收成在天家，我们同来欢乐，收成在天家。",zao qi sa zhu zhong zi luo yu ren xin tian li shang wu reng yao chu qu mo deng ri luo xia pan wang zhuang jia shu le shi hou kuai kuai lin dao wo men jiu yao huan le shou cheng zai tian jia shou cheng zai tian jia shou cheng zai tian jia wo men tong lai huan le shou cheng zai tian jia shou cheng zai tian jia shou cheng zai tian jia wo men tong lai huan le shou cheng zai tian jia shu ri sa zhu zhong zi shi ke qin zuo zhu gong sui yu kuang feng bao yu ye bu ke ju pa deng dao gong fu wan bi mu qian an le wu qiong wo men jiu yao huan le shou cheng zai tian jia shou cheng zai tian jia shou cheng zai tian jia wo men tong lai huan le shou cheng zai tian jia shou cheng zai tian jia shou cheng zai tian jia wo men tong lai huan le shou cheng zai tian jia liu lei sa zhu zhong zi wei kong you bu jie shi mo tao ren de xi huan xu qiu zhu kua jiang liu lei kuai yao guo qu gong ren yong meng fu zhi wo men jiu yao huan le shou cheng zai tian jia shou cheng zai tian jia shou cheng zai tian jia wo men tong lai huan le shou cheng zai tian jia shou cheng zai tian jia shou cheng zai tian jia wo men tong lai huan le shou cheng zai tian jia
ZMS-307,Hymn,兴起兴起为耶稣,"兴起，兴起为耶稣，作主十架精兵；
高举基督君王旗，绝不能，不能损主威名；
从得胜不断的得胜，主必统领全军；
直到仇敌皆消灭，惟有基督是总领。

兴起，兴起为耶稣，号角传来军令；
今天是主荣耀日，快去应召赴战场；
蒙恩被召的士兵，奋勇抵挡强敌；
危险越多胆越壮，力量越发刚强。

兴起，兴起为耶稣，争战不会久长；
今日虽有战声，明日凯歌欢唱；
凡能得胜的义士，主赐生命冠冕；
他必与荣耀之王，永永远远同掌权。",xing qi xing qi wei ye su zuo zhu shi jia jing bing gao ju ji du jun wang qi jue bu neng bu neng sun zhu wei ming cong de sheng bu duan de de sheng zhu bi tong ling quan jun zhi dao chou di jie xiao mie wei you ji du shi zong ling xing qi xing qi wei ye su hao jiao chuan lai jun ling jin tian shi zhu rong yao ri kuai qu ying zhao fu zhan chang meng en bei zhao di shi bing fen yong di dang qiang di wei xian yue duo dan yue zhuang li liang yue fa gang qiang xing qi xing qi wei ye su zheng zhan bu hui jiu chang jin ri sui you zhan sheng ming ri kai ge huan chang fan neng de sheng de yi shi zhu ci sheng ming guan mian ta bi yu rong yao zhi wang yong yong yuan yuan tong zhang quan
ZMS-337,Hymn,传给万邦的故事,"我们有一故事传给万邦，使人心归正离邪薄，这故事是真理慈爱，是讲述平安真光，是讲述平安真光。

我们有一诗歌唱给万邦，能使人心向主归降，这诗歌能胜过罪恶，能粉碎利剑矛枪，是粉碎利剑矛枪。

我们有一信息传给万邦，是高天掌权荣耀王，差遣独生子成救赎，显明祂慈爱足彰，显明祂慈爱无量。

有一救主要介绍给万邦，忧苦路祂走过多趟，全世界的男女老少，皆来归附主足旁，皆来归附主足旁。

因黑夜必要转为晨光，中午太阳更显辉煌，基督国度必降临地上，大地充满爱与光。",wo men you yi gu shi chuan gei wan bang shi ren xin gui zheng li xie bao zhe gu shi shi zhen li ci ai shi jiang shu ping an zhen guang shi jiang shu ping an zhen guang wo men you yi shi ge chang gei wan bang neng shi ren xin xiang zhu gui xiang zhe shi ge neng sheng guo zui e neng fen sui li jian mao qiang shi fen sui li jian mao qiang wo men you yi xin xi chuan gei wan bang shi gao tian zhang quan rong yao wang chai qian du sheng zi cheng jiu shu xian ming ta ci ai zu zhang xian ming ta ci ai wu liang you yi jiu zhu yao jie shao gei wan bang you ku lu ta zou guo duo tang quan shi jie de nan nv lao shao jie lai gui fu zhu zu pang jie lai gui fu zhu zu pang yin hei ye bi yao zhuan wei chen guang zhong wu tai yang geng xian hui huang ji du guo du bi jiang lin di shang da di chong man ai yu guang
ZMS-308,Hymn,兴起兴起为耶稣,"兴起，兴起为耶稣！作主十架精兵，
高举基督君王旗，莫损我主威名；
得胜不断的得胜，主亲统领全军，
直到仇敌皆消灭，惟主基督为君。

兴起，兴起为耶稣！主命召必听从，
今天是主荣耀日，快向战场进攻；
大家服役主旗下，奋勇不要惧怕，
危险之时显胆量，力量更加强大。

兴起，兴起为耶稣！专心赖主大能，
血气膀臂必失败，莫靠自己才能；
争战兵器非血气，主赐何等能力，
全副军装要穿戴，祈祷警醒守候。

兴起，兴起为耶稣！交战时日无多，
今朝虽闻战声隆，明日凯歌高歌；
得胜者主亲赐给，生命冠冕荣耀，
与荣耀王同掌权，直到永远。",xing qi xing qi wei ye su zuo zhu shi jia jing bing gao ju ji du jun wang qi mo sun wo zhu wei ming de sheng bu duan de de sheng zhu qin tong ling quan jun zhi dao chou di jie xiao mie wei zhu ji du wei jun xing qi xing qi wei ye su zhu ming zhao bi ting cong jin tian shi zhu rong yao ri kuai xiang zhan chang jin gong da jia fu yi zhu qi xia fen yong bu yao ju pa wei xian zhi shi xian dan liang li liang geng jia qiang da xing qi xing qi wei ye su zhuan xin lai zhu da neng xue qi bang bi bi shi bai mo kao zi ji cai neng zheng zhan bing qi fei xue qi zhu ci he deng neng li quan fu jun zhuang yao chuan dai qi dao jing xing shou hou xing qi xing qi wei ye su jiao zhan shi ri wu duo jin zhao sui wen zhan sheng long ming ri kai ge gao ge de sheng zhe zhu qin ci gei sheng ming guan mian rong yao yu rong yao wang tong zhang quan zhi dao yong yuan
ZMS-332,Hymn,看天父无穷大恩光,"看天父无穷大恩光，从天上普照万方，
祂命令我们当发光，去照亮沿岸暗礁。
现正当夜深迷蒙时，人们在汹涌苦海，
千万眼睛迫切在等待，热望得见救人光。
你当擦净灯，添上油，使邻舍得见你光，
告诉人人，耶稣寻找迷羊，惟祂能救人死亡。
你的光当照在人前，为我主广照无边，
许多人如醉亦如眠，但等你呼唤拯救。",kan tian fu wu qiong da en guang cong tian shang pu zhao wan fang ta ming ling wo men dang fa guang qu zhao liang yan an an jiao xian zheng dang ye shen mi meng shi ren men zai xiong yong ku hai qian wan yan jing po qie zai deng dai re wang de jian jiu ren guang ni dang ca jing deng tian shang you shi lin she de jian ni guang gao su ren ren ye su xun zhao mi yang wei ta neng jiu ren si wang ni de guang dang zhao zai ren qian wei wo zhu guang zhao wu bian xu duo ren ru zui yi ru mian dan deng ni hu huan zheng jiu
ZMS-340,Hymn,何等大快乐,"何等大快乐，何等深情谊，倚靠在这永远膀臂上；
何等的平安，何等的福气，倚靠在这永远膀臂上。
倚靠，倚靠，安定稳妥一无惊慌，
倚靠，倚靠，倚靠在主耶稣膀臂上。

我满心喜欢，行走这天程，倚靠在这永远膀臂上；
越走越光明，日日向前行，倚靠在这永远膀臂上。
倚靠，倚靠，安定稳妥一无惊慌，
倚靠，倚靠，倚靠在主耶稣膀臂上。

我又何所惧，我又何所惊，倚靠在这永远膀臂上；
有福之平安，与我主亲近，倚靠在这永远膀臂上。
倚靠，倚靠，安定稳妥一无惊慌，
倚靠，倚靠，倚靠在主耶稣膀臂上。",he deng da kuai le he deng shen qing yi yi kao zai zhe yong yuan bang bi shang he deng de ping an he deng de fu qi yi kao zai zhe yong yuan bang bi shang yi kao yi kao an ding wen tuo yi wu jing huang yi kao yi kao yi kao zai zhu ye su bang bi shang wo man xin xi huan xing zou zhe tian cheng yi kao zai zhe yong yuan bang bi shang yue zou yue guang ming ri ri xiang qian xing yi kao zai zhe yong yuan bang bi shang yi kao yi kao an ding wen tuo yi wu jing huang yi kao yi kao yi kao zai zhu ye su bang bi shang wo you he suo ju wo you he suo jing yi kao zai zhe yong yuan bang bi shang you fu zhi ping an yu wo zhu qin jin yi kao zai zhe yong yuan bang bi shang yi kao yi kao an ding wen tuo yi wu jing huang yi kao yi kao yi kao zai zhu ye su bang bi shang
ZMS-343,Hymn,奇妙的救主,"基督完成赎罪大功，何等奇妙的救主！
我罪清偿，祂恩无穷；何等奇妙的救主！
我赞美祂洗罪宝血，何等奇妙的救主！
使我与神和好心悦；何等奇妙的救主！
我心罪恶，祂全洗净，何等奇妙的救主！
今在我心，祂掌权柄；何等奇妙的救主！
祂赐力量，使我坚强，何等奇妙的救主！
使我克服困难、试炼；何等奇妙的救主！
何等奇妙的救主，是耶稣，我耶稣！
何等奇妙的救主，是耶稣我主！",ji du wan cheng shu zui da gong he deng qi miao de jiu zhu wo zui qing chang ta en wu qiong he deng qi miao de jiu zhu wo zan mei ta xi zui bao xue he deng qi miao de jiu zhu shi wo yu shen he hao xin yue he deng qi miao de jiu zhu wo xin zui e ta quan xi jing he deng qi miao de jiu zhu jin zai wo xin ta zhang quan bing he deng qi miao de jiu zhu ta ci li liang shi wo jian qiang he deng qi miao de jiu zhu shi wo ke fu kun nan shi lian he deng qi miao de jiu zhu he deng qi miao de jiu zhu shi ye su wo ye su he deng qi miao de jiu zhu shi ye su wo zhu
ZMS-344,Hymn,主活在我心,"从前在罪中远离神，心怀毫无亮光。
从主言语中才觉悟，基督活在心中。
好像太阳放出光芒，遍地花朵开放。
自从基督活在心中，才有生命爱光。
我心充满渴慕之情，能像恩主完全。
因有基督活在心中，里面充满恩典。
主活在我心，主活在我心，主活在我心中。
啊，何等奇妙救恩，基督活在我心。",cong qian zai zui zhong yuan li shen xin huai hao wu liang guang cong zhu yan yu zhong cai jue wu ji du huo zai xin zhong hao xiang tai yang fang chu guang mang bian di hua duo kai fang zi cong ji du huo zai xin zhong cai you sheng ming ai guang wo xin chong man ke mu zhi qing neng xiang en zhu wan quan yin you ji du huo zai xin zhong li mian chong man en dian zhu huo zai wo xin zhu huo zai wo xin zhu huo zai wo xin zhong a he deng qi miao jiu en ji du huo zai wo xin
ZMS-345,Hymn,今有日光照在我心,"今有日光照在我心内，极大荣耀辉煌，
世上微光不能比较，因耶稣是我光。

今有音乐充满我心内，向我君王颂扬，
耶稣喜听我的歌声，虽我不善于唱。

今有主耶稣与我同在，我心就有畅快，
平安圣灵在我心内，唱出主大恩爱。

快乐日光，有福日光，何时有这快乐平安来，
就是耶稣欢笑时候，有日光照我心怀。",jin you ri guang zhao zai wo xin nei ji da rong yao hui huang shi shang wei guang bu neng bi jiao yin ye su shi wo guang jin you yin yue chong man wo xin nei xiang wo jun wang song yang ye su xi ting wo de ge sheng sui wo bu shan yu chang jin you zhu ye su yu wo tong zai wo xin jiu you chang kuai ping an sheng ling zai wo xin nei chang chu zhu da en ai kuai le ri guang you fu ri guang he shi you zhe kuai le ping an lai jiu shi ye su huan xiao shi hou you ri guang zhao wo xin huai
ZMS-339,Hymn,不住的歌唱,"在我心里有美妙乐音，是主温和细语声，
安心勿惧怕，有我同在，度过那生命路程。

罪恶使我生命弦折断，曲不和谐何痛心，
幸得耶稣调声续断弦，再发悠扬美妙音。

主赐我丰厚恩典筵席，荫庇主翅下安息，
瞻望主笑容我心欢乐，故我要歌唱不已。

有时主领我涉过深水，是主试炼满布在前途，
有时经历崎岖险路径，仍愿跟随主脚步。

耶稣，耶稣，耶稣，最甜美之名，
满足我心渴慕，使我歌唱往前行。",zai wo xin li you mei miao yue yin shi zhu wen he xi yu sheng an xin wu ju pa you wo tong zai du guo na sheng ming lu cheng zui e shi wo sheng ming xian zhe duan qu bu he xie he tong xin xing de ye su diao sheng xu duan xian zai fa you yang mei miao yin zhu ci wo feng hou en dian yan xi yin bi zhu chi xia an xi zhan wang zhu xiao rong wo xin huan le gu wo yao ge chang bu yi you shi zhu ling wo she guo shen shui shi zhu shi lian man bu zai qian tu you shi jing li qi qu xian lu jing reng yuan gen sui zhu jiao bu ye su ye su ye su zui tian mei zhi ming man zu wo xin ke mu shi wo ge chang wang qian xing
ZMS-322,Hymn,"O Zion, Haste","信徒快遵主命去到普天下，
遍告世人，惟有神是真光，
使无人不晓，真神心中甚愿意，
世人得救，不愿一人沦亡。

多少世人，至今各族各方，
受了捆绑，死在罪恶之中；
无人去传告，耶稣舍命的救恩，
由死复活，就可以进天堂。

世界各国、各族、各民，
都当知道真神就是慈爱；
传扬救主舍命拯救失丧世人，
由死得生，可以在天上。

谁愿献身，宣扬救主的奇妙？
谁愿献财，帮助他们往前？
谁愿祈祷，恳切恒久得胜？
凡为主费，耶稣必偿还。

传扬好信息，和平福音，
传扬主耶稣，愿意救赎罪人。",xin tu kuai zun zhu ming qu dao pu tian xia bian gao shi ren wei you shen shi zhen guang shi wu ren bu xiao zhen shen xin zhong shen yuan yi shi ren de jiu bu yuan yi ren lun wang duo shao shi ren zhi jin ge zu ge fang shou le kun bang si zai zui e zhi zhong wu ren qu chuan gao ye su she ming de jiu en you si fu huo jiu ke yi jin tian tang shi jie ge guo ge zu ge min dou dang zhi dao zhen shen jiu shi ci ai chuan yang jiu zhu she ming zheng jiu shi sang shi ren you si de sheng ke yi zai tian shang shui yuan xian shen xuan yang jiu zhu de qi miao shui yuan xian cai bang zhu ta men wang qian shui yuan qi dao ken qie heng jiu de sheng fan wei zhu fei ye su bi chang huan chuan yang hao xin xi he ping fu yin chuan yang zhu ye su yuan yi jiu shu zui ren
ZMS-360,Hymn,赞美我天父,"赞美我天父，差遣爱子下降，到世为罪人受死，在天今做王。
赞美我天父，祂赐圣灵之光，将救主显明给我，将黑暗扫荡。
荣耀与颂赞，都归被杀羔羊，舍生命为赎罪污，使洁净明亮。
求复兴众人，施爱充溢我心，赐灵火重燃我灵，使灵性更新。
哈利路亚，荣耀归主，哈利路亚，阿们，哈利路亚，荣耀归主，求复兴众人。",zan mei wo tian fu chai qian ai zi xia jiang dao shi wei zui ren shou si zai tian jin zuo wang zan mei wo tian fu ta ci sheng ling zhi guang jiang jiu zhu xian ming gei wo jiang hei an sao dang rong yao yu song zan dou gui bei sha gao yang she sheng ming wei shu zui wu shi jie jing ming liang qiu fu xing zhong ren shi ai chong yi wo xin ci ling huo zhong ran wo ling shi ling xing geng xin ha li lu ya rong yao gui zhu ha li lu ya a men ha li lu ya rong yao gui zhu qiu fu xing zhong ren
ZMS-346,Hymn,在十架上我救主舍命,"在十架上我救主舍命，靠主十架我罪得洗净，
除我重担，安慰我伤心。
我今靠主有无限平安，有主时常住在我心内，
如此蒙恩，我实在不配。
我主慈爱有口难说尽，靠主恩典我心甚快乐，
赞美我主，时常顾念我。
荣耀归主名，荣耀归主名，荣耀归主名，
主奇妙恩，我一生难忘，荣耀归主名。",zai shi jia shang wo jiu zhu she ming kao zhu shi jia wo zui de xi jing chu wo zhong dan an wei wo shang xin wo jin kao zhu you wu xian ping an you zhu shi chang zhu zai wo xin nei ru ci meng en wo shi zai bu pei wo zhu ci ai you kou nan shuo jin kao zhu en dian wo xin shen kuai le zan mei wo zhu shi chang gu nian wo rong yao gui zhu ming rong yao gui zhu ming rong yao gui zhu ming zhu qi miao en wo yi sheng nan wang rong yao gui zhu ming
ZMS-364,Hymn,赞祂赞祂,"赞祂！赞祂！赞美耶稣慈爱救主；全地高唱将祂奇爱宣扬！颂祂！颂祂！荣耀天使俯伏歌唱，荣耀，尊贵，归与救主圣名！耶稣如同牧人护卫祂羊群，终日怀抱在祂慈爱怀中；
赞祂！赞祂！赞美耶稣慈爱救主；祂为我罪受苦流血舍身！祂是磐石，是我永远救恩盼望，颂祂！颂祂！颂扬钉十架主。慈爱救主默默无声受创痛，头戴荆棘额上鲜血点点；
赞祂！赞祂！赞美耶稣慈爱救主；天上众圣高声唱“和散那”！耶稣基督，掌权直到永永远远，冠祂！冠祂！先知，祭司，君王！死亡消灭让我们齐声歌唱：“你所夸耀得胜坟墓安在？”
赞祂！赞祂！锡安居民都当赞祂！赞祂！赞祂！永以乐歌赞祂。",zan ta zan ta zan mei ye su ci ai jiu zhu quan di gao chang jiang ta qi ai xuan yang song ta song ta rong yao tian shi fu fu ge chang rong yao zun gui gui yu jiu zhu sheng ming ye su ru tong mu ren hu wei ta yang qun zhong ri huai bao zai ta ci ai huai zhong zan ta zan ta zan mei ye su ci ai jiu zhu ta wei wo zui shou ku liu xie she shen ta shi pan shi shi wo yong yuan jiu en pan wang song ta song ta song yang ding shi jia zhu ci ai jiu zhu mo mo wu sheng shou chuang tong tou dai jing ji e shang xian xue dian dian zan ta zan ta zan mei ye su ci ai jiu zhu tian shang zhong sheng gao sheng chang he san na ye su ji du zhang quan zhi dao yong yong yuan yuan guan ta guan ta xian zhi ji si jun wang si wang xiao mie rang wo men qi sheng ge chang ni suo kua yao de sheng fen mu an zai zan ta zan ta xi an ju min dou dang zan ta zan ta zan ta yong yi yue ge zan ta
ZMS-334,Hymn,我传福音甚欢欣,"我传福音甚欢欣，讲论耶稣救世主，
如何屈己自天降，如何在世受苦，
我喜传主福音，深知圣道是真，
远胜世上之金银，使我快乐满心。

我传福音甚欢欣，常言有耶稣救恩，
每逢说此福音，更觉加倍美好，
我喜传主福音，多处尚未传到，
天父奇妙之救恩，圣经有福真道。

我传福音甚欢欣，熟知者仍爱听，
愿从头说一次，便觉更加甜蜜，
我喜传主福音，因其历古常新，
新歌依旧如初，我心所爱福音。

我传福音甚欢欣，日后在天奏金琴，
仍唱昔日之福音，称颂耶稣慈爱。",wo chuan fu yin shen huan xin jiang lun ye su jiu shi zhu ru he qu ji zi tian jiang ru he zai shi shou ku wo xi chuan zhu fu yin shen zhi sheng dao shi zhen yuan sheng shi shang zhi jin yin shi wo kuai le man xin wo chuan fu yin shen huan xin chang yan you ye su jiu en mei feng shuo ci fu yin geng jue jia bei mei hao wo xi chuan zhu fu yin duo chu shang wei chuan dao tian fu qi miao zhi jiu en sheng jing you fu zhen dao wo chuan fu yin shen huan xin shu zhi zhe reng ai ting yuan cong tou shuo yi ci bian jue geng jia tian mi wo xi chuan zhu fu yin yin qi li gu chang xin xin ge yi jiu ru chu wo xin suo ai fu yin wo chuan fu yin shen huan xin ri hou zai tian zou jin qin reng chang xi ri zhi fu yin cheng song ye su ci ai
ZMS-382,Hymn,耶稣爱我,"耶稣爱我，万不错，因有圣书告诉我，凡小孩子主牧养，我虽软弱主强壮。
耶稣爱我，舍生命，将我罪恶洗干净；天堂窄门替我开，把祂小羊引进来。
耶稣爱我到永远，一生路程祂陪伴；倘若生前我爱祂，死后领我到祂家。
主耶稣爱我，主耶稣爱我，主耶稣爱我，有圣书告诉我。",ye su ai wo wan bu cuo yin you sheng shu gao su wo fan xiao hai zi zhu mu yang wo sui ruan ruo zhu qiang zhuang ye su ai wo she sheng ming jiang wo zui e xi gan jing tian tang zhai men ti wo kai ba ta xiao yang yin jin lai ye su ai wo dao yong yuan yi sheng lu cheng ta pei ban tang ruo sheng qian wo ai ta si hou ling wo dao ta jia zhu ye su ai wo zhu ye su ai wo zhu ye su ai wo you sheng shu gao su wo
ZMS-368,Hymn,谷中百合花,"主耶稣是我良友，有主胜得万有，万中救主是我最好灵友；
主是谷中百合花，惟一需要祂，祂能洗净我使我圣洁无瑕；
悲伤时祂来解忧愁，患难时祂保佑，一切忧虑全放在主肩头；
主是谷中百合花，晨星灿烂光华，万人中救主最美好我灵魂。

主带走一切忧愁，将我悲伤等担当，受试探时祂是我力量；
我尽心尽力爱祂，除掉一切偶像，祂有能力保守我为祂而活；
虽然世人弃绝我，撒但苦苦试探我，靠耶稣我安全到达目的；
主是谷中百合花，晨星灿烂光华，万人中救主最美好我灵魂。

主永不把我舍弃，将我完全眷顾，忠诚信靠遵行主意旨；
有云柱火柱护围，遭何事不慌，主赐吗哪喂养我灵得健；
到荣耀天家见主圣面，快乐江河长流至永年；
主是谷中百合花，晨星灿烂光华，万人中救主最美好我灵魂。",zhu ye su shi wo liang you you zhu sheng de wan you wan zhong jiu zhu shi wo zui hao ling you zhu shi gu zhong bai he hua wei yi xu yao ta ta neng xi jing wo shi wo sheng jie wu xia bei shang shi ta lai jie you chou huan nan shi ta bao you yi qie you lv quan fang zai zhu jian tou zhu shi gu zhong bai he hua chen xing can lan guang hua wan ren zhong jiu zhu zui mei hao wo ling hun zhu dai zou yi qie you chou jiang wo bei shang deng dan dang shou shi tan shi ta shi wo li liang wo jin xin jin li ai ta chu diao yi qie ou xiang ta you neng li bao shou wo wei ta er huo sui ran shi ren qi jue wo sa dan ku ku shi tan wo kao ye su wo an quan dao da mu di zhu shi gu zhong bai he hua chen xing can lan guang hua wan ren zhong jiu zhu zui mei hao wo ling hun zhu yong bu ba wo she qi jiang wo wan quan juan gu zhong cheng xin kao zun xing zhu yi zhi you yun zhu huo zhu hu wei zao he shi bu huang zhu ci ma na wei yang wo ling de jian dao rong yao tian jia jian zhu sheng mian kuai le jiang he chang liu zhi yong nian zhu shi gu zhong bai he hua chen xing can lan guang hua wan ren zhong jiu zhu zui mei hao wo ling hun
ZMS-355,Hymn,耶稣是全世界于我,"耶稣是全世界于我，生命喜乐珍宝；
祂是我的随时力量，离祂我必跌倒；
当我愁苦来就耶稣，无人似祂如此安慰；
使我欢欣，解我心忧，祂是我友。

耶稣是全世界于我，急难之时良友；
恩上加恩难以计算，因我向祂祈求；
祂赐日光，又赐甘霖，祂使禾田结金粒；
日光甘霖，庄稼丰盈，祂是我友。

耶稣是全世界于我，我要忠诚待祂；
祂既如此真诚待我，我岂能拒绝祂；
跟随祂行，我知无错，祂日夜看顾保护；
跟随祂行，日夜不停，祂是我友。

耶稣是全世界于我，此生我愿靠祂；
我信靠祂何时每刻，直到此生终结；
美好生命，有主为友，美好生命，永无穷尽；
永生喜乐，无穷无尽，祂是我友。",ye su shi quan shi jie yu wo sheng ming xi le zhen bao ta shi wo de sui shi li liang li ta wo bi die dao dang wo chou ku lai jiu ye su wu ren shi ta ru ci an wei shi wo huan xin jie wo xin you ta shi wo you ye su shi quan shi jie yu wo ji nan zhi shi liang you en shang jia en nan yi ji suan yin wo xiang ta qi qiu ta ci ri guang you ci gan lin ta shi he tian jie jin li ri guang gan lin zhuang jia feng ying ta shi wo you ye su shi quan shi jie yu wo wo yao zhong cheng dai ta ta ji ru ci zhen cheng dai wo wo qi neng ju jue ta gen sui ta xing wo zhi wu cuo ta ri ye kan gu bao hu gen sui ta xing ri ye bu ting ta shi wo you ye su shi quan shi jie yu wo ci sheng wo yuan kao ta wo xin kao ta he shi mei ke zhi dao ci sheng zhong jie mei hao sheng ming you zhu wei you mei hao sheng ming yong wu qiong jin yong sheng xi le wu qiong wu jin ta shi wo you
ZMS-384,Hymn,爱拯救我,"我曾在罪中沉溺，远离平安之岸，罪恶污秽满心中，沉沦不再起来；忽听救主慈声，听我祷告呼吁，从水中把我救起，今安全无恙。
爱拯救我，爱拯救我，当一切不能帮助，爱拯救我；爱拯救我，爱拯救我，当一切不能帮助，爱拯救我。
我今献上我心，永远靠近主，在祂有福同在中，永远歌颂主；主爱何等坚固，真诚又大能，我心歌唱不停，愿献服役虔诚。
众灵魂在危险中，仰望救主，祂能用爱救你脱离怒涛；祂是海洋之主，风浪顺服祂，祂愿作你救主，今日就得救。",wo ceng zai zui zhong chen ni yuan li ping an zhi an zui e wu hui man xin zhong chen lun bu zai qi lai hu ting jiu zhu ci sheng ting wo dao gao hu yu cong shui zhong ba wo jiu qi jin an quan wu yang ai zheng jiu wo ai zheng jiu wo dang yi qie bu neng bang zhu ai zheng jiu wo ai zheng jiu wo ai zheng jiu wo dang yi qie bu neng bang zhu ai zheng jiu wo wo jin xian shang wo xin yong yuan kao jin zhu zai ta you fu tong zai zhong yong yuan ge song zhu zhu ai he deng jian gu zhen cheng you da neng wo xin ge chang bu ting yuan xian fu yi qian cheng zhong ling hun zai wei xian zhong yang wang jiu zhu ta neng yong ai jiu ni tuo li nu tao ta shi hai yang zhi zhu feng lang shun fu ta ta yuan zuo ni jiu zhu jin ri jiu de jiu
ZMS-378,Hymn,我希奇耶稣的恩爱,"我希奇耶稣的恩爱，竟这么广大普遍；
像我这个罪恶奴仆，也会蒙祂所爱怜。

跪在客西马尼园内，祈祷愿父旨意成全；
祂流泪不是为自己，乃为我流出血点。

我当受的审判，祂愿亲身担当我；
祂在各各他背十架，乃孤单受苦致死。

我主耶稣奇妙恩爱，何以如此对待我；
我在荣耀天上国，也要歌唱主爱我。

真是奇妙，实在奇妙，我要歌唱，要舞蹈；
真是奇妙，实在奇妙，我也蒙祂所选召。",wo xi qi ye su de en ai jing zhe me guang da pu bian xiang wo zhe ge zui e nu pu ye hui meng ta suo ai lian gui zai ke xi ma ni yuan nei qi dao yuan fu zhi yi cheng quan ta liu lei bu shi wei zi ji nai wei wo liu chu xie dian wo dang shou de shen pan ta yuan qin shen dan dang wo ta zai ge ge ta bei shi jia nai gu dan shou ku zhi si wo zhu ye su qi miao en ai he yi ru ci dui dai wo wo zai rong yao tian shang guo ye yao ge chang zhu ai wo zhen shi qi miao shi zai qi miao wo yao ge chang yao wu dao zhen shi qi miao shi zai qi miao wo ye meng ta suo xuan zhao
ZMS-379,Hymn,歌颂主爱,"我更颂主大慈爱，口舌永说不尽；
甘愿舍身到尘世，为我受刑，流血赎我罪身；
将我污秽洗白净，日与父神亲近；
主恩爱高过诸天，永远颂赞我心愿。

主的爱越久越深，主的爱越久越深；
富足、丰满、深奥，耶稣我主大爱，
主的爱越久越深。",wo geng song zhu da ci ai kou she yong shuo bu jin gan yuan she shen dao chen shi wei wo shou xing liu xie shu wo zui shen jiang wo wu hui xi bai jing ri yu fu shen qin jin zhu en ai gao guo zhu tian yong yuan song zan wo xin yuan zhu de ai yue jiu yue shen zhu de ai yue jiu yue shen fu zu feng man shen ao ye su wo zhu da ai zhu de ai yue jiu yue shen
ZMS-383,Hymn,主祢牺牲的爱,"主，祢牺牲的爱，已赐给我，主；
我不愿为己留下什么；
我在爱中景仰，
将我心愿还偿，
今将供物献上；
奉献与祢。

主在施恩座前，为我求父；
我的信心软弱且穷乏；
求助我十架背上，
将祢奇妙爱宣扬，
以祷告或歌唱；
奉献与祢。

赐我忠诚之心，像祢真诚；
我愿爱祢而忘自己；
时时为爱主作工，
将事事作成主工，
能担祢所付；
奉献与祢。

此生所有一切，皆祢所赐；
我虽在喜乐而且悲苦；
何时得见祢面，
我灵因祢救赎了我，
永远献奉主上。",zhu mi xi sheng de ai yi ci gei wo zhu wo bu yuan wei ji liu xia shen me wo zai ai zhong jing yang jiang wo xin yuan hai chang jin jiang gong wu xian shang feng xian yu mi zhu zai shi en zuo qian wei wo qiu fu wo de xin xin ruan ruo qie qiong fa qiu zhu wo shi jia bei shang jiang mi qi miao ai xuan yang yi dao gao huo ge chang feng xian yu mi ci wo zhong cheng zhi xin xiang mi zhen cheng wo yuan ai mi er wang zi ji shi shi wei ai zhu zuo gong jiang shi shi zuo cheng zhu gong neng dan mi suo fu feng xian yu mi ci sheng suo you yi qie jie mi suo ci wo sui zai xi le er qie bei ku he shi de jian mi mian wo ling yin mi jiu shu le wo yong yuan xian feng zhu shang
ZMS-393,Hymn,都归耶稣,"愿我全心才智力量，都归耶稣我救主；
既由罪恶已蒙救出，理当完全归耶稣。
愿我双手为主服务，愿我双足跟主行，
愿我双目仰望耶稣，愿我口舌颂主名。
自我眼睛注定耶稣，世界富贵愿丢弃，
每逢想到十架救赎，愿我心真是爱祂。
何等希奇何等奥妙，救主耶稣永生王，
竟肯认我为祂所赎，以祂慈爱作保障。
都归耶稣，都归耶稣，都归耶稣我救主；
都归耶稣，都归耶稣，都归耶稣我救主。",yuan wo quan xin cai zhi li liang dou gui ye su wo jiu zhu ji you zui e yi meng jiu chu li dang wan quan gui ye su yuan wo shuang shou wei zhu fu wu yuan wo shuang zu gen zhu xing yuan wo shuang mu yang wang ye su yuan wo kou she song zhu ming zi wo yan jing zhu ding ye su shi jie fu gui yuan diu qi mei feng xiang dao shi jia jiu shu yuan wo xin zhen shi ai ta he deng xi qi he deng ao miao jiu zhu ye su yong sheng wang jing ken ren wo wei ta suo shu yi ta ci ai zuo bao zhang dou gui ye su dou gui ye su dou gui ye su wo jiu zhu dou gui ye su dou gui ye su dou gui ye su wo jiu zhu
ZMS-389,Hymn,主耶稣我爱你,"主耶稣我爱你，深知我属你，世上诸凡乐趣愿为你丢弃；你是我救主，因你赎我罪恶，我曾经爱救主，于今更亲爱。
我极爱主耶稣，因主先爱我，在十字架替死救我，免诸罪因恩典；我爱主因你，为我戴荆棘冠，我曾经爱救主，于今更亲爱。
无论死生忧乐，我仍爱我主，在世诸时时常赞美主大恩宠；我直到荣耀，我必儆醒等待，我曾经爱救主，于今更亲爱。
主再来迎接我，永住荣耀中，我必颂扬赞美主大恩宠；到主降临，主恩真格外，我曾经爱救主，于今更亲爱。",zhu ye su wo ai ni shen zhi wo shu ni shi shang zhu fan le qu yuan wei ni diu qi ni shi wo jiu zhu yin ni shu wo zui e wo ceng jing ai jiu zhu yu jin geng qin ai wo ji ai zhu ye su yin zhu xian ai wo zai shi zi jia ti si jiu wo mian zhu zui yin en dian wo ai zhu yin ni wei wo dai jing ji guan wo ceng jing ai jiu zhu yu jin geng qin ai wu lun si sheng you le wo reng ai wo zhu zai shi zhu shi shi chang zan mei zhu da en chong wo zhi dao rong yao wo bi jing xing deng dai wo ceng jing ai jiu zhu yu jin geng qin ai zhu zai lai ying jie wo yong zhu rong yao zhong wo bi song yang zan mei zhu da en chong dao zhu jiang lin zhu en zhen ge wai wo ceng jing ai jiu zhu yu jin geng qin ai
ZMS-394,Hymn,是否将一切献上,"你渴望有平安，期望信心日坚，曾恒心的祈求不间断；但得不到安恬，若要福乐完满，除非你将一切全奉献。
你若愿与主行，在主道光明中，得着真平安满足心衷，必要遵行主命，恶事尽都弃摒，并将所有向主全献呈。
我们若向主求，盼望上主垂顾，甚难知主恩如何福庇，直到将心灵体，让主亲自管理，献在坛上不再留为己。
有谁能尽传讲？祂的爱广无量！祂的爱能使我口颂扬，与主亲密交往，主前福乐共享，祇要献一切在祭坛上。
你所有是否作活祭献在祭坛？是否你身心归圣灵掌管？要得福乐甘甜，要得纯全平安，身心灵魂需献上祭坛！",ni ke wang you ping an qi wang xin xin ri jian ceng heng xin de qi qiu bu jian duan dan de bu dao an tian ruo yao fu le wan man chu fei ni jiang yi qie quan feng xian ni ruo yuan yu zhu xing zai zhu dao guang ming zhong de zhe zhen ping an man zu xin zhong bi yao zun xing zhu ming e shi jin dou qi bing bing jiang suo you xiang zhu quan xian cheng wo men ruo xiang zhu qiu pan wang shang zhu chui gu shen nan zhi zhu en ru he fu bi zhi dao jiang xin ling ti rang zhu qin zi guan li xian zai tan shang bu zai liu wei ji you shui neng jin chuan jiang ta de ai guang wu liang ta de ai neng shi wo kou song yang yu zhu qin mi jiao wang zhu qian fu le gong xiang qi yao xian yi qie zai ji tan shang ni suo you shi fou zuo huo ji xian zai ji tan shi fou ni shen xin gui sheng ling zhang guan yao de fu le gan tian yao de chun quan ping an shen xin ling hun xu xian shang ji tan
ZMS-397,Hymn,我会舍命为你,"我会舍命为你，我血为你流出；
救你从死复起，使你由罪得赎。
我命会为你舍。你舍，你舍何事为我？

我更舍父家庭，并我荣光宝座；
凄凉孤单独行，在此暗世经过。
天家会为你舍。你舍，你舍何福为我？

我会受大苦难，非人口舌能说；
临刑身同罪犯，救你地狱得脱。
我身会为你舍。你舍，你舍何物为我？

我既这样爱你，舍去一切为你；
现今在父右边，时常祈求为你。
你心愿否献上。献上，献上你心归我？",wo hui she ming wei ni wo xue wei ni liu chu jiu ni cong si fu qi shi ni you zui de shu wo ming hui wei ni she ni she ni she he shi wei wo wo geng she fu jia ting bing wo rong guang bao zuo qi liang gu dan du xing zai ci an shi jing guo tian jia hui wei ni she ni she ni she he fu wei wo wo hui shou da ku nan fei ren kou she neng shuo lin xing shen tong zui fan jiu ni di yu de tuo wo shen hui wei ni she ni she ni she he wu wei wo wo ji zhe yang ai ni she qu yi qie wei ni xian jin zai fu you bian shi chang qi qiu wei ni ni xin yuan fou xian shang xian shang xian shang ni xin gui wo
ZMS-400,Hymn,我已经决定,"我已经决定跟随主耶稣，
我已经决定跟随主耶稣，
我已经决定跟随主耶稣，
义无反顾，义无反顾。

纵无人愿意，我仍要跟随，
纵无人愿意，我仍要跟随，
纵无人愿意，我仍要跟随，
永不倒退，永不倒退。

世界在背后，十架在前头，
世界在背后，十架在前头，
世界在背后，十架在前头，
永不回头，永不回头。",wo yi jing jue ding gen sui zhu ye su wo yi jing jue ding gen sui zhu ye su wo yi jing jue ding gen sui zhu ye su yi wu fan gu yi wu fan gu zong wu ren yuan yi wo reng yao gen sui zong wu ren yuan yi wo reng yao gen sui zong wu ren yuan yi wo reng yao gen sui yong bu dao tui yong bu dao tui shi jie zai bei hou shi jia zai qian tou shi jie zai bei hou shi jia zai qian tou shi jie zai bei hou shi jia zai qian tou yong bu hui tou yong bu hui tou
ZMS-398,Hymn,全所有我献与耶稣,"全所有我献与耶稣，全所有我欢喜献；
我要时常爱主靠主，与主相亲至永远。

全所有我献与耶稣，主的脚下我俯伏；
世界快乐甘愿撇弃，求主收我于现时。

全所有我献与耶稣，灵魂身体都奉献；
救主圣灵向我证明，主已属我我属主。

全所有我献与耶稣，使我完全属耶稣；
救恩喜乐充满我心，高唱荣耀归主名。

全所有奉献！全所有奉献！
献与爱我，尊贵救主，全所有奉献！",quan suo you wo xian yu ye su quan suo you wo huan xi xian wo yao shi chang ai zhu kao zhu yu zhu xiang qin zhi yong yuan quan suo you wo xian yu ye su zhu de jiao xia wo fu fu shi jie kuai le gan yuan pie qi qiu zhu shou wo yu xian shi quan suo you wo xian yu ye su ling hun shen ti dou feng xian jiu zhu sheng ling xiang wo zheng ming zhu yi shu wo wo shu zhu quan suo you wo xian yu ye su shi wo wan quan shu ye su jiu en xi le chong man wo xin gao chang rong yao gui zhu ming quan suo you feng xian quan suo you feng xian xian yu ai wo zun gui jiu zhu quan suo you feng xian
ZMS-391,Hymn,真神之爱,"真神之爱，伟大无穷，口舌笔墨，难以形容；
高超诸天，深逾瀚海，长阔高深，世无伦比；
始祖犯罪，坠入魔窟，神遣爱子，拯救沉沦；
使我罪人，与神和好，赦免一切罪愆。

世事沧桑，变幻无定，君王帝国，兴衰无常；
人虽顽固，不肯悔悟，聚山拜石，呼吁保障；
但神慈爱，坚固永存，伟大无限，无量无边；
施行救赎，亚当后裔，天使圣徒颂扬。

天上诸天，变为纸张，地下禾茎，变为笔杆；
世上海洋，变为墨水，文人众多，埋头苦干；
欲写神爱，浩大主爱，海洋墨水会干；
案卷虽长，如地连天，仍未尽述主爱。

哦，神之爱，何等丰富，伟大无限，无量无边；
永远坚定，永远不变，天使圣徒颂扬。",zhen shen zhi ai wei da wu qiong kou she bi mo nan yi xing rong gao chao zhu tian shen yu han hai zhang kuo gao shen shi wu lun bi shi zu fan zui zhui ru mo ku shen qian ai zi zheng jiu chen lun shi wo zui ren yu shen he hao she mian yi qie zui qian shi shi cang sang bian huan wu ding jun wang di guo xing shuai wu chang ren sui wan gu bu ken hui wu ju shan bai shi hu yu bao zhang dan shen ci ai jian gu yong cun wei da wu xian wu liang wu bian shi xing jiu shu ya dang hou yi tian shi sheng tu song yang tian shang zhu tian bian wei zhi zhang di xia he jing bian wei bi gan shi shang hai yang bian wei mo shui wen ren zhong duo mai tou ku gan yu xie shen ai hao da zhu ai hai yang mo shui hui gan an juan sui zhang ru di lian tian reng wei jin shu zhu ai o shen zhi ai he deng feng fu wei da wu xian wu liang wu bian yong yuan jian ding yong yuan bu bian tian shi sheng tu song yang
ZMS-401,Hymn,跟随耶稣,"我今明闻救主召呼，我今明闻救主召呼，
我今明闻救主召呼，须背十架随我行一路。

我必竭力拒绝恶魔，我必竭力拒绝恶魔，
我必竭力拒绝恶魔，我必随主，随主行一路。

我必时时求主帮扶，我必时时求主帮扶，
我必时时求主帮扶，我必随主，随主行一路。

主必赐我恩宠光荣，主必赐我恩宠光荣，
主必赐我恩宠光荣，主必同我，同我行一路。

耶稣领我，我必跟随，任领何往，我必跟随，
福也苦也，终必跟随，踊跃随主，随主行一路。",wo jin ming wen jiu zhu zhao hu wo jin ming wen jiu zhu zhao hu wo jin ming wen jiu zhu zhao hu xu bei shi jia sui wo xing yi lu wo bi jie li ju jue e mo wo bi jie li ju jue e mo wo bi jie li ju jue e mo wo bi sui zhu sui zhu xing yi lu wo bi shi shi qiu zhu bang fu wo bi shi shi qiu zhu bang fu wo bi shi shi qiu zhu bang fu wo bi sui zhu sui zhu xing yi lu zhu bi ci wo en chong guang rong zhu bi ci wo en chong guang rong zhu bi ci wo en chong guang rong zhu bi tong wo tong wo xing yi lu ye su ling wo wo bi gen sui ren ling he wang wo bi gen sui fu ye ku ye zhong bi gen sui yong yue sui zhu sui zhu xing yi lu
ZMS-392,Hymn,我愿深切爱主,"我愿深切爱主，比前更深；我今诚心屈膝，求主垂听；低头祈祷深誓，从此专诚爱主，爱主更深，爱主更深！

从前贪图名利，迷恋红尘；我今诚心依我主，立命安身；此后得主更亲，从此专诚爱主，爱主更深，爱主更深！

痛苦如同使者，有它使命；使它完成工作，求主使它和我同声赞美，从此专诚爱主，爱主更深，爱主更深！

到时落日红霞，路近天家；让它心无留恋，别我所亲；此临别更相亲，从此专诚爱主，爱主更深，爱主更深！",wo yuan shen qie ai zhu bi qian geng shen wo jin cheng xin qu xi qiu zhu chui ting di tou qi dao shen shi cong ci zhuan cheng ai zhu ai zhu geng shen ai zhu geng shen cong qian tan tu ming li mi lian hong chen wo jin cheng xin yi wo zhu li ming an shen ci hou de zhu geng qin cong ci zhuan cheng ai zhu ai zhu geng shen ai zhu geng shen tong ku ru tong shi zhe you ta shi ming shi ta wan cheng gong zuo qiu zhu shi ta he wo tong sheng zan mei cong ci zhuan cheng ai zhu ai zhu geng shen ai zhu geng shen dao shi luo ri hong xia lu jin tian jia rang ta xin wu liu lian bie wo suo qin ci lin bie geng xiang qin cong ci zhuan cheng ai zhu ai zhu geng shen ai zhu geng shen
ZMS-396,Hymn,将你最好的献给主,"将你最好的献与主，献你年青的力量，
献你的精力为主用，为真理打美好仗，
主耶稣必与你同在，勇敢坚定不惧怕，
你要忠心敬虔爱主，将最好的献与祂。

将你最好的献与主，献你青春与情爱，
献你的热情与意志，坚贞爱主不后人，
名利美色虽甚动人，亦必拒与魔鬼交，
你要专心敬虔爱主，将最好的献与祂。

将你最好的献与主，主爱伟大无可比，
祂将自己作你赎价，天上荣耀赏赐你，
祂舍生命毫无怨言，救你脱罪把血洒，
你要专心敬虔爱主，将最好的献与祂。

将你最好的献与主，献你身心与力量，
穿上救恩全副军装，忠心为真理打仗。",jiang ni zui hao de xian yu zhu xian ni nian qing de li liang xian ni de jing li wei zhu yong wei zhen li da mei hao zhang zhu ye su bi yu ni tong zai yong gan jian ding bu ju pa ni yao zhong xin jing qian ai zhu jiang zui hao de xian yu ta jiang ni zui hao de xian yu zhu xian ni qing chun yu qing ai xian ni de re qing yu yi zhi jian zhen ai zhu bu hou ren ming li mei se sui shen dong ren yi bi ju yu mo gui jiao ni yao zhuan xin jing qian ai zhu jiang zui hao de xian yu ta jiang ni zui hao de xian yu zhu zhu ai wei da wu ke bi ta jiang zi ji zuo ni shu jia tian shang rong yao shang ci ni ta she sheng ming hao wu yuan yan jiu ni tuo zui ba xue sa ni yao zhuan xin jing qian ai zhu jiang zui hao de xian yu ta jiang ni zui hao de xian yu zhu xian ni shen xin yu li liang chuan shang jiu en quan fu jun zhuang zhong xin wei zhen li da zhang
ZMS-406,Hymn,一生求主管理,"我一生求主管理，愿献身心为活祭，我光阴全归主用，不懈报答主恩宠。不懈报答主恩宠。
使我手作主圣工，因被主慈爱感动，使我脚为主行路，步步都从主吩咐。步步都从主吩咐。
使我口时常颂扬，每歌唱荣耀我神，使我口满有主言，到处宣讲在人前。到处宣讲在人前。",wo yi sheng qiu zhu guan li yuan xian shen xin wei huo ji wo guang yin quan gui zhu yong bu xie bao da zhu en chong bu xie bao da zhu en chong shi wo shou zuo zhu sheng gong yin bei zhu ci ai gan dong shi wo jiao wei zhu xing lu bu bu dou cong zhu fen fu bu bu dou cong zhu fen fu shi wo kou shi chang song yang mei ge chang rong yao wo shen shi wo kou man you zhu yan dao chu xuan jiang zai ren qian dao chu xuan jiang zai ren qian
ZMS-408,Hymn,将心给我,"将心给我！天父呼召声音，这是献给祂最珍贵礼物，随时随地祂对你，细声说；甘心交托我，并将心给我。
将心给我！救主呼召声音，怜爱的呼声一次又一次，转回迷途远离恶者罪过，我已为你死，请将心给我。
将心给我！圣灵呼召声音，如愿将一切听从我引导，你必享受主恩多而又多，完全顺服吧！并将心给我。
将心给我，听见吗？这随时随地呼召！祂要救你，脱离俗世旋涡，慈声向你呼召，将心给我。",jiang xin gei wo tian fu hu zhao sheng yin zhe shi xian gei ta zui zhen gui li wu sui shi sui di ta dui ni xi sheng shuo gan xin jiao tuo wo bing jiang xin gei wo jiang xin gei wo jiu zhu hu zhao sheng yin lian ai de hu sheng yi ci you yi ci zhuan hui mi tu yuan li e zhe zui guo wo yi wei ni si qing jiang xin gei wo jiang xin gei wo sheng ling hu zhao sheng yin ru yuan jiang yi qie ting cong wo yin dao ni bi xiang shou zhu en duo er you duo wan quan shun fu ba bing jiang xin gei wo jiang xin gei wo ting jian ma zhe sui shi sui di hu zhao ta yao jiu ni tuo li su shi xuan wo ci sheng xiang ni hu zhao jiang xin gei wo
ZMS-403,Hymn,已负十架,"耶稣，我已负起十架，撇下一切随主行；愿受饥寒，困贫，遭弃，爱天主安贫微。舍了从前的诸般奢望，凡所寻求都无妨；虽然世人藐视弃我，天主与天仍为我有。

任凭世人藐视弃我，他们也弃我救主；人心言语都会欺骗，主却不像人不实。只要主向我微笑，智慧、慈爱、能力神；敌友任凭恨我离我，显主面容一切光明。

人可折磨使我忧苦，不过催我到主胸；世上艰难使我忧虑，天上安息更甘甜。我不怕忧愁来伤我，只要主爱仍归我；我也不被喜乐迷惑，若那喜乐无主在。

快从恩典奔向荣耀，以信为盾、祈祷为翼；永生光明照你面前，主亲手引你前行。转眼完了世间本分，客旅日子速过去；盼望将变欢欣享受，信变眼见、祷告变赞美。",ye su wo yi fu qi shi jia pie xia yi qie sui zhu xing yuan shou ji han kun pin zao qi ai tian zhu an pin wei she le cong qian de zhu ban she wang fan suo xun qiu dou wu fang sui ran shi ren miao shi qi wo tian zhu yu tian reng wei wo you ren ping shi ren miao shi qi wo ta men ye qi wo jiu zhu ren xin yan yu du hui qi pian zhu que bu xiang ren bu shi zhi yao zhu xiang wo wei xiao zhi hui ci ai neng li shen di you ren ping hen wo li wo xian zhu mian rong yi qie guang ming ren ke zhe mo shi wo you ku bu guo cui wo dao zhu xiong shi shang jian nan shi wo you lv tian shang an xi geng gan tian wo bu pa you chou lai shang wo zhi yao zhu ai reng gui wo wo ye bu bei xi le mi huo ruo na xi le wu zhu zai kuai cong en dian ben xiang rong yao yi xin wei dun qi dao wei yi yong sheng guang ming zhao ni mian qian zhu qin shou yin ni qian xing zhuan yan wan le shi jian ben fen ke lv ri zi su guo qu pan wang jiang bian huan xin xiang shou xin bian yan jian dao gao bian zan mei
ZMS-405,Hymn,坚决立志,"我今坚决立志，不再逡巡，迷恋俗世假乐；
更崇高、伟大、奇妙的事情，使我视野清澈。

我今坚决立志，跟随耶稣，天天忠诚无伪；
听祂圣言，遵行祂旨意，祂是生命之路。

我今坚决立志，进入主国，远离罪恶途径；
朋友或反对，仇敌或纠缠，我仍必进入天城。

我今坚决立志，谁愿同行？朋友，请快来；
圣经有明训，圣灵来导引，请来同奔天程。

我必恋慕快见主，赶快，自由，欢喜；
耶稣，耶稣，至高，至尊，我决志来就祢。",wo jin jian jue li zhi bu zai qun xun mi lian su shi jia le geng chong gao wei da qi miao de shi qing shi wo shi ye qing che wo jin jian jue li zhi gen sui ye su tian tian zhong cheng wu wei ting ta sheng yan zun xing ta zhi yi ta shi sheng ming zhi lu wo jin jian jue li zhi jin ru zhu guo yuan li zui e tu jing peng you huo fan dui chou di huo jiu chan wo reng bi jin ru tian cheng wo jin jian jue li zhi shui yuan tong hang peng you qing kuai lai sheng jing you ming xun sheng ling lai dao yin qing lai tong ben tian cheng wo bi lian mu kuai jian zhu gan kuai zi you huan xi ye su ye su zhi gao zhi zun wo jue zhi lai jiu mi
ZMS-404,Hymn,主耶稣我曾应许,"主耶稣，我曾应许，事主永远；
容我近主，我救主，我的朋友；
主若时常在我旁，我将毫不畏；
主若时常引我路，我将不迷途。

我愿常觉主近我，世界常近我；
我见迷离的景物，诱惑声音听到；
今生身外和心内，常有仇敌事；
耶稣求更亲近我，护我脱离罪。

主耶稣，你曾应许，凡跟随主者；
主得荣耀的处所，仆人必相聚；
耶稣啊，我曾许愿，永远侍奉主；
求赐恩惠使我跟随，我主我友。",zhu ye su wo ceng ying xu shi zhu yong yuan rong wo jin zhu wo jiu zhu wo de peng you zhu ruo shi chang zai wo pang wo jiang hao bu wei zhu ruo shi chang yin wo lu wo jiang bu mi tu wo yuan chang jue zhu jin wo shi jie chang jin wo wo jian mi li de jing wu you huo sheng yin ting dao jin sheng shen wai he xin nei chang you chou di shi ye su qiu geng qin jin wo hu wo tuo li zui zhu ye su ni ceng ying xu fan gen sui zhu zhe zhu de rong yao de chu suo pu ren bi xiang ju ye su a wo ceng xu yuan yong yuan shi feng zhu qiu ci en hui shi wo gen sui wo zhu wo you
ZMS-413,Hymn,有一地比日中更光彩,"有一地比日中更光彩，虽遥远我因信望得见，我天父在那地常等待，早为我备安宅于里面。
到美地我必随那众圣，声和谐歌新诗赞颂主，心快乐得永远之生命，再无忧也无哀更无苦。
我圣父在高天何慈爱，将至厚独生子降于世，开福源一直留至万代，我终身要赞美无休止。
到日期，我乐意，同众圣相聚会在美地；到日期，我乐意，同众圣相聚会在美地。",you yi di bi ri zhong geng guang cai sui yao yuan wo yin xin wang de jian wo tian fu zai na di chang deng dai zao wei wo bei an zhai yu li mian dao mei di wo bi sui na zhong sheng sheng he xie ge xin shi zan song zhu xin kuai le de yong yuan zhi sheng ming zai wu you ye wu ai geng wu ku wo sheng fu zai gao tian he ci ai jiang zhi hou du sheng zi jiang yu shi kai fu yuan yi zhi liu zhi wan dai wo zhong shen yao zan mei wu xiu zhi dao ri qi wo le yi tong zhong sheng xiang ju hui zai mei di dao ri qi wo le yi tong zhong sheng xiang ju hui zai mei di
ZMS-402,Hymn,我愿跟随我救主,"我愿跟随我救主，无论走何路，
或在花木茂盛，溪水常流之处；
既有救主引导，我愿跟随主，
跟随跟随主，一路跟随直到头戴冠冕。

我愿跟随我救主，无论走何路，
或遇狂风暴雨，路途黑云相阻；
有主亲手领我，我总不惊惧，
危险不能害我，因有救主亲近。

我愿跟随我主走，高山或平地，
我灵常与主亲近，常跟主步履；
有他必领我安然走天路，
直到我救主所应许地。

跟随，跟随，我愿跟随耶稣，
到地极到天涯，我愿跟随主；
跟随，跟随，我愿跟随耶稣，
无论何处主领我，我愿跟随主。",wo yuan gen sui wo jiu zhu wu lun zou he lu huo zai hua mu mao sheng xi shui chang liu zhi chu ji you jiu zhu yin dao wo yuan gen sui zhu gen sui gen sui zhu yi lu gen sui zhi dao tou dai guan mian wo yuan gen sui wo jiu zhu wu lun zou he lu huo yu kuang feng bao yu lu tu hei yun xiang zu you zhu qin shou ling wo wo zong bu jing ju wei xian bu neng hai wo yin you jiu zhu qin jin wo yuan gen sui wo zhu zou gao shan huo ping di wo ling chang yu zhu qin jin chang gen zhu bu lv you ta bi ling wo an ran zou tian lu zhi dao wo jiu zhu suo ying xu di gen sui gen sui wo yuan gen sui ye su dao di ji dao tian ya wo yuan gen sui zhu gen sui gen sui wo yuan gen sui ye su wu lun he chu zhu ling wo wo yuan gen sui zhu
ZMS-418,Hymn,主耶稣再临那日,"主耶稣再临那日号筒必要高声吹起，
那早晨永远光明华丽无比；
凡世上得救的人一同相会在主明宫，
在那边点名我亦必在其中。
在那边点名的时候，
在那边点名的时候，
在那边点名的时候，
在那边点名我亦必在其中。

凡信主而死的人那日早晨必要复活，
与我恩主同享复活荣耀快乐；
凡蒙召得胜的人都与救主相会天空，
在那边点名我亦必在其中。
在那边点名的时候，
在那边点名的时候，
在那边点名的时候，
在那边点名我亦必在其中。

我们应从早到晚为主殷勤作工等待，
我们应传扬耶稣奇妙大爱；
当世上路程跑尽，我职事已经完工，
在那边点名我亦必在其中。
在那边点名的时候，
在那边点名的时候，
在那边点名的时候，
在那边点名我亦必在其中。",zhu ye su zai lin na ri hao tong bi yao gao sheng chui qi na zao chen yong yuan guang ming hua li wu bi fan shi shang de jiu de ren yi tong xiang hui zai zhu ming gong zai na bian dian ming wo yi bi zai qi zhong zai na bian dian ming de shi hou zai na bian dian ming de shi hou zai na bian dian ming de shi hou zai na bian dian ming wo yi bi zai qi zhong fan xin zhu er si de ren na ri zao chen bi yao fu huo yu wo en zhu tong xiang fu huo rong yao kuai le fan meng zhao de sheng de ren dou yu jiu zhu xiang hui tian kong zai na bian dian ming wo yi bi zai qi zhong zai na bian dian ming de shi hou zai na bian dian ming de shi hou zai na bian dian ming de shi hou zai na bian dian ming wo yi bi zai qi zhong wo men ying cong zao dao wan wei zhu yin qin zuo gong deng dai wo men ying chuan yang ye su qi miao da ai dang shi shang lu cheng pao jin wo zhi shi yi jing wan gong zai na bian dian ming wo yi bi zai qi zhong zai na bian dian ming de shi hou zai na bian dian ming de shi hou zai na bian dian ming de shi hou zai na bian dian ming wo yi bi zai qi zhong
ZMS-409,Hymn,凭尔意行,"凭尔意行，主！凭尔意行；因主是陶人，我是泥土；陶我与造我，照主旨意，我在此等待，虔恭静候。
凭尔意行，主！凭尔意行；鉴察试验我，就在今天；洁白如雪，主，即时洗我，我在主面前，谦卑跪下。
凭尔意行，主！凭尔意行；悲伤疲倦，求主助我；权柄能力，全是尔的，摸我医治，救主耶稣。
凭尔意行，主！凭尔意行；管理我全人，绝对权柄；圣灵充满，直到众人，惟见基督，活在我心。",ping er yi xing zhu ping er yi xing yin zhu shi tao ren wo shi ni tu tao wo yu zao wo zhao zhu zhi yi wo zai ci deng dai qian gong jing hou ping er yi xing zhu ping er yi xing jian cha shi yan wo jiu zai jin tian jie bai ru xue zhu ji shi xi wo wo zai zhu mian qian qian bei gui xia ping er yi xing zhu ping er yi xing bei shang pi juan qiu zhu zhu wo quan bing neng li quan shi er de mo wo yi zhi jiu zhu ye su ping er yi xing zhu ping er yi xing guan li wo quan ren jue dui quan bing sheng ling chong man zhi dao zhong ren wei jian ji du huo zai wo xin
ZMS-432,Hymn,感谢神,"感谢神赐我救赎主，感谢神丰富预备，
感谢神过去的同在，感谢神主在我旁，
感谢神赐温暖春天，感谢神凄凉秋景，
感谢神抹干我眼泪，感谢神赐我安宁。

感谢神祷告蒙应允，感谢神未蒙垂听，
感谢神我曾经风暴，感谢神丰富供应，
感谢神赐我苦与乐，在绝望里得安慰，
感谢神赐无限恩典，感谢神无比慈爱。

感谢神赐路旁玫瑰，感谢神玫瑰有刺，
感谢神赐家庭温暖，感谢神有福盼望，
感谢神赐喜乐忧愁，感谢神属天平安，
感谢神赐明天盼望，要感谢直到永远。",gan xie shen ci wo jiu shu zhu gan xie shen feng fu yu bei gan xie shen guo qu de tong zai gan xie shen zhu zai wo pang gan xie shen ci wen nuan chun tian gan xie shen qi liang qiu jing gan xie shen mo gan wo yan lei gan xie shen ci wo an ning gan xie shen dao gao meng ying yun gan xie shen wei meng chui ting gan xie shen wo ceng jing feng bao gan xie shen feng fu gong ying gan xie shen ci wo ku yu le zai jue wang li de an wei gan xie shen ci wu xian en dian gan xie shen wu bi ci ai gan xie shen ci lu pang mei gui gan xie shen mei gui you ci gan xie shen ci jia ting wen nuan gan xie shen you fu pan wang gan xie shen ci xi le you chou gan xie shen shu tian ping an gan xie shen ci ming tian pan wang yao gan xie zhi dao yong yuan
ZMS-434,Hymn,数算主恩,"有时遇见苦难如同大波浪，有时忧愁丧胆几乎要绝望，若把主的恩典从头数一数，必能叫你惊讶立时乐欢呼。
有时挂念世事如同挑重担，有时背着十架觉得苦难堪，若数主的恩典疑惑即消除，必能叫你快乐一直赞美主父。
每逢遭遇战争不论大或小，不要丧胆因主早已得胜了，若深知主有恩典必甘愿辅助，必安慰引导我们一直见天父。
主的恩典样样都要数，主的一切恩典都要记清楚，主的恩典样样都要数，必能叫你惊讶立时乐欢呼。",you shi yu jian ku nan ru tong da bo lang you shi you chou sang dan ji hu yao jue wang ruo ba zhu de en dian cong tou shu yi shu bi neng jiao ni jing ya li shi le huan hu you shi gua nian shi shi ru tong tiao zhong dan you shi bei zhe shi jia jue de ku nan kan ruo shu zhu de en dian yi huo ji xiao chu bi neng jiao ni kuai le yi zhi zan mei zhu fu mei feng zao yu zhan zheng bu lun da huo xiao bu yao sang dan yin zhu zao yi de sheng le ruo shen zhi zhu you en dian bi gan yuan fu zhu bi an wei yin dao wo men yi zhi jian tian fu zhu de en dian yang yang dou yao shu zhu de yi qie en dian dou yao ji qing chu zhu de en dian yang yang dou yao shu bi neng jiao ni jing ya li shi le huan hu
ZMS-426,Hymn,新年来临,"旧岁已过新年临！恳切祈求心感谢神；
不论工作或等候，新年偕主同行；
新年又是成长年，充满赞美颂圣声；
新年更得到明证，每天与主偕行。

新年又是恩典年，信实慈爱主恩隆；
新年又是快乐年，常见圣颜光辉；
新年又是倚靠年，紧靠慈爱怀；
新年成为信托年，憩主慈怀安息。

新年又是事奉年，见证主爱丰隆；
新年又是训练年，准备天上圣工；
旧岁已过新年临，恳切祈求父神；
不论天上或人间，新年全为主用。",jiu sui yi guo xin nian lin ken qie qi qiu xin gan xie shen bu lun gong zuo huo deng hou xin nian xie zhu tong hang xin nian you shi cheng zhang nian chong man zan mei song sheng sheng xin nian geng de dao ming zheng mei tian yu zhu xie xing xin nian you shi en dian nian xin shi ci ai zhu en long xin nian you shi kuai le nian chang jian sheng yan guang hui xin nian you shi yi kao nian jin kao ci ai huai xin nian cheng wei xin tuo nian qi zhu ci huai an xi xin nian you shi shi feng nian jian zheng zhu ai feng long xin nian you shi xun lian nian zhun bei tian shang sheng gong jiu sui yi guo xin nian lin ken qie qi qiu fu shen bu lun tian shang huo ren jian xin nian quan wei zhu yong
ZMS-420,Hymn,众圣歌,"缅怀往圣，功成得享安宁，曾在人间，笃信宣传主名；耶稣我救主，受永颂称。哈利路亚！哈利路亚！
主是圣徒磐石、力量、屏障，亲作将领，率众打美好仗；黑暗中主作信众辉光。哈利路亚！哈利路亚！
愿主的众军常忠勇向前，丰功伟绩，继承先圣之遗；与主同得胜利金冠冕。哈利路亚！哈利路亚！
福哉此团契，圣哉此团契，我们奋斗，他们享荣辉；我们皆属主，都在主怀里。哈利路亚！哈利路亚！
苦闷方酣，肉搏之战未央，忽闻远处凯歌不绝扬；心胆复振奋，手臂更坚强。哈利路亚！哈利路亚！
远从地极，薄海之滨，穿过珠门，络绎进入天门；众口同一，壮颂父、圣子、圣灵。哈利路亚！哈利路亚！",mian huai wang sheng gong cheng de xiang an ning ceng zai ren jian du xin xuan chuan zhu ming ye su wo jiu zhu shou yong song cheng ha li lu ya ha li lu ya zhu shi sheng tu pan shi li liang ping zhang qin zuo jiang ling lv zhong da mei hao zhang hei an zhong zhu zuo xin zhong hui guang ha li lu ya ha li lu ya yuan zhu de zhong jun chang zhong yong xiang qian feng gong wei ji ji cheng xian sheng zhi yi yu zhu tong de sheng li jin guan mian ha li lu ya ha li lu ya fu zai ci tuan qi sheng zai ci tuan qi wo men fen dou ta men xiang rong hui wo men jie shu zhu dou zai zhu huai li ha li lu ya ha li lu ya ku men fang han rou bo zhi zhan wei yang hu wen yuan chu kai ge bu jue yang xin dan fu zhen fen shou bi geng jian qiang ha li lu ya ha li lu ya yuan cong di ji bao hai zhi bin chuan guo zhu men luo yi jin ru tian men zhong kou tong yi zhuang song fu sheng zi sheng ling ha li lu ya ha li lu ya
ZMS-429,Hymn,乐哉家庭,"乐哉上主所居家庭，父子兄弟相亲，一主一道一意一心，合家服事真神。
福哉家庭蒙主救恩，齐心奉主为尊，共将身心向主尽献，爱主尽心尽性。
福哉家庭奉主圣名，充满歌声祷声，合家慕主诵圣经，讲论主道真欢欣。
敬求天父恩上加恩，教我天伦人伦，一心向主献诚意，爱人如己享太平。",le zai shang zhu suo ju jia ting fu zi xiong di xiang qin yi zhu yi dao yi yi yi xin he jia fu shi zhen shen fu zai jia ting meng zhu jiu en qi xin feng zhu wei zun gong jiang shen xin xiang zhu jin xian ai zhu jin xin jin xing fu zai jia ting feng zhu sheng ming chong man ge sheng dao sheng he jia mu zhu song sheng jing jiang lun zhu dao zhen huan xin jing qiu tian fu en shang jia en jiao wo tian lun ren lun yi xin xiang zhu xian cheng yi ai ren ru ji xiang tai ping
ZMS-452,Hymn,记得打鱼海上,"记得打鱼海上，日日冲风破浪，忽听召我慈声，舍去小船鱼网。
主啊，你知道我爱你！主啊，你知道我爱你！

记得小园祷告，目前途甚为苦，不能陪主儆醒，让主独自忧伤。
主啊，我心仍然爱你！主啊，我心仍然爱你！

记得最后晚餐，立志殉主何疑，卒因片时惊惧，三次心不认主。
主啊，我心仍然爱你！主啊，我心仍然爱你！

往事不堪回首，今立志奔主路，愿主施恩领导，终身顺服从之。
主啊，你知道我爱你！主啊，你知道我爱你！",ji de da yu hai shang ri ri chong feng po lang hu ting zhao wo ci sheng she qu xiao chuan yu wang zhu a ni zhi dao wo ai ni zhu a ni zhi dao wo ai ni ji de xiao yuan dao gao mu qian tu shen wei ku bu neng pei zhu jing xing rang zhu du zi you shang zhu a wo xin reng ran ai ni zhu a wo xin reng ran ai ni ji de zui hou wan can li zhi xun zhu he yi zu yin pian shi jing ju san ci xin bu ren zhu zhu a wo xin reng ran ai ni zhu a wo xin reng ran ai ni wang shi bu kan hui shou jin li zhi ben zhu lu yuan zhu shi en ling dao zhong shen shun fu cong zhi zhu a ni zhi dao wo ai ni zhu a ni zhi dao wo ai ni
ZMS-453,Hymn,记得打鱼海上,"记得打鱼海上，日日冲风破浪，忽听召我慈声，舍去小船鱼网。主啊，你知道我爱你！主啊，你知道我爱你！
记得小园祷告，前途甚渺茫，不能片时儆醒，辜负主心悲伤。主啊，我心仍然爱你！主啊，我心仍然爱你！
记得最后晚餐，立志为主受苦，如何时难手软，三次竟自不认。主啊，我心仍然爱你！主啊，我心仍然爱你！
往事不堪回首，直奔天路何疑，不如愿从主之慈爱来带领。主啊，你知道我爱你！主啊，你知道我爱你！",ji de da yu hai shang ri ri chong feng po lang hu ting zhao wo ci sheng she qu xiao chuan yu wang zhu a ni zhi dao wo ai ni zhu a ni zhi dao wo ai ni ji de xiao yuan dao gao qian tu shen miao mang bu neng pian shi jing xing gu fu zhu xin bei shang zhu a wo xin reng ran ai ni zhu a wo xin reng ran ai ni ji de zui hou wan can li zhi wei zhu shou ku ru he shi nan shou ruan san ci jing zi bu ren zhu a wo xin reng ran ai ni zhu a wo xin reng ran ai ni wang shi bu kan hui shou zhi ben tian lu he yi bu ru yuan cong zhu zhi ci ai lai dai ling zhu a ni zhi dao wo ai ni zhu a ni zhi dao wo ai ni
ZMS-478,Hymn,爱传福音歌,"我爱传扬主福音，讲说天上事情，讲说耶稣的妙爱，讲说耶稣光荣。我爱传扬主福音，因知确实有凭，满足我心愿望，别无如此能力。

我爱传扬主福音，越讲越有趣味，说过多次之后，耶稣更加亲近。我爱传扬主福音，因为有多人，未闻上帝恩音，便是救世佳音。

我爱传扬主福音，奇异极有趣味，胜过人生黄金梦，一切美丽光荣。我爱传扬主福音，因为有益于我，我愿佳福传给你，使你知道如何。

我爱传扬主福音，信者更愿闻听，虽已听过多次，仍觉如未新。我将来在荣耀中，唱我的新歌，所传的是旧福音，当初救我心所爱。

我爱传扬主福音，讲说耶稣的妙爱，讲说耶稣的事情，真是非常甘美。阿们。",wo ai chuan yang zhu fu yin jiang shuo tian shang shi qing jiang shuo ye su de miao ai jiang shuo ye su guang rong wo ai chuan yang zhu fu yin yin zhi que shi you ping man zu wo xin yuan wang bie wu ru ci neng li wo ai chuan yang zhu fu yin yue jiang yue you qu wei shuo guo duo ci zhi hou ye su geng jia qin jin wo ai chuan yang zhu fu yin yin wei you duo ren wei wen shang di en yin bian shi jiu shi jia yin wo ai chuan yang zhu fu yin qi yi ji you qu wei sheng guo ren sheng huang jin meng yi qie mei li guang rong wo ai chuan yang zhu fu yin yin wei you yi yu wo wo yuan jia fu chuan gei ni shi ni zhi dao ru he wo ai chuan yang zhu fu yin xin zhe geng yuan wen ting sui yi ting guo duo ci reng jue ru wei xin wo jiang lai zai rong yao zhong chang wo de xin ge suo chuan de shi jiu fu yin dang chu jiu wo xin suo ai wo ai chuan yang zhu fu yin jiang shuo ye su de miao ai jiang shuo ye su de shi qing zhen shi fei chang gan mei a men
ZMS-460,Hymn,主恩深广无量无边,"主恩深广，无量无边，在主爱中，又过一年；我今观主，心存感谢，猛省主爱，永铭心间。
晨鸟歌唱，宣扬主恩，天上三光，世人忘恩，易于流水，我唱新诗，颂主欢欣。
灵光如火，洁净我心，导我进行，主前命途惟光明；我灵喜乐，我心坚定，终身事主，时刻自新。阿们。",zhu en shen guang wu liang wu bian zai zhu ai zhong you guo yi nian wo jin guan zhu xin cun gan xie meng sheng zhu ai yong ming xin jian chen niao ge chang xuan yang zhu en tian shang san guang shi ren wang en yi yu liu shui wo chang xin shi song zhu huan xin ling guang ru huo jie jing wo xin dao wo jin xing zhu qian ming tu wei guang ming wo ling xi le wo xin jian ding zhong shen shi zhu shi ke zi xin a men
UNK-1,PnW,我们的神,"诸天述说天父的荣耀
穹苍传扬奇妙的作为
张开双手 万物得饱足
万口承认祢是我们的神

我们的神坐在宝座上
圣殿充满荣耀 万民敬拜
全能的神我们尊崇祢
圣洁荣耀尊贵能力都归于祢

祢说话命立就立
祢吹气就得生命
万物齐唱哈利路亚
圣哉圣哉圣哉
祢说话命立就立
祢吹气就得生命
万物齐唱哈利路亚
圣哉圣哉圣哉
我们的神",zhu tian shu shuo tian fu de rong yao qiong cang chuan yang qi miao de zuo wei zhang kai shuang shou wan wu de bao zu wan kou cheng ren mi shi wo men de shen wo men de shen zuo zai bao zuo shang sheng dian chong man rong yao wan min jing bai quan neng de shen wo men zun chong mi sheng jie rong yao zun gui neng li dou gui yu mi mi shuo hua ming li jiu li mi chui qi jiu de sheng ming wan wu qi chang ha li lu ya sheng zai sheng zai sheng zai mi shuo hua ming li jiu li mi chui qi jiu de sheng ming wan wu qi chang ha li lu ya sheng zai sheng zai sheng zai wo men de shen
UNK-2,Hymn,额画十架,"額畫十架，表明你今認主坦然無懼，
從今以後，你身你心，皆歸被釘之主。
額畫十架，表明你今虔誠頌主榮名，
救主羞辱，救主光榮，在你額前深印
額畫十架，表明你今永遵主路而行，
忍負十架，甘受羞辱，向前行走天程。
如今為你 額晝十架，表明你歸主管，
但願今戴 十架之額，將來更戴華冠。",e hua shi jia biao ming ni jin ren zhu tan ran wu ju cong jin yi hou ni shen ni xin jie gui bei ding zhi zhu e hua shi jia biao ming ni jin qian cheng song zhu rong ming jiu zhu xiu ru jiu zhu guang rong zai ni e qian shen yin e hua shi jia biao ming ni jin yong zun zhu lu er xing ren fu shi jia gan shou xiu ru xiang qian xing zou tian cheng ru jin wei ni e zhou shi jia biao ming ni gui zhu guan dan yuan jin dai shi jia zhi e jiang lai geng dai hua guan
UNK-3,PnW,旷野中唯一的力量,"你是爱我的天父
绝望中祢仍然不停地运行
祢不愿我停留黑暗中
不停追寻我
直到我得自由

祢是我旷野中唯一的力量
患难中的安慰 黑暗中的盼望
我呼求的日子
祢必拯救我
信实的天父我倚靠祢

阿爸父
我是尊贵的儿女
祢教我如何用权柄征战
阿爸父
祢用笑脸帮助我
化所有的咒诅为祝福
我的祝福",ni shi ai wo de tian fu jue wang zhong mi reng ran bu ting di yun xing mi bu yuan wo ting liu hei an zhong bu ting zhui xun wo zhi dao wo de zi you mi shi wo kuang ye zhong wei yi de li liang huan nan zhong de an wei hei an zhong de pan wang wo hu qiu de ri zi mi bi zheng jiu wo xin shi de tian fu wo yi kao mi a ba fu wo shi zun gui de er nv mi jiao wo ru he yong quan bing zheng zhan a ba fu mi yong xiao lian bang zhu wo hua suo you de zhou zu wei zhu fu wo de zhu fu
UNK-4,Hymn,以马内利来临,"以马内利恳求降临，
救赎解放以色列民；
沦落异邦寂寞伤心，
引颈渴望神子降临。
欢欣！欢欣！以色列民，
以马内利定要降临！

清晨日光恳求降临，
借主降临欢慰众心；
冲开长夜幽暗愁云，
驱散死亡深沉黑影。
欢欣！欢欣！以色列民，
以马内利定要降临！

荣耀君王恳求降临，
统治万物协和万民；
恳求显示智慧大能，
指领群生步步遵循。
欢欣！欢欣！以色列民，
以马内利定要降临！

万邦所望恳求降临，
团结万民一志一心；
永息兵戈妒忌纷争，
充满世界天赐和平。
欢欣！欢欣！以色列民，
以马内利定要降临！",yi ma nei li ken qiu xiang lin jiu shu jie fang yi se lie min lun luo yi bang ji mo shang xin yin jing ke wang shen zi jiang lin huan xin huan xin yi se lie min yi ma nei li ding yao jiang lin qing chen ri guang ken qiu xiang lin jie zhu jiang lin huan wei zhong xin chong kai chang ye you an chou yun qu san si wang shen chen hei ying huan xin huan xin yi se lie min yi ma nei li ding yao jiang lin rong yao jun wang ken qiu xiang lin tong zhi wan wu xie he wan min ken qiu xian shi zhi hui da neng zhi ling qun sheng bu bu zun xun huan xin huan xin yi se lie min yi ma nei li ding yao jiang lin wan bang suo wang ken qiu xiang lin tuan jie wan min yi zhi yi xin yong xi bing ge du ji fen zheng chong man shi jie tian ci he ping huan xin huan xin yi se lie min yi ma nei li ding yao jiang lin
UNK-5,PnW,丰盛的应许,"你仰脸保守你所爱的 
你护庇永远不离不弃 
你将我从淤泥里捧起 
放我在你的手心

我凭着信心领取 
你丰盛的应许 
世界也不能夺去 
神美好的旨意

我凭着信心领取 
你恩典永不止息 
看见美好应许成就 
荣耀全都归于你

我等候主我相信 
你爱我永不放弃 
世界也不能夺去 
神美好的旨意

我等候主我相信 
你旨意高过我的 
看见美好应许成就 
我全心全意敬拜你",ni yang lian bao shou ni suo ai de ni hu bi yong yuan bu li bu qi ni jiang wo cong yu ni li peng qi fang wo zai ni de shou xin wo ping zhe xin xin ling qu ni feng sheng de ying xu shi jie ye bu neng duo qu shen mei hao de zhi yi wo ping zhe xin xin ling qu ni en dian yong bu zhi xi kan jian mei hao ying xu cheng jiu rong yao quan dou gui yu ni wo deng hou zhu wo xiang xin ni ai wo yong bu fang qi shi jie ye bu neng duo qu shen mei hao de zhi yi wo deng hou zhu wo xiang xin ni zhi yi gao guo wo de kan jian mei hao ying xu cheng jiu wo quan xin quan yi jing bai ni
UNK-6,Hymn,时刻蒙恩,"与耶稣同死，因死反得生，
与耶稣同活，蒙恩日加增，
仰望我恩主荣光必照临，
时也而刻也我为主子民。

时也而刻也蒙主之保佑，
时也而刻也因主我得救，
仰望主耶稣荣光必照临，
时也而刻也我为主之民。

无有一试探我主不辅帮，
无有一重担我主不担当，
无有一忧虑我主不与分，
时也而刻也我蒙主鸿恩。

无有一伤感我主不安慰，
无有一眼泪我主不宝贵，
无有一危险我主不同在，
时也而刻也我得主恩爱。

无有一懦弱我主不扶助，
无有一病患我主不看顾，
时时而刻刻遇福或遇祸，
耶稣我救主时常保佑我。",yu ye su tong si yin si fan de sheng yu ye su tong huo meng en ri jia zeng yang wang wo en zhu rong guang bi zhao lin shi ye er ke ye wo wei zhu zi min shi ye er ke ye meng zhu zhi bao you shi ye er ke ye yin zhu wo de jiu yang wang zhu ye su rong guang bi zhao lin shi ye er ke ye wo wei zhu zhi min wu you yi shi tan wo zhu bu fu bang wu you yi zhong dan wo zhu bu dan dang wu you yi you lv wo zhu bu yu fen shi ye er ke ye wo meng zhu hong en wu you yi shang gan wo zhu bu an wei wu you yi yan lei wo zhu bu bao gui wu you yi wei xian wo zhu bu tong zai shi ye er ke ye wo de zhu en ai wu you yi nuo ruo wo zhu bu fu zhu wu you yi bing huan wo zhu bu kan gu shi shi er ke ke yu fu huo yu huo ye su wo jiu zhu shi chang bao you wo
UNK-7,PnW,我安然居住,"我来到祢宝座 献上我的祷告
在这宁静时刻 我听见祢的声音
因为祢的爱 已经找到了我
使我配得走进 祢的同在里

在这安静时刻 祢聆听我呼求
享受在祢的荣耀 圣洁中

求祢仰起脸 来光照我的心
祢使我心 充满了快乐
主啊祢是 我全然信靠
耶和华 使我安然居住",wo lai dao mi bao zuo xian shang wo de dao gao zai zhe ning jing shi ke wo ting jian mi de sheng yin yin wei mi de ai yi jing zhao dao le wo shi wo pei de zou jin mi de tong zai li zai zhe an jing shi ke mi ling ting wo hu qiu xiang shou zai mi de rong yao sheng jie zhong qiu mi yang qi lian lai guang zhao wo de xin mi shi wo xin chong man le kuai le zhu a mi shi wo quan ran xin kao ye he hua shi wo an ran ju zhu
UNK-8,PnW,主我愿像祢,"主我愿像祢，荣耀之救主！
此乃我祷告亦是盼望，
我甘愿舍弃，世上之财宝，
只要能披戴我主基督。

主我愿像祢！主我愿像祢！
荣耀之救主，洁净像祢
愿主之丰满，进入我心中，
更将主荣形深印我心。

荣耀之救主，听我之呼求！
降下圣灵火充满我心，
使我成圣殿，合乎主居住，
更使我生命荣归我主。

主我愿像祢，能满有怜悯！
慈爱赦免心温柔和善，
甘愿去拯救，輭弱迷茫羊，
寻找是丧者归回天家。",zhu wo yuan xiang mi rong yao zhi jiu zhu ci nai wo dao gao yi shi pan wang wo gan yuan she qi shi shang zhi cai bao zhi yao neng pi dai wo zhu ji du zhu wo yuan xiang mi zhu wo yuan xiang mi rong yao zhi jiu zhu jie jing xiang mi yuan zhu zhi feng man jin ru wo xin zhong geng jiang zhu rong xing shen yin wo xin rong yao zhi jiu zhu ting wo zhi hu qiu jiang xia sheng ling huo chong man wo xin shi wo cheng sheng dian he hu zhu ju zhu geng shi wo sheng ming rong gui wo zhu zhu wo yuan xiang mi neng man you lian min ci ai she mian xin wen rou he shan gan yuan qu zheng jiu ruan ruo mi mang yang xun zhao shi sang zhe gui hui tian jia
UNK-9,PnW,谁能使我与神的爱隔绝,"哦~ 神伟大的爱
何其长阔高深
竟不吝惜祂独生爱子
为我们众人舍了
神称为义的人谁能控告
谁能定他们的罪
神若帮助我们 谁能敌挡我们
谁能使我与神的爱隔绝

难道是患难吗 是困苦吗
是逼迫吗 是饥饿吗
是赤身露体 危险 刀剑吗
不论是高处的 是低处的
现在的事 将来的事
都不能叫我与神的爱隔绝",o ~ shen wei da de ai he qi zhang kuo gao shen jing bu lin xi ta du sheng ai zi wei wo men zhong ren she le shen cheng wei yi de ren shui neng kong gao shui neng ding ta men de zui shen ruo bang zhu wo men shui neng di dang wo men shui neng shi wo yu shen de ai ge jue nan dao shi huan nan ma shi kun ku ma shi bi po ma shi ji e ma shi chi shen lu ti wei xian dao jian ma bu lun shi gao chu de shi di chu de xian zai de shi jiang lai de shi dou bu neng jiao wo yu shen de ai ge jue
UNK-10,Hymn,主活在我心,"从前在罪中远离神，
心怀毫无亮光。
从主言语中才觉悟，
基督活在心中。

主活在我心，
主活在我心，
啊何等奇妙救恩，
基督活在我心。

好像太阳放出光芒，
遍地花朵开放。
自从基督活在心中，
才有生命爱光。

我心充满渴慕之情，
能像恩主完全。
因有基督活在心中，
里面充满恩典。",cong qian zai zui zhong yuan li shen xin huai hao wu liang guang cong zhu yan yu zhong cai jue wu ji du huo zai xin zhong zhu huo zai wo xin zhu huo zai wo xin a he deng qi miao jiu en ji du huo zai wo xin hao xiang tai yang fang chu guang mang bian di hua duo kai fang zi cong ji du huo zai xin zhong cai you sheng ming ai guang wo xin chong man ke mu zhi qing neng xiang en zhu wan quan yin you ji du huo zai xin zhong li mian chong man en dian
UNK-11,PnW,盼望圣灵,"将我眼目 聚焦于祢 喔耶稣
将我全心 来回应祢的爱
放下恐惧 我全人降服于祢
我王 我敬拜祢

主我渴慕祢同在
主我渴慕祢同在
盼望圣灵 使我更加靠近祢
生命活泉 涌流进入我心

从我心深处 呼求祢
倾倒我全心全意 赞美
从我心深处 我呼求祢
全然降服祢

向祢唱出爱的旋律
毫无保留 全然属于祢
从我心深处 我敬拜祢
主唯有祢",jiang wo yan mu ju jiao yu mi o ye su jiang wo quan xin lai hui ying mi de ai fang xia kong ju wo quan ren xiang fu yu mi wo wang wo jing bai mi zhu wo ke mu mi tong zai zhu wo ke mu mi tong zai pan wang sheng ling shi wo geng jia kao jin mi sheng ming huo quan yong liu jin ru wo xin cong wo xin shen chu hu qiu mi qing dao wo quan xin quan yi zan mei cong wo xin shen chu wo hu qiu mi quan ran xiang fu mi xiang mi chang chu ai de xuan lv hao wu bao liu quan ran shu yu mi cong wo xin shen chu wo jing bai mi zhu wei you mi
UNK-12,PnW,在这里,"神的子民合一聚集，
热切期盼遇见你。
天要敞开，神的道传遍，
因为我们渴慕寻求你。

在这里，在这里，耶稣你现在在这里。
我相信，我相信，喜乐的江河在这里。
荣耀彰显，奇妙神迹将显明，
天上国度降临在这里。

你的灵在这里，这里就有自由，
圣灵自由运行无止尽。
移山倒海信心，坚定不断升起，
期待伟大神做奇妙事。",shen de zi min he yi ju ji re qie qi pan yu jian ni tian yao chang kai shen de dao chuan bian yin wei wo men ke mu xun qiu ni zai zhe li zai zhe li ye su ni xian zai zai zhe li wo xiang xin wo xiang xin xi le de jiang he zai zhe li rong yao zhang xian qi miao shen ji jiang xian ming tian shang guo du jiang lin zai zhe li ni de ling zai zhe li zhe li jiu you zi you sheng ling zi you yun xing wu zhi jin yi shan dao hai xin xin jian ding bu duan sheng qi qi dai wei da shen zuo qi miao shi
UNK-13,Hymn,恩爱救赎主,"各各他山上，悲苦之晨，主憔悴独行，疲倦苦辛；
为救赎罪人，十架牺牲，免人永迷失，大施恩拯。
恩爱救赎主！尊贵救赎主！恍见你躯体，十架上悬挂，
受伤、宝血流，仍为罪人求，不顾诸烦忧，作我赎价。

父啊！赦彼罪。主声祷求，纵使血倾流，不忘拯救；
恳切求父神赦免罪过，惟有主大爱，可救赎我。
恩爱救赎主！尊贵救赎主！恍见你躯体，十架上悬挂，
受伤、宝血流，仍为罪人求，不顾诸烦忧，作我赎价。

我真深爱主，祂是良朋，衷心满感谢，赞美不停；
年年复年年颂主恩典，口舌常赞美，直到永远。
恩爱救赎主！尊贵救赎主！恍见你躯体，十架上悬挂，
受伤、宝血流，仍为罪人求，不顾诸烦忧，作我赎价。",ge ge ta shan shang bei ku zhi chen zhu qiao cui du xing pi juan ku xin wei jiu shu zui ren shi jia xi sheng mian ren yong mi shi da shi en zheng en ai jiu shu zhu zun gui jiu shu zhu huang jian ni qu ti shi jia shang xuan gua shou shang bao xue liu reng wei zui ren qiu bu gu zhu fan you zuo wo shu jia fu a she bi zui zhu sheng dao qiu zong shi xue qing liu bu wang zheng jiu ken qie qiu fu shen she mian zui guo wei you zhu da ai ke jiu shu wo en ai jiu shu zhu zun gui jiu shu zhu huang jian ni qu ti shi jia shang xuan gua shou shang bao xue liu reng wei zui ren qiu bu gu zhu fan you zuo wo shu jia wo zhen shen ai zhu ta shi liang peng zhong xin man gan xie zan mei bu ting nian nian fu nian nian song zhu en dian kou she chang zan mei zhi dao yong yuan en ai jiu shu zhu zun gui jiu shu zhu huang jian ni qu ti shi jia shang xuan gua shou shang bao xue liu reng wei zui ren qiu bu gu zhu fan you zuo wo shu jia
UNK-14,Hymn,可叹我主圣体血流 ,"可叹我主，圣体血流，
为我受死衷痛，
情愿舍命，赎我愆尤，
我仍卑微无用。

在我主，十字架，
我先看主恩光，
罪重担，从我心皆脱落；
在圣架，我信，眼明亮，心安康，
如今，我终日常欢乐。

诚哉救主，因我罪深，
被钉苦架叹息，
莫大恩典，莫大慈心，
无尽无穷爱惜。

真神爱子受人鞭打，
身悬在十字架，
太阳暗藏，如不忍观，
地震如同惊怕。

我虽泪下如雨一般，
主恩不能酬报，
惟有将身，献於主前，
一生遵行主道。",ke tan wo zhu sheng ti xue liu wei wo shou si zhong tong qing yuan she ming shu wo qian you wo reng bei wei wu yong zai wo zhu shi zi jia wo xian kan zhu en guang zui zhong dan cong wo xin jie tuo luo zai sheng jia wo xin yan ming liang xin an kang ru jin wo zhong ri chang huan le cheng zai jiu zhu yin wo zui shen bei ding ku jia tan xi mo da en dian mo da ci xin wu jin wu qiong ai xi zhen shen ai zi shou ren bian da shen xuan zai shi zi jia tai yang an cang ru bu ren guan di zhen ru tong jing pa wo sui lei xia ru yu yi ban zhu en bu neng chou bao wei you jiang shen xian yu zhu qian yi sheng zun xing zhu dao
ZMS-177,Hymn,邦国帝王兴亡代谢,"邦国帝王兴亡代谢
回首如今安在
唯主教会千年一日
祷声依旧不衰

从外看她根基稳固
看她壁垒坚深
从内听她庄严训令
听她不绝歌声

主啊我信圣洁教会
不像世上列邦
教会不怕地震山崩
不怕浪打风狂

教会如同永恒山狱
稳定坚立不移
如同广厦非人所造
如山将满大地",bang guo di wang xing wang dai xie hui shou ru jin an zai wei zhu jiao hui qian nian yi ri dao sheng yi jiu bu shuai cong wai kan ta gen ji wen gu kan ta bi lei jian shen cong nei ting ta zhuang yan xun ling ting ta bu jue ge sheng zhu a wo xin sheng jie jiao hui bu xiang shi shang lie bang jiao hui bu pa di zhen shan beng bu pa lang da feng kuang jiao hui ru tong yong heng shan yu wen ding jian li bu yi ru tong guang sha fei ren suo zao ru shan jiang man da di
UNK-15,PnW,荣美的救主,"耶稣，荣美的救主，复活全能真神，
荣耀君王，神羔羊，圣洁和公义。

尊荣的拯救者，明亮晨星，
天使高声齐颂扬，万物都屈膝来敬拜你，

何等奇妙，何等荣耀，超乎万民之上，配得尊崇，
何等奇妙，何等荣耀，耶稣我主，超乎万名之上，耶稣。

我要永远敬拜，耶稣我爱你，耶稣我爱你。

耶稣，荣美的救主。",ye su rong mei de jiu zhu fu huo quan neng zhen shen rong yao jun wang shen gao yang sheng jie he gong yi zun rong de zheng jiu zhe ming liang chen xing tian shi gao sheng qi song yang wan wu dou qu xi lai jing bai ni he deng qi miao he deng rong yao chao hu wan min zhi shang pei de zun chong he deng qi miao he deng rong yao ye su wo zhu chao hu wan ming zhi shang ye su wo yao yong yuan jing bai ye su wo ai ni ye su wo ai ni ye su rong mei de jiu zhu
UNK-16,PnW,十字架,耶稣背负十架 为我担当过犯毫无保留为我 舍命在十架上祢受鞭伤我得医治 祢受刑罚我得自由释放十字架 十字架 耶稣以爱覆盖我十字架 十字架 祢宝血为我流下十字架 十字架 我得救赎的记号十字架 十字架 是我永远的荣耀十字架 十字架 永是我的荣耀我众罪都洗清洁 唯靠耶稣宝血,ye su bei fu shi jia wei wo dan dang guo fan hao wu bao liu wei wo she ming zai shi jia shang mi shou bian shang wo de yi zhi mi shou xing fa wo de zi you shi fang shi zi jia shi zi jia ye su yi ai fu gai wo shi zi jia shi zi jia mi bao xue wei wo liu xia shi zi jia shi zi jia wo de jiu shu de ji hao shi zi jia shi zi jia shi wo yong yuan de rong yao shi zi jia shi zi jia yong shi wo de rong yao wo zhong zui dou xi qing jie wei kao ye su bao xue
